[2026-07-01T09:09:42.582+0000] {processor.py:186} INFO - Started process (PID=109) to work on /home/airflow/.local/lib/python3.12/site-packages/airflow/example_dags/example_outlet_event_extra.py
[2026-07-01T09:09:42.583+0000] {processor.py:914} INFO - Processing file /home/airflow/.local/lib/python3.12/site-packages/airflow/example_dags/example_outlet_event_extra.py for tasks to queue
[2026-07-01T09:09:42.585+0000] {logging_mixin.py:190} INFO - [2026-07-01T09:09:42.585+0000] {dagbag.py:587} INFO - Filling up the DagBag from /home/airflow/.local/lib/python3.12/site-packages/airflow/example_dags/example_outlet_event_extra.py
[2026-07-01T09:09:42.690+0000] {processor.py:925} INFO - DAG(s) 'dataset_with_extra_by_yield', 'dataset_with_extra_by_context', 'dataset_with_extra_from_classic_operator' retrieved from /home/airflow/.local/lib/python3.12/site-packages/airflow/example_dags/example_outlet_event_extra.py
[2026-07-01T09:09:42.775+0000] {logging_mixin.py:190} INFO - [2026-07-01T09:09:42.774+0000] {override.py:1858} INFO - Created Permission View: can read on DAG:dataset_with_extra_by_yield
[2026-07-01T09:09:42.782+0000] {logging_mixin.py:190} INFO - [2026-07-01T09:09:42.782+0000] {override.py:1858} INFO - Created Permission View: can delete on DAG:dataset_with_extra_by_yield
[2026-07-01T09:09:42.788+0000] {logging_mixin.py:190} INFO - [2026-07-01T09:09:42.788+0000] {override.py:1858} INFO - Created Permission View: can edit on DAG:dataset_with_extra_by_yield
[2026-07-01T09:09:42.801+0000] {logging_mixin.py:190} INFO - [2026-07-01T09:09:42.800+0000] {override.py:1858} INFO - Created Permission View: can read on DAG:dataset_with_extra_by_context
[2026-07-01T09:09:42.807+0000] {logging_mixin.py:190} INFO - [2026-07-01T09:09:42.807+0000] {override.py:1858} INFO - Created Permission View: can delete on DAG:dataset_with_extra_by_context
[2026-07-01T09:09:42.813+0000] {logging_mixin.py:190} INFO - [2026-07-01T09:09:42.812+0000] {override.py:1858} INFO - Created Permission View: can edit on DAG:dataset_with_extra_by_context
[2026-07-01T09:09:42.825+0000] {logging_mixin.py:190} INFO - [2026-07-01T09:09:42.824+0000] {override.py:1858} INFO - Created Permission View: can read on DAG:dataset_with_extra_from_classic_operator
[2026-07-01T09:09:42.831+0000] {logging_mixin.py:190} INFO - [2026-07-01T09:09:42.830+0000] {override.py:1858} INFO - Created Permission View: can delete on DAG:dataset_with_extra_from_classic_operator
[2026-07-01T09:09:42.837+0000] {logging_mixin.py:190} INFO - [2026-07-01T09:09:42.837+0000] {override.py:1858} INFO - Created Permission View: can edit on DAG:dataset_with_extra_from_classic_operator
[2026-07-01T09:09:42.838+0000] {logging_mixin.py:190} INFO - [2026-07-01T09:09:42.838+0000] {dag.py:3211} INFO - Sync 3 DAGs
[2026-07-01T09:09:42.852+0000] {logging_mixin.py:190} INFO - [2026-07-01T09:09:42.852+0000] {dag.py:3234} INFO - Creating ORM DAG for dataset_with_extra_by_yield
[2026-07-01T09:09:42.854+0000] {logging_mixin.py:190} INFO - [2026-07-01T09:09:42.853+0000] {dag.py:3234} INFO - Creating ORM DAG for dataset_with_extra_from_classic_operator
[2026-07-01T09:09:42.855+0000] {logging_mixin.py:190} INFO - [2026-07-01T09:09:42.854+0000] {dag.py:3234} INFO - Creating ORM DAG for dataset_with_extra_by_context
[2026-07-01T09:09:42.865+0000] {logging_mixin.py:190} INFO - [2026-07-01T09:09:42.865+0000] {dag.py:4138} INFO - Setting next_dagrun for dataset_with_extra_by_context to 2026-06-30 00:00:00+00:00, run_after=2026-07-01 00:00:00+00:00
[2026-07-01T09:09:42.867+0000] {logging_mixin.py:190} INFO - [2026-07-01T09:09:42.867+0000] {dag.py:4138} INFO - Setting next_dagrun for dataset_with_extra_by_yield to 2026-06-30 00:00:00+00:00, run_after=2026-07-01 00:00:00+00:00
[2026-07-01T09:09:42.869+0000] {logging_mixin.py:190} INFO - [2026-07-01T09:09:42.868+0000] {dag.py:4138} INFO - Setting next_dagrun for dataset_with_extra_from_classic_operator to 2026-06-30 00:00:00+00:00, run_after=2026-07-01 00:00:00+00:00
[2026-07-01T09:09:42.893+0000] {processor.py:208} INFO - Processing /home/airflow/.local/lib/python3.12/site-packages/airflow/example_dags/example_outlet_event_extra.py took 0.315 seconds
[2026-07-01T09:10:13.465+0000] {processor.py:186} INFO - Started process (PID=171) to work on /home/airflow/.local/lib/python3.12/site-packages/airflow/example_dags/example_outlet_event_extra.py
[2026-07-01T09:10:13.466+0000] {processor.py:914} INFO - Processing file /home/airflow/.local/lib/python3.12/site-packages/airflow/example_dags/example_outlet_event_extra.py for tasks to queue
[2026-07-01T09:10:13.468+0000] {logging_mixin.py:190} INFO - [2026-07-01T09:10:13.468+0000] {dagbag.py:587} INFO - Filling up the DagBag from /home/airflow/.local/lib/python3.12/site-packages/airflow/example_dags/example_outlet_event_extra.py
[2026-07-01T09:10:13.566+0000] {processor.py:925} INFO - DAG(s) 'dataset_with_extra_from_classic_operator', 'dataset_with_extra_by_context', 'dataset_with_extra_by_yield' retrieved from /home/airflow/.local/lib/python3.12/site-packages/airflow/example_dags/example_outlet_event_extra.py
[2026-07-01T09:10:13.583+0000] {logging_mixin.py:190} INFO - [2026-07-01T09:10:13.582+0000] {dag.py:3211} INFO - Sync 3 DAGs
[2026-07-01T09:10:13.599+0000] {logging_mixin.py:190} INFO - [2026-07-01T09:10:13.599+0000] {dag.py:4138} INFO - Setting next_dagrun for dataset_with_extra_by_context to 2026-06-30 00:00:00+00:00, run_after=2026-07-01 00:00:00+00:00
[2026-07-01T09:10:13.602+0000] {logging_mixin.py:190} INFO - [2026-07-01T09:10:13.602+0000] {dag.py:4138} INFO - Setting next_dagrun for dataset_with_extra_by_yield to 2026-06-30 00:00:00+00:00, run_after=2026-07-01 00:00:00+00:00
[2026-07-01T09:10:13.603+0000] {logging_mixin.py:190} INFO - [2026-07-01T09:10:13.603+0000] {dag.py:4138} INFO - Setting next_dagrun for dataset_with_extra_from_classic_operator to 2026-06-30 00:00:00+00:00, run_after=2026-07-01 00:00:00+00:00
[2026-07-01T09:10:13.617+0000] {processor.py:208} INFO - Processing /home/airflow/.local/lib/python3.12/site-packages/airflow/example_dags/example_outlet_event_extra.py took 0.156 seconds
[2026-07-01T09:10:43.722+0000] {processor.py:186} INFO - Started process (PID=234) to work on /home/airflow/.local/lib/python3.12/site-packages/airflow/example_dags/example_outlet_event_extra.py
[2026-07-01T09:10:43.723+0000] {processor.py:914} INFO - Processing file /home/airflow/.local/lib/python3.12/site-packages/airflow/example_dags/example_outlet_event_extra.py for tasks to queue
[2026-07-01T09:10:43.725+0000] {logging_mixin.py:190} INFO - [2026-07-01T09:10:43.724+0000] {dagbag.py:587} INFO - Filling up the DagBag from /home/airflow/.local/lib/python3.12/site-packages/airflow/example_dags/example_outlet_event_extra.py
[2026-07-01T09:10:43.829+0000] {processor.py:925} INFO - DAG(s) 'dataset_with_extra_from_classic_operator', 'dataset_with_extra_by_context', 'dataset_with_extra_by_yield' retrieved from /home/airflow/.local/lib/python3.12/site-packages/airflow/example_dags/example_outlet_event_extra.py
[2026-07-01T09:10:43.851+0000] {logging_mixin.py:190} INFO - [2026-07-01T09:10:43.851+0000] {dag.py:3211} INFO - Sync 3 DAGs
[2026-07-01T09:10:43.872+0000] {logging_mixin.py:190} INFO - [2026-07-01T09:10:43.872+0000] {dag.py:4138} INFO - Setting next_dagrun for dataset_with_extra_by_context to 2026-06-30 00:00:00+00:00, run_after=2026-07-01 00:00:00+00:00
[2026-07-01T09:10:43.875+0000] {logging_mixin.py:190} INFO - [2026-07-01T09:10:43.875+0000] {dag.py:4138} INFO - Setting next_dagrun for dataset_with_extra_by_yield to 2026-06-30 00:00:00+00:00, run_after=2026-07-01 00:00:00+00:00
[2026-07-01T09:10:43.877+0000] {logging_mixin.py:190} INFO - [2026-07-01T09:10:43.877+0000] {dag.py:4138} INFO - Setting next_dagrun for dataset_with_extra_from_classic_operator to 2026-06-30 00:00:00+00:00, run_after=2026-07-01 00:00:00+00:00
[2026-07-01T09:10:43.895+0000] {processor.py:208} INFO - Processing /home/airflow/.local/lib/python3.12/site-packages/airflow/example_dags/example_outlet_event_extra.py took 0.177 seconds
[2026-07-01T09:11:14.040+0000] {processor.py:186} INFO - Started process (PID=297) to work on /home/airflow/.local/lib/python3.12/site-packages/airflow/example_dags/example_outlet_event_extra.py
[2026-07-01T09:11:14.042+0000] {processor.py:914} INFO - Processing file /home/airflow/.local/lib/python3.12/site-packages/airflow/example_dags/example_outlet_event_extra.py for tasks to queue
[2026-07-01T09:11:14.044+0000] {logging_mixin.py:190} INFO - [2026-07-01T09:11:14.044+0000] {dagbag.py:587} INFO - Filling up the DagBag from /home/airflow/.local/lib/python3.12/site-packages/airflow/example_dags/example_outlet_event_extra.py
[2026-07-01T09:11:14.137+0000] {processor.py:925} INFO - DAG(s) 'dataset_with_extra_by_yield', 'dataset_with_extra_from_classic_operator', 'dataset_with_extra_by_context' retrieved from /home/airflow/.local/lib/python3.12/site-packages/airflow/example_dags/example_outlet_event_extra.py
[2026-07-01T09:11:14.156+0000] {logging_mixin.py:190} INFO - [2026-07-01T09:11:14.156+0000] {dag.py:3211} INFO - Sync 3 DAGs
[2026-07-01T09:11:14.172+0000] {logging_mixin.py:190} INFO - [2026-07-01T09:11:14.172+0000] {dag.py:4138} INFO - Setting next_dagrun for dataset_with_extra_by_context to 2026-06-30 00:00:00+00:00, run_after=2026-07-01 00:00:00+00:00
[2026-07-01T09:11:14.175+0000] {logging_mixin.py:190} INFO - [2026-07-01T09:11:14.175+0000] {dag.py:4138} INFO - Setting next_dagrun for dataset_with_extra_by_yield to 2026-06-30 00:00:00+00:00, run_after=2026-07-01 00:00:00+00:00
[2026-07-01T09:11:14.178+0000] {logging_mixin.py:190} INFO - [2026-07-01T09:11:14.177+0000] {dag.py:4138} INFO - Setting next_dagrun for dataset_with_extra_from_classic_operator to 2026-06-30 00:00:00+00:00, run_after=2026-07-01 00:00:00+00:00
[2026-07-01T09:11:14.194+0000] {processor.py:208} INFO - Processing /home/airflow/.local/lib/python3.12/site-packages/airflow/example_dags/example_outlet_event_extra.py took 0.159 seconds
[2026-07-01T09:11:44.414+0000] {processor.py:186} INFO - Started process (PID=358) to work on /home/airflow/.local/lib/python3.12/site-packages/airflow/example_dags/example_outlet_event_extra.py
[2026-07-01T09:11:44.415+0000] {processor.py:914} INFO - Processing file /home/airflow/.local/lib/python3.12/site-packages/airflow/example_dags/example_outlet_event_extra.py for tasks to queue
[2026-07-01T09:11:44.416+0000] {logging_mixin.py:190} INFO - [2026-07-01T09:11:44.416+0000] {dagbag.py:587} INFO - Filling up the DagBag from /home/airflow/.local/lib/python3.12/site-packages/airflow/example_dags/example_outlet_event_extra.py
[2026-07-01T09:11:44.506+0000] {processor.py:925} INFO - DAG(s) 'dataset_with_extra_by_yield', 'dataset_with_extra_by_context', 'dataset_with_extra_from_classic_operator' retrieved from /home/airflow/.local/lib/python3.12/site-packages/airflow/example_dags/example_outlet_event_extra.py
[2026-07-01T09:11:44.527+0000] {logging_mixin.py:190} INFO - [2026-07-01T09:11:44.526+0000] {dag.py:3211} INFO - Sync 3 DAGs
[2026-07-01T09:11:44.546+0000] {logging_mixin.py:190} INFO - [2026-07-01T09:11:44.546+0000] {dag.py:4138} INFO - Setting next_dagrun for dataset_with_extra_by_context to 2026-06-30 00:00:00+00:00, run_after=2026-07-01 00:00:00+00:00
[2026-07-01T09:11:44.549+0000] {logging_mixin.py:190} INFO - [2026-07-01T09:11:44.549+0000] {dag.py:4138} INFO - Setting next_dagrun for dataset_with_extra_by_yield to 2026-06-30 00:00:00+00:00, run_after=2026-07-01 00:00:00+00:00
[2026-07-01T09:11:44.551+0000] {logging_mixin.py:190} INFO - [2026-07-01T09:11:44.551+0000] {dag.py:4138} INFO - Setting next_dagrun for dataset_with_extra_from_classic_operator to 2026-06-30 00:00:00+00:00, run_after=2026-07-01 00:00:00+00:00
[2026-07-01T09:11:44.567+0000] {processor.py:208} INFO - Processing /home/airflow/.local/lib/python3.12/site-packages/airflow/example_dags/example_outlet_event_extra.py took 0.157 seconds
[2026-07-01T09:12:14.725+0000] {processor.py:186} INFO - Started process (PID=420) to work on /home/airflow/.local/lib/python3.12/site-packages/airflow/example_dags/example_outlet_event_extra.py
[2026-07-01T09:12:14.726+0000] {processor.py:914} INFO - Processing file /home/airflow/.local/lib/python3.12/site-packages/airflow/example_dags/example_outlet_event_extra.py for tasks to queue
[2026-07-01T09:12:14.729+0000] {logging_mixin.py:190} INFO - [2026-07-01T09:12:14.728+0000] {dagbag.py:587} INFO - Filling up the DagBag from /home/airflow/.local/lib/python3.12/site-packages/airflow/example_dags/example_outlet_event_extra.py
[2026-07-01T09:12:14.865+0000] {processor.py:925} INFO - DAG(s) 'dataset_with_extra_by_yield', 'dataset_with_extra_by_context', 'dataset_with_extra_from_classic_operator' retrieved from /home/airflow/.local/lib/python3.12/site-packages/airflow/example_dags/example_outlet_event_extra.py
[2026-07-01T09:12:14.904+0000] {logging_mixin.py:190} INFO - [2026-07-01T09:12:14.903+0000] {dag.py:3211} INFO - Sync 3 DAGs
[2026-07-01T09:12:14.940+0000] {logging_mixin.py:190} INFO - [2026-07-01T09:12:14.940+0000] {dag.py:4138} INFO - Setting next_dagrun for dataset_with_extra_by_context to 2026-06-30 00:00:00+00:00, run_after=2026-07-01 00:00:00+00:00
[2026-07-01T09:12:14.946+0000] {logging_mixin.py:190} INFO - [2026-07-01T09:12:14.945+0000] {dag.py:4138} INFO - Setting next_dagrun for dataset_with_extra_by_yield to 2026-06-30 00:00:00+00:00, run_after=2026-07-01 00:00:00+00:00
[2026-07-01T09:12:14.948+0000] {logging_mixin.py:190} INFO - [2026-07-01T09:12:14.948+0000] {dag.py:4138} INFO - Setting next_dagrun for dataset_with_extra_from_classic_operator to 2026-06-30 00:00:00+00:00, run_after=2026-07-01 00:00:00+00:00
[2026-07-01T09:12:14.978+0000] {processor.py:208} INFO - Processing /home/airflow/.local/lib/python3.12/site-packages/airflow/example_dags/example_outlet_event_extra.py took 0.258 seconds
[2026-07-01T09:12:45.139+0000] {processor.py:186} INFO - Started process (PID=482) to work on /home/airflow/.local/lib/python3.12/site-packages/airflow/example_dags/example_outlet_event_extra.py
[2026-07-01T09:12:45.140+0000] {processor.py:914} INFO - Processing file /home/airflow/.local/lib/python3.12/site-packages/airflow/example_dags/example_outlet_event_extra.py for tasks to queue
[2026-07-01T09:12:45.142+0000] {logging_mixin.py:190} INFO - [2026-07-01T09:12:45.142+0000] {dagbag.py:587} INFO - Filling up the DagBag from /home/airflow/.local/lib/python3.12/site-packages/airflow/example_dags/example_outlet_event_extra.py
[2026-07-01T09:12:45.237+0000] {processor.py:925} INFO - DAG(s) 'dataset_with_extra_from_classic_operator', 'dataset_with_extra_by_yield', 'dataset_with_extra_by_context' retrieved from /home/airflow/.local/lib/python3.12/site-packages/airflow/example_dags/example_outlet_event_extra.py
[2026-07-01T09:12:45.254+0000] {logging_mixin.py:190} INFO - [2026-07-01T09:12:45.254+0000] {dag.py:3211} INFO - Sync 3 DAGs
[2026-07-01T09:12:45.273+0000] {logging_mixin.py:190} INFO - [2026-07-01T09:12:45.273+0000] {dag.py:4138} INFO - Setting next_dagrun for dataset_with_extra_by_context to 2026-06-30 00:00:00+00:00, run_after=2026-07-01 00:00:00+00:00
[2026-07-01T09:12:45.277+0000] {logging_mixin.py:190} INFO - [2026-07-01T09:12:45.277+0000] {dag.py:4138} INFO - Setting next_dagrun for dataset_with_extra_by_yield to 2026-06-30 00:00:00+00:00, run_after=2026-07-01 00:00:00+00:00
[2026-07-01T09:12:45.278+0000] {logging_mixin.py:190} INFO - [2026-07-01T09:12:45.278+0000] {dag.py:4138} INFO - Setting next_dagrun for dataset_with_extra_from_classic_operator to 2026-06-30 00:00:00+00:00, run_after=2026-07-01 00:00:00+00:00
[2026-07-01T09:12:45.295+0000] {processor.py:208} INFO - Processing /home/airflow/.local/lib/python3.12/site-packages/airflow/example_dags/example_outlet_event_extra.py took 0.160 seconds
[2026-07-01T09:13:15.597+0000] {processor.py:186} INFO - Started process (PID=545) to work on /home/airflow/.local/lib/python3.12/site-packages/airflow/example_dags/example_outlet_event_extra.py
[2026-07-01T09:13:15.598+0000] {processor.py:914} INFO - Processing file /home/airflow/.local/lib/python3.12/site-packages/airflow/example_dags/example_outlet_event_extra.py for tasks to queue
[2026-07-01T09:13:15.600+0000] {logging_mixin.py:190} INFO - [2026-07-01T09:13:15.600+0000] {dagbag.py:587} INFO - Filling up the DagBag from /home/airflow/.local/lib/python3.12/site-packages/airflow/example_dags/example_outlet_event_extra.py
[2026-07-01T09:13:15.688+0000] {processor.py:925} INFO - DAG(s) 'dataset_with_extra_from_classic_operator', 'dataset_with_extra_by_context', 'dataset_with_extra_by_yield' retrieved from /home/airflow/.local/lib/python3.12/site-packages/airflow/example_dags/example_outlet_event_extra.py
[2026-07-01T09:13:15.704+0000] {logging_mixin.py:190} INFO - [2026-07-01T09:13:15.704+0000] {dag.py:3211} INFO - Sync 3 DAGs
[2026-07-01T09:13:15.720+0000] {logging_mixin.py:190} INFO - [2026-07-01T09:13:15.719+0000] {dag.py:4138} INFO - Setting next_dagrun for dataset_with_extra_by_context to 2026-06-30 00:00:00+00:00, run_after=2026-07-01 00:00:00+00:00
[2026-07-01T09:13:15.723+0000] {logging_mixin.py:190} INFO - [2026-07-01T09:13:15.722+0000] {dag.py:4138} INFO - Setting next_dagrun for dataset_with_extra_by_yield to 2026-06-30 00:00:00+00:00, run_after=2026-07-01 00:00:00+00:00
[2026-07-01T09:13:15.724+0000] {logging_mixin.py:190} INFO - [2026-07-01T09:13:15.724+0000] {dag.py:4138} INFO - Setting next_dagrun for dataset_with_extra_from_classic_operator to 2026-06-30 00:00:00+00:00, run_after=2026-07-01 00:00:00+00:00
[2026-07-01T09:13:15.738+0000] {processor.py:208} INFO - Processing /home/airflow/.local/lib/python3.12/site-packages/airflow/example_dags/example_outlet_event_extra.py took 0.145 seconds
[2026-07-01T09:13:46.477+0000] {processor.py:186} INFO - Started process (PID=605) to work on /home/airflow/.local/lib/python3.12/site-packages/airflow/example_dags/example_outlet_event_extra.py
[2026-07-01T09:13:46.478+0000] {processor.py:914} INFO - Processing file /home/airflow/.local/lib/python3.12/site-packages/airflow/example_dags/example_outlet_event_extra.py for tasks to queue
[2026-07-01T09:13:46.480+0000] {logging_mixin.py:190} INFO - [2026-07-01T09:13:46.479+0000] {dagbag.py:587} INFO - Filling up the DagBag from /home/airflow/.local/lib/python3.12/site-packages/airflow/example_dags/example_outlet_event_extra.py
[2026-07-01T09:13:46.583+0000] {processor.py:925} INFO - DAG(s) 'dataset_with_extra_by_yield', 'dataset_with_extra_by_context', 'dataset_with_extra_from_classic_operator' retrieved from /home/airflow/.local/lib/python3.12/site-packages/airflow/example_dags/example_outlet_event_extra.py
[2026-07-01T09:13:46.605+0000] {logging_mixin.py:190} INFO - [2026-07-01T09:13:46.605+0000] {dag.py:3211} INFO - Sync 3 DAGs
[2026-07-01T09:13:46.623+0000] {logging_mixin.py:190} INFO - [2026-07-01T09:13:46.623+0000] {dag.py:4138} INFO - Setting next_dagrun for dataset_with_extra_by_context to 2026-06-30 00:00:00+00:00, run_after=2026-07-01 00:00:00+00:00
[2026-07-01T09:13:46.627+0000] {logging_mixin.py:190} INFO - [2026-07-01T09:13:46.627+0000] {dag.py:4138} INFO - Setting next_dagrun for dataset_with_extra_by_yield to 2026-06-30 00:00:00+00:00, run_after=2026-07-01 00:00:00+00:00
[2026-07-01T09:13:46.631+0000] {logging_mixin.py:190} INFO - [2026-07-01T09:13:46.631+0000] {dag.py:4138} INFO - Setting next_dagrun for dataset_with_extra_from_classic_operator to 2026-06-30 00:00:00+00:00, run_after=2026-07-01 00:00:00+00:00
[2026-07-01T09:13:46.649+0000] {processor.py:208} INFO - Processing /home/airflow/.local/lib/python3.12/site-packages/airflow/example_dags/example_outlet_event_extra.py took 0.176 seconds
[2026-07-01T09:14:16.727+0000] {processor.py:186} INFO - Started process (PID=667) to work on /home/airflow/.local/lib/python3.12/site-packages/airflow/example_dags/example_outlet_event_extra.py
[2026-07-01T09:14:16.728+0000] {processor.py:914} INFO - Processing file /home/airflow/.local/lib/python3.12/site-packages/airflow/example_dags/example_outlet_event_extra.py for tasks to queue
[2026-07-01T09:14:16.730+0000] {logging_mixin.py:190} INFO - [2026-07-01T09:14:16.730+0000] {dagbag.py:587} INFO - Filling up the DagBag from /home/airflow/.local/lib/python3.12/site-packages/airflow/example_dags/example_outlet_event_extra.py
[2026-07-01T09:14:16.832+0000] {processor.py:925} INFO - DAG(s) 'dataset_with_extra_from_classic_operator', 'dataset_with_extra_by_yield', 'dataset_with_extra_by_context' retrieved from /home/airflow/.local/lib/python3.12/site-packages/airflow/example_dags/example_outlet_event_extra.py
[2026-07-01T09:14:16.851+0000] {logging_mixin.py:190} INFO - [2026-07-01T09:14:16.851+0000] {dag.py:3211} INFO - Sync 3 DAGs
[2026-07-01T09:14:16.868+0000] {logging_mixin.py:190} INFO - [2026-07-01T09:14:16.868+0000] {dag.py:4138} INFO - Setting next_dagrun for dataset_with_extra_by_context to 2026-06-30 00:00:00+00:00, run_after=2026-07-01 00:00:00+00:00
[2026-07-01T09:14:16.872+0000] {logging_mixin.py:190} INFO - [2026-07-01T09:14:16.871+0000] {dag.py:4138} INFO - Setting next_dagrun for dataset_with_extra_by_yield to 2026-06-30 00:00:00+00:00, run_after=2026-07-01 00:00:00+00:00
[2026-07-01T09:14:16.874+0000] {logging_mixin.py:190} INFO - [2026-07-01T09:14:16.874+0000] {dag.py:4138} INFO - Setting next_dagrun for dataset_with_extra_from_classic_operator to 2026-06-30 00:00:00+00:00, run_after=2026-07-01 00:00:00+00:00
[2026-07-01T09:14:16.888+0000] {processor.py:208} INFO - Processing /home/airflow/.local/lib/python3.12/site-packages/airflow/example_dags/example_outlet_event_extra.py took 0.166 seconds
[2026-07-01T09:14:47.779+0000] {processor.py:186} INFO - Started process (PID=729) to work on /home/airflow/.local/lib/python3.12/site-packages/airflow/example_dags/example_outlet_event_extra.py
[2026-07-01T09:14:47.780+0000] {processor.py:914} INFO - Processing file /home/airflow/.local/lib/python3.12/site-packages/airflow/example_dags/example_outlet_event_extra.py for tasks to queue
[2026-07-01T09:14:47.781+0000] {logging_mixin.py:190} INFO - [2026-07-01T09:14:47.781+0000] {dagbag.py:587} INFO - Filling up the DagBag from /home/airflow/.local/lib/python3.12/site-packages/airflow/example_dags/example_outlet_event_extra.py
[2026-07-01T09:14:47.872+0000] {processor.py:925} INFO - DAG(s) 'dataset_with_extra_by_yield', 'dataset_with_extra_by_context', 'dataset_with_extra_from_classic_operator' retrieved from /home/airflow/.local/lib/python3.12/site-packages/airflow/example_dags/example_outlet_event_extra.py
[2026-07-01T09:14:47.887+0000] {logging_mixin.py:190} INFO - [2026-07-01T09:14:47.887+0000] {dag.py:3211} INFO - Sync 3 DAGs
[2026-07-01T09:14:47.902+0000] {logging_mixin.py:190} INFO - [2026-07-01T09:14:47.902+0000] {dag.py:4138} INFO - Setting next_dagrun for dataset_with_extra_by_context to 2026-06-30 00:00:00+00:00, run_after=2026-07-01 00:00:00+00:00
[2026-07-01T09:14:47.905+0000] {logging_mixin.py:190} INFO - [2026-07-01T09:14:47.905+0000] {dag.py:4138} INFO - Setting next_dagrun for dataset_with_extra_by_yield to 2026-06-30 00:00:00+00:00, run_after=2026-07-01 00:00:00+00:00
[2026-07-01T09:14:47.906+0000] {logging_mixin.py:190} INFO - [2026-07-01T09:14:47.906+0000] {dag.py:4138} INFO - Setting next_dagrun for dataset_with_extra_from_classic_operator to 2026-06-30 00:00:00+00:00, run_after=2026-07-01 00:00:00+00:00
[2026-07-01T09:14:47.919+0000] {processor.py:208} INFO - Processing /home/airflow/.local/lib/python3.12/site-packages/airflow/example_dags/example_outlet_event_extra.py took 0.144 seconds
[2026-07-01T09:15:18.633+0000] {processor.py:186} INFO - Started process (PID=791) to work on /home/airflow/.local/lib/python3.12/site-packages/airflow/example_dags/example_outlet_event_extra.py
[2026-07-01T09:15:18.633+0000] {processor.py:914} INFO - Processing file /home/airflow/.local/lib/python3.12/site-packages/airflow/example_dags/example_outlet_event_extra.py for tasks to queue
[2026-07-01T09:15:18.635+0000] {logging_mixin.py:190} INFO - [2026-07-01T09:15:18.635+0000] {dagbag.py:587} INFO - Filling up the DagBag from /home/airflow/.local/lib/python3.12/site-packages/airflow/example_dags/example_outlet_event_extra.py
[2026-07-01T09:15:18.728+0000] {processor.py:925} INFO - DAG(s) 'dataset_with_extra_by_yield', 'dataset_with_extra_from_classic_operator', 'dataset_with_extra_by_context' retrieved from /home/airflow/.local/lib/python3.12/site-packages/airflow/example_dags/example_outlet_event_extra.py
[2026-07-01T09:15:18.747+0000] {logging_mixin.py:190} INFO - [2026-07-01T09:15:18.747+0000] {dag.py:3211} INFO - Sync 3 DAGs
[2026-07-01T09:15:18.763+0000] {logging_mixin.py:190} INFO - [2026-07-01T09:15:18.763+0000] {dag.py:4138} INFO - Setting next_dagrun for dataset_with_extra_by_context to 2026-06-30 00:00:00+00:00, run_after=2026-07-01 00:00:00+00:00
[2026-07-01T09:15:18.766+0000] {logging_mixin.py:190} INFO - [2026-07-01T09:15:18.766+0000] {dag.py:4138} INFO - Setting next_dagrun for dataset_with_extra_by_yield to 2026-06-30 00:00:00+00:00, run_after=2026-07-01 00:00:00+00:00
[2026-07-01T09:15:18.767+0000] {logging_mixin.py:190} INFO - [2026-07-01T09:15:18.767+0000] {dag.py:4138} INFO - Setting next_dagrun for dataset_with_extra_from_classic_operator to 2026-06-30 00:00:00+00:00, run_after=2026-07-01 00:00:00+00:00
[2026-07-01T09:15:18.780+0000] {processor.py:208} INFO - Processing /home/airflow/.local/lib/python3.12/site-packages/airflow/example_dags/example_outlet_event_extra.py took 0.152 seconds
[2026-07-01T09:15:48.811+0000] {processor.py:186} INFO - Started process (PID=854) to work on /home/airflow/.local/lib/python3.12/site-packages/airflow/example_dags/example_outlet_event_extra.py
[2026-07-01T09:15:48.812+0000] {processor.py:914} INFO - Processing file /home/airflow/.local/lib/python3.12/site-packages/airflow/example_dags/example_outlet_event_extra.py for tasks to queue
[2026-07-01T09:15:48.814+0000] {logging_mixin.py:190} INFO - [2026-07-01T09:15:48.814+0000] {dagbag.py:587} INFO - Filling up the DagBag from /home/airflow/.local/lib/python3.12/site-packages/airflow/example_dags/example_outlet_event_extra.py
[2026-07-01T09:15:48.917+0000] {processor.py:925} INFO - DAG(s) 'dataset_with_extra_by_yield', 'dataset_with_extra_from_classic_operator', 'dataset_with_extra_by_context' retrieved from /home/airflow/.local/lib/python3.12/site-packages/airflow/example_dags/example_outlet_event_extra.py
[2026-07-01T09:15:48.940+0000] {logging_mixin.py:190} INFO - [2026-07-01T09:15:48.940+0000] {dag.py:3211} INFO - Sync 3 DAGs
[2026-07-01T09:15:48.958+0000] {logging_mixin.py:190} INFO - [2026-07-01T09:15:48.958+0000] {dag.py:4138} INFO - Setting next_dagrun for dataset_with_extra_by_context to 2026-06-30 00:00:00+00:00, run_after=2026-07-01 00:00:00+00:00
[2026-07-01T09:15:48.961+0000] {logging_mixin.py:190} INFO - [2026-07-01T09:15:48.961+0000] {dag.py:4138} INFO - Setting next_dagrun for dataset_with_extra_by_yield to 2026-06-30 00:00:00+00:00, run_after=2026-07-01 00:00:00+00:00
[2026-07-01T09:15:48.963+0000] {logging_mixin.py:190} INFO - [2026-07-01T09:15:48.963+0000] {dag.py:4138} INFO - Setting next_dagrun for dataset_with_extra_from_classic_operator to 2026-06-30 00:00:00+00:00, run_after=2026-07-01 00:00:00+00:00
[2026-07-01T09:15:48.979+0000] {processor.py:208} INFO - Processing /home/airflow/.local/lib/python3.12/site-packages/airflow/example_dags/example_outlet_event_extra.py took 0.171 seconds
[2026-07-01T09:16:19.083+0000] {processor.py:186} INFO - Started process (PID=917) to work on /home/airflow/.local/lib/python3.12/site-packages/airflow/example_dags/example_outlet_event_extra.py
[2026-07-01T09:16:19.084+0000] {processor.py:914} INFO - Processing file /home/airflow/.local/lib/python3.12/site-packages/airflow/example_dags/example_outlet_event_extra.py for tasks to queue
[2026-07-01T09:16:19.086+0000] {logging_mixin.py:190} INFO - [2026-07-01T09:16:19.086+0000] {dagbag.py:587} INFO - Filling up the DagBag from /home/airflow/.local/lib/python3.12/site-packages/airflow/example_dags/example_outlet_event_extra.py
[2026-07-01T09:16:19.187+0000] {processor.py:925} INFO - DAG(s) 'dataset_with_extra_by_context', 'dataset_with_extra_by_yield', 'dataset_with_extra_from_classic_operator' retrieved from /home/airflow/.local/lib/python3.12/site-packages/airflow/example_dags/example_outlet_event_extra.py
[2026-07-01T09:16:19.211+0000] {logging_mixin.py:190} INFO - [2026-07-01T09:16:19.211+0000] {dag.py:3211} INFO - Sync 3 DAGs
[2026-07-01T09:16:19.234+0000] {logging_mixin.py:190} INFO - [2026-07-01T09:16:19.234+0000] {dag.py:4138} INFO - Setting next_dagrun for dataset_with_extra_by_context to 2026-06-30 00:00:00+00:00, run_after=2026-07-01 00:00:00+00:00
[2026-07-01T09:16:19.237+0000] {logging_mixin.py:190} INFO - [2026-07-01T09:16:19.237+0000] {dag.py:4138} INFO - Setting next_dagrun for dataset_with_extra_by_yield to 2026-06-30 00:00:00+00:00, run_after=2026-07-01 00:00:00+00:00
[2026-07-01T09:16:19.239+0000] {logging_mixin.py:190} INFO - [2026-07-01T09:16:19.239+0000] {dag.py:4138} INFO - Setting next_dagrun for dataset_with_extra_from_classic_operator to 2026-06-30 00:00:00+00:00, run_after=2026-07-01 00:00:00+00:00
[2026-07-01T09:16:19.254+0000] {processor.py:208} INFO - Processing /home/airflow/.local/lib/python3.12/site-packages/airflow/example_dags/example_outlet_event_extra.py took 0.176 seconds
[2026-07-01T09:16:49.282+0000] {processor.py:186} INFO - Started process (PID=981) to work on /home/airflow/.local/lib/python3.12/site-packages/airflow/example_dags/example_outlet_event_extra.py
[2026-07-01T09:16:49.283+0000] {processor.py:914} INFO - Processing file /home/airflow/.local/lib/python3.12/site-packages/airflow/example_dags/example_outlet_event_extra.py for tasks to queue
[2026-07-01T09:16:49.285+0000] {logging_mixin.py:190} INFO - [2026-07-01T09:16:49.285+0000] {dagbag.py:587} INFO - Filling up the DagBag from /home/airflow/.local/lib/python3.12/site-packages/airflow/example_dags/example_outlet_event_extra.py
[2026-07-01T09:16:49.377+0000] {processor.py:925} INFO - DAG(s) 'dataset_with_extra_by_context', 'dataset_with_extra_by_yield', 'dataset_with_extra_from_classic_operator' retrieved from /home/airflow/.local/lib/python3.12/site-packages/airflow/example_dags/example_outlet_event_extra.py
[2026-07-01T09:16:49.394+0000] {logging_mixin.py:190} INFO - [2026-07-01T09:16:49.394+0000] {dag.py:3211} INFO - Sync 3 DAGs
[2026-07-01T09:16:49.412+0000] {logging_mixin.py:190} INFO - [2026-07-01T09:16:49.412+0000] {dag.py:4138} INFO - Setting next_dagrun for dataset_with_extra_by_context to 2026-06-30 00:00:00+00:00, run_after=2026-07-01 00:00:00+00:00
[2026-07-01T09:16:49.415+0000] {logging_mixin.py:190} INFO - [2026-07-01T09:16:49.415+0000] {dag.py:4138} INFO - Setting next_dagrun for dataset_with_extra_by_yield to 2026-06-30 00:00:00+00:00, run_after=2026-07-01 00:00:00+00:00
[2026-07-01T09:16:49.417+0000] {logging_mixin.py:190} INFO - [2026-07-01T09:16:49.417+0000] {dag.py:4138} INFO - Setting next_dagrun for dataset_with_extra_from_classic_operator to 2026-06-30 00:00:00+00:00, run_after=2026-07-01 00:00:00+00:00
[2026-07-01T09:16:49.431+0000] {processor.py:208} INFO - Processing /home/airflow/.local/lib/python3.12/site-packages/airflow/example_dags/example_outlet_event_extra.py took 0.154 seconds
[2026-07-01T09:17:19.711+0000] {processor.py:186} INFO - Started process (PID=1041) to work on /home/airflow/.local/lib/python3.12/site-packages/airflow/example_dags/example_outlet_event_extra.py
[2026-07-01T09:17:19.713+0000] {processor.py:914} INFO - Processing file /home/airflow/.local/lib/python3.12/site-packages/airflow/example_dags/example_outlet_event_extra.py for tasks to queue
[2026-07-01T09:17:19.715+0000] {logging_mixin.py:190} INFO - [2026-07-01T09:17:19.715+0000] {dagbag.py:587} INFO - Filling up the DagBag from /home/airflow/.local/lib/python3.12/site-packages/airflow/example_dags/example_outlet_event_extra.py
[2026-07-01T09:17:19.840+0000] {processor.py:925} INFO - DAG(s) 'dataset_with_extra_by_yield', 'dataset_with_extra_by_context', 'dataset_with_extra_from_classic_operator' retrieved from /home/airflow/.local/lib/python3.12/site-packages/airflow/example_dags/example_outlet_event_extra.py
[2026-07-01T09:17:19.866+0000] {logging_mixin.py:190} INFO - [2026-07-01T09:17:19.866+0000] {dag.py:3211} INFO - Sync 3 DAGs
[2026-07-01T09:17:19.889+0000] {logging_mixin.py:190} INFO - [2026-07-01T09:17:19.888+0000] {dag.py:4138} INFO - Setting next_dagrun for dataset_with_extra_by_context to 2026-06-30 00:00:00+00:00, run_after=2026-07-01 00:00:00+00:00
[2026-07-01T09:17:19.893+0000] {logging_mixin.py:190} INFO - [2026-07-01T09:17:19.892+0000] {dag.py:4138} INFO - Setting next_dagrun for dataset_with_extra_by_yield to 2026-06-30 00:00:00+00:00, run_after=2026-07-01 00:00:00+00:00
[2026-07-01T09:17:19.896+0000] {logging_mixin.py:190} INFO - [2026-07-01T09:17:19.895+0000] {dag.py:4138} INFO - Setting next_dagrun for dataset_with_extra_from_classic_operator to 2026-06-30 00:00:00+00:00, run_after=2026-07-01 00:00:00+00:00
[2026-07-01T09:17:19.916+0000] {processor.py:208} INFO - Processing /home/airflow/.local/lib/python3.12/site-packages/airflow/example_dags/example_outlet_event_extra.py took 0.210 seconds
[2026-07-01T09:17:49.979+0000] {processor.py:186} INFO - Started process (PID=1104) to work on /home/airflow/.local/lib/python3.12/site-packages/airflow/example_dags/example_outlet_event_extra.py
[2026-07-01T09:17:49.981+0000] {processor.py:914} INFO - Processing file /home/airflow/.local/lib/python3.12/site-packages/airflow/example_dags/example_outlet_event_extra.py for tasks to queue
[2026-07-01T09:17:49.984+0000] {logging_mixin.py:190} INFO - [2026-07-01T09:17:49.984+0000] {dagbag.py:587} INFO - Filling up the DagBag from /home/airflow/.local/lib/python3.12/site-packages/airflow/example_dags/example_outlet_event_extra.py
[2026-07-01T09:17:50.091+0000] {processor.py:925} INFO - DAG(s) 'dataset_with_extra_from_classic_operator', 'dataset_with_extra_by_context', 'dataset_with_extra_by_yield' retrieved from /home/airflow/.local/lib/python3.12/site-packages/airflow/example_dags/example_outlet_event_extra.py
[2026-07-01T09:17:50.110+0000] {logging_mixin.py:190} INFO - [2026-07-01T09:17:50.110+0000] {dag.py:3211} INFO - Sync 3 DAGs
[2026-07-01T09:17:50.127+0000] {logging_mixin.py:190} INFO - [2026-07-01T09:17:50.126+0000] {dag.py:4138} INFO - Setting next_dagrun for dataset_with_extra_by_context to 2026-06-30 00:00:00+00:00, run_after=2026-07-01 00:00:00+00:00
[2026-07-01T09:17:50.130+0000] {logging_mixin.py:190} INFO - [2026-07-01T09:17:50.130+0000] {dag.py:4138} INFO - Setting next_dagrun for dataset_with_extra_by_yield to 2026-06-30 00:00:00+00:00, run_after=2026-07-01 00:00:00+00:00
[2026-07-01T09:17:50.131+0000] {logging_mixin.py:190} INFO - [2026-07-01T09:17:50.131+0000] {dag.py:4138} INFO - Setting next_dagrun for dataset_with_extra_from_classic_operator to 2026-06-30 00:00:00+00:00, run_after=2026-07-01 00:00:00+00:00
[2026-07-01T09:17:50.147+0000] {processor.py:208} INFO - Processing /home/airflow/.local/lib/python3.12/site-packages/airflow/example_dags/example_outlet_event_extra.py took 0.173 seconds
[2026-07-01T09:18:20.542+0000] {processor.py:186} INFO - Started process (PID=1168) to work on /home/airflow/.local/lib/python3.12/site-packages/airflow/example_dags/example_outlet_event_extra.py
[2026-07-01T09:18:20.543+0000] {processor.py:914} INFO - Processing file /home/airflow/.local/lib/python3.12/site-packages/airflow/example_dags/example_outlet_event_extra.py for tasks to queue
[2026-07-01T09:18:20.545+0000] {logging_mixin.py:190} INFO - [2026-07-01T09:18:20.545+0000] {dagbag.py:587} INFO - Filling up the DagBag from /home/airflow/.local/lib/python3.12/site-packages/airflow/example_dags/example_outlet_event_extra.py
[2026-07-01T09:18:20.643+0000] {processor.py:925} INFO - DAG(s) 'dataset_with_extra_by_context', 'dataset_with_extra_by_yield', 'dataset_with_extra_from_classic_operator' retrieved from /home/airflow/.local/lib/python3.12/site-packages/airflow/example_dags/example_outlet_event_extra.py
[2026-07-01T09:18:20.661+0000] {logging_mixin.py:190} INFO - [2026-07-01T09:18:20.661+0000] {dag.py:3211} INFO - Sync 3 DAGs
[2026-07-01T09:18:20.677+0000] {logging_mixin.py:190} INFO - [2026-07-01T09:18:20.677+0000] {dag.py:4138} INFO - Setting next_dagrun for dataset_with_extra_by_context to 2026-06-30 00:00:00+00:00, run_after=2026-07-01 00:00:00+00:00
[2026-07-01T09:18:20.680+0000] {logging_mixin.py:190} INFO - [2026-07-01T09:18:20.680+0000] {dag.py:4138} INFO - Setting next_dagrun for dataset_with_extra_by_yield to 2026-06-30 00:00:00+00:00, run_after=2026-07-01 00:00:00+00:00
[2026-07-01T09:18:20.682+0000] {logging_mixin.py:190} INFO - [2026-07-01T09:18:20.682+0000] {dag.py:4138} INFO - Setting next_dagrun for dataset_with_extra_from_classic_operator to 2026-06-30 00:00:00+00:00, run_after=2026-07-01 00:00:00+00:00
[2026-07-01T09:18:20.698+0000] {processor.py:208} INFO - Processing /home/airflow/.local/lib/python3.12/site-packages/airflow/example_dags/example_outlet_event_extra.py took 0.159 seconds
[2026-07-01T09:18:51.266+0000] {processor.py:186} INFO - Started process (PID=1225) to work on /home/airflow/.local/lib/python3.12/site-packages/airflow/example_dags/example_outlet_event_extra.py
[2026-07-01T09:18:51.267+0000] {processor.py:914} INFO - Processing file /home/airflow/.local/lib/python3.12/site-packages/airflow/example_dags/example_outlet_event_extra.py for tasks to queue
[2026-07-01T09:18:51.270+0000] {logging_mixin.py:190} INFO - [2026-07-01T09:18:51.269+0000] {dagbag.py:587} INFO - Filling up the DagBag from /home/airflow/.local/lib/python3.12/site-packages/airflow/example_dags/example_outlet_event_extra.py
[2026-07-01T09:18:51.373+0000] {processor.py:925} INFO - DAG(s) 'dataset_with_extra_from_classic_operator', 'dataset_with_extra_by_context', 'dataset_with_extra_by_yield' retrieved from /home/airflow/.local/lib/python3.12/site-packages/airflow/example_dags/example_outlet_event_extra.py
[2026-07-01T09:18:51.393+0000] {logging_mixin.py:190} INFO - [2026-07-01T09:18:51.392+0000] {dag.py:3211} INFO - Sync 3 DAGs
[2026-07-01T09:18:51.410+0000] {logging_mixin.py:190} INFO - [2026-07-01T09:18:51.409+0000] {dag.py:4138} INFO - Setting next_dagrun for dataset_with_extra_by_context to 2026-06-30 00:00:00+00:00, run_after=2026-07-01 00:00:00+00:00
[2026-07-01T09:18:51.413+0000] {logging_mixin.py:190} INFO - [2026-07-01T09:18:51.413+0000] {dag.py:4138} INFO - Setting next_dagrun for dataset_with_extra_by_yield to 2026-06-30 00:00:00+00:00, run_after=2026-07-01 00:00:00+00:00
[2026-07-01T09:18:51.415+0000] {logging_mixin.py:190} INFO - [2026-07-01T09:18:51.414+0000] {dag.py:4138} INFO - Setting next_dagrun for dataset_with_extra_from_classic_operator to 2026-06-30 00:00:00+00:00, run_after=2026-07-01 00:00:00+00:00
[2026-07-01T09:18:51.431+0000] {processor.py:208} INFO - Processing /home/airflow/.local/lib/python3.12/site-packages/airflow/example_dags/example_outlet_event_extra.py took 0.169 seconds
[2026-07-01T09:19:21.933+0000] {processor.py:186} INFO - Started process (PID=1287) to work on /home/airflow/.local/lib/python3.12/site-packages/airflow/example_dags/example_outlet_event_extra.py
[2026-07-01T09:19:21.939+0000] {processor.py:914} INFO - Processing file /home/airflow/.local/lib/python3.12/site-packages/airflow/example_dags/example_outlet_event_extra.py for tasks to queue
[2026-07-01T09:19:21.942+0000] {logging_mixin.py:190} INFO - [2026-07-01T09:19:21.942+0000] {dagbag.py:587} INFO - Filling up the DagBag from /home/airflow/.local/lib/python3.12/site-packages/airflow/example_dags/example_outlet_event_extra.py
[2026-07-01T09:19:22.038+0000] {processor.py:925} INFO - DAG(s) 'dataset_with_extra_from_classic_operator', 'dataset_with_extra_by_yield', 'dataset_with_extra_by_context' retrieved from /home/airflow/.local/lib/python3.12/site-packages/airflow/example_dags/example_outlet_event_extra.py
[2026-07-01T09:19:22.055+0000] {logging_mixin.py:190} INFO - [2026-07-01T09:19:22.055+0000] {dag.py:3211} INFO - Sync 3 DAGs
[2026-07-01T09:19:22.073+0000] {logging_mixin.py:190} INFO - [2026-07-01T09:19:22.073+0000] {dag.py:4138} INFO - Setting next_dagrun for dataset_with_extra_by_context to 2026-06-30 00:00:00+00:00, run_after=2026-07-01 00:00:00+00:00
[2026-07-01T09:19:22.076+0000] {logging_mixin.py:190} INFO - [2026-07-01T09:19:22.076+0000] {dag.py:4138} INFO - Setting next_dagrun for dataset_with_extra_by_yield to 2026-06-30 00:00:00+00:00, run_after=2026-07-01 00:00:00+00:00
[2026-07-01T09:19:22.078+0000] {logging_mixin.py:190} INFO - [2026-07-01T09:19:22.078+0000] {dag.py:4138} INFO - Setting next_dagrun for dataset_with_extra_from_classic_operator to 2026-06-30 00:00:00+00:00, run_after=2026-07-01 00:00:00+00:00
[2026-07-01T09:19:22.091+0000] {processor.py:208} INFO - Processing /home/airflow/.local/lib/python3.12/site-packages/airflow/example_dags/example_outlet_event_extra.py took 0.163 seconds
[2026-07-01T09:19:52.654+0000] {processor.py:186} INFO - Started process (PID=1349) to work on /home/airflow/.local/lib/python3.12/site-packages/airflow/example_dags/example_outlet_event_extra.py
[2026-07-01T09:19:52.654+0000] {processor.py:914} INFO - Processing file /home/airflow/.local/lib/python3.12/site-packages/airflow/example_dags/example_outlet_event_extra.py for tasks to queue
[2026-07-01T09:19:52.656+0000] {logging_mixin.py:190} INFO - [2026-07-01T09:19:52.656+0000] {dagbag.py:587} INFO - Filling up the DagBag from /home/airflow/.local/lib/python3.12/site-packages/airflow/example_dags/example_outlet_event_extra.py
[2026-07-01T09:19:52.753+0000] {processor.py:925} INFO - DAG(s) 'dataset_with_extra_from_classic_operator', 'dataset_with_extra_by_context', 'dataset_with_extra_by_yield' retrieved from /home/airflow/.local/lib/python3.12/site-packages/airflow/example_dags/example_outlet_event_extra.py
[2026-07-01T09:19:52.773+0000] {logging_mixin.py:190} INFO - [2026-07-01T09:19:52.773+0000] {dag.py:3211} INFO - Sync 3 DAGs
[2026-07-01T09:19:52.792+0000] {logging_mixin.py:190} INFO - [2026-07-01T09:19:52.792+0000] {dag.py:4138} INFO - Setting next_dagrun for dataset_with_extra_by_context to 2026-06-30 00:00:00+00:00, run_after=2026-07-01 00:00:00+00:00
[2026-07-01T09:19:52.795+0000] {logging_mixin.py:190} INFO - [2026-07-01T09:19:52.795+0000] {dag.py:4138} INFO - Setting next_dagrun for dataset_with_extra_by_yield to 2026-06-30 00:00:00+00:00, run_after=2026-07-01 00:00:00+00:00
[2026-07-01T09:19:52.797+0000] {logging_mixin.py:190} INFO - [2026-07-01T09:19:52.797+0000] {dag.py:4138} INFO - Setting next_dagrun for dataset_with_extra_from_classic_operator to 2026-06-30 00:00:00+00:00, run_after=2026-07-01 00:00:00+00:00
[2026-07-01T09:19:52.810+0000] {processor.py:208} INFO - Processing /home/airflow/.local/lib/python3.12/site-packages/airflow/example_dags/example_outlet_event_extra.py took 0.161 seconds
[2026-07-01T09:20:23.464+0000] {processor.py:186} INFO - Started process (PID=1411) to work on /home/airflow/.local/lib/python3.12/site-packages/airflow/example_dags/example_outlet_event_extra.py
[2026-07-01T09:20:23.466+0000] {processor.py:914} INFO - Processing file /home/airflow/.local/lib/python3.12/site-packages/airflow/example_dags/example_outlet_event_extra.py for tasks to queue
[2026-07-01T09:20:23.470+0000] {logging_mixin.py:190} INFO - [2026-07-01T09:20:23.470+0000] {dagbag.py:587} INFO - Filling up the DagBag from /home/airflow/.local/lib/python3.12/site-packages/airflow/example_dags/example_outlet_event_extra.py
[2026-07-01T09:20:23.564+0000] {processor.py:925} INFO - DAG(s) 'dataset_with_extra_by_yield', 'dataset_with_extra_by_context', 'dataset_with_extra_from_classic_operator' retrieved from /home/airflow/.local/lib/python3.12/site-packages/airflow/example_dags/example_outlet_event_extra.py
[2026-07-01T09:20:23.581+0000] {logging_mixin.py:190} INFO - [2026-07-01T09:20:23.580+0000] {dag.py:3211} INFO - Sync 3 DAGs
[2026-07-01T09:20:23.597+0000] {logging_mixin.py:190} INFO - [2026-07-01T09:20:23.597+0000] {dag.py:4138} INFO - Setting next_dagrun for dataset_with_extra_by_context to 2026-06-30 00:00:00+00:00, run_after=2026-07-01 00:00:00+00:00
[2026-07-01T09:20:23.600+0000] {logging_mixin.py:190} INFO - [2026-07-01T09:20:23.600+0000] {dag.py:4138} INFO - Setting next_dagrun for dataset_with_extra_by_yield to 2026-06-30 00:00:00+00:00, run_after=2026-07-01 00:00:00+00:00
[2026-07-01T09:20:23.602+0000] {logging_mixin.py:190} INFO - [2026-07-01T09:20:23.602+0000] {dag.py:4138} INFO - Setting next_dagrun for dataset_with_extra_from_classic_operator to 2026-06-30 00:00:00+00:00, run_after=2026-07-01 00:00:00+00:00
[2026-07-01T09:20:23.617+0000] {processor.py:208} INFO - Processing /home/airflow/.local/lib/python3.12/site-packages/airflow/example_dags/example_outlet_event_extra.py took 0.157 seconds
[2026-07-01T09:20:54.330+0000] {processor.py:186} INFO - Started process (PID=1473) to work on /home/airflow/.local/lib/python3.12/site-packages/airflow/example_dags/example_outlet_event_extra.py
[2026-07-01T09:20:54.331+0000] {processor.py:914} INFO - Processing file /home/airflow/.local/lib/python3.12/site-packages/airflow/example_dags/example_outlet_event_extra.py for tasks to queue
[2026-07-01T09:20:54.333+0000] {logging_mixin.py:190} INFO - [2026-07-01T09:20:54.333+0000] {dagbag.py:587} INFO - Filling up the DagBag from /home/airflow/.local/lib/python3.12/site-packages/airflow/example_dags/example_outlet_event_extra.py
[2026-07-01T09:20:54.415+0000] {processor.py:925} INFO - DAG(s) 'dataset_with_extra_by_context', 'dataset_with_extra_from_classic_operator', 'dataset_with_extra_by_yield' retrieved from /home/airflow/.local/lib/python3.12/site-packages/airflow/example_dags/example_outlet_event_extra.py
[2026-07-01T09:20:54.432+0000] {logging_mixin.py:190} INFO - [2026-07-01T09:20:54.431+0000] {dag.py:3211} INFO - Sync 3 DAGs
[2026-07-01T09:20:54.447+0000] {logging_mixin.py:190} INFO - [2026-07-01T09:20:54.447+0000] {dag.py:4138} INFO - Setting next_dagrun for dataset_with_extra_by_context to 2026-06-30 00:00:00+00:00, run_after=2026-07-01 00:00:00+00:00
[2026-07-01T09:20:54.450+0000] {logging_mixin.py:190} INFO - [2026-07-01T09:20:54.450+0000] {dag.py:4138} INFO - Setting next_dagrun for dataset_with_extra_by_yield to 2026-06-30 00:00:00+00:00, run_after=2026-07-01 00:00:00+00:00
[2026-07-01T09:20:54.451+0000] {logging_mixin.py:190} INFO - [2026-07-01T09:20:54.451+0000] {dag.py:4138} INFO - Setting next_dagrun for dataset_with_extra_from_classic_operator to 2026-06-30 00:00:00+00:00, run_after=2026-07-01 00:00:00+00:00
[2026-07-01T09:20:54.464+0000] {processor.py:208} INFO - Processing /home/airflow/.local/lib/python3.12/site-packages/airflow/example_dags/example_outlet_event_extra.py took 0.138 seconds
[2026-07-01T09:21:24.611+0000] {processor.py:186} INFO - Started process (PID=1535) to work on /home/airflow/.local/lib/python3.12/site-packages/airflow/example_dags/example_outlet_event_extra.py
[2026-07-01T09:21:24.613+0000] {processor.py:914} INFO - Processing file /home/airflow/.local/lib/python3.12/site-packages/airflow/example_dags/example_outlet_event_extra.py for tasks to queue
[2026-07-01T09:21:24.614+0000] {logging_mixin.py:190} INFO - [2026-07-01T09:21:24.614+0000] {dagbag.py:587} INFO - Filling up the DagBag from /home/airflow/.local/lib/python3.12/site-packages/airflow/example_dags/example_outlet_event_extra.py
[2026-07-01T09:21:24.709+0000] {processor.py:925} INFO - DAG(s) 'dataset_with_extra_from_classic_operator', 'dataset_with_extra_by_context', 'dataset_with_extra_by_yield' retrieved from /home/airflow/.local/lib/python3.12/site-packages/airflow/example_dags/example_outlet_event_extra.py
[2026-07-01T09:21:24.727+0000] {logging_mixin.py:190} INFO - [2026-07-01T09:21:24.727+0000] {dag.py:3211} INFO - Sync 3 DAGs
[2026-07-01T09:21:24.746+0000] {logging_mixin.py:190} INFO - [2026-07-01T09:21:24.745+0000] {dag.py:4138} INFO - Setting next_dagrun for dataset_with_extra_by_context to 2026-06-30 00:00:00+00:00, run_after=2026-07-01 00:00:00+00:00
[2026-07-01T09:21:24.749+0000] {logging_mixin.py:190} INFO - [2026-07-01T09:21:24.749+0000] {dag.py:4138} INFO - Setting next_dagrun for dataset_with_extra_by_yield to 2026-06-30 00:00:00+00:00, run_after=2026-07-01 00:00:00+00:00
[2026-07-01T09:21:24.751+0000] {logging_mixin.py:190} INFO - [2026-07-01T09:21:24.751+0000] {dag.py:4138} INFO - Setting next_dagrun for dataset_with_extra_from_classic_operator to 2026-06-30 00:00:00+00:00, run_after=2026-07-01 00:00:00+00:00
[2026-07-01T09:21:24.765+0000] {processor.py:208} INFO - Processing /home/airflow/.local/lib/python3.12/site-packages/airflow/example_dags/example_outlet_event_extra.py took 0.158 seconds
[2026-07-01T09:21:54.825+0000] {processor.py:186} INFO - Started process (PID=1597) to work on /home/airflow/.local/lib/python3.12/site-packages/airflow/example_dags/example_outlet_event_extra.py
[2026-07-01T09:21:54.827+0000] {processor.py:914} INFO - Processing file /home/airflow/.local/lib/python3.12/site-packages/airflow/example_dags/example_outlet_event_extra.py for tasks to queue
[2026-07-01T09:21:54.829+0000] {logging_mixin.py:190} INFO - [2026-07-01T09:21:54.829+0000] {dagbag.py:587} INFO - Filling up the DagBag from /home/airflow/.local/lib/python3.12/site-packages/airflow/example_dags/example_outlet_event_extra.py
[2026-07-01T09:21:54.946+0000] {processor.py:925} INFO - DAG(s) 'dataset_with_extra_by_yield', 'dataset_with_extra_by_context', 'dataset_with_extra_from_classic_operator' retrieved from /home/airflow/.local/lib/python3.12/site-packages/airflow/example_dags/example_outlet_event_extra.py
[2026-07-01T09:21:54.968+0000] {logging_mixin.py:190} INFO - [2026-07-01T09:21:54.968+0000] {dag.py:3211} INFO - Sync 3 DAGs
[2026-07-01T09:21:54.987+0000] {logging_mixin.py:190} INFO - [2026-07-01T09:21:54.987+0000] {dag.py:4138} INFO - Setting next_dagrun for dataset_with_extra_by_context to 2026-06-30 00:00:00+00:00, run_after=2026-07-01 00:00:00+00:00
[2026-07-01T09:21:54.992+0000] {logging_mixin.py:190} INFO - [2026-07-01T09:21:54.992+0000] {dag.py:4138} INFO - Setting next_dagrun for dataset_with_extra_by_yield to 2026-06-30 00:00:00+00:00, run_after=2026-07-01 00:00:00+00:00
[2026-07-01T09:21:54.997+0000] {logging_mixin.py:190} INFO - [2026-07-01T09:21:54.997+0000] {dag.py:4138} INFO - Setting next_dagrun for dataset_with_extra_from_classic_operator to 2026-06-30 00:00:00+00:00, run_after=2026-07-01 00:00:00+00:00
[2026-07-01T09:21:55.014+0000] {processor.py:208} INFO - Processing /home/airflow/.local/lib/python3.12/site-packages/airflow/example_dags/example_outlet_event_extra.py took 0.194 seconds
[2026-07-01T09:22:25.190+0000] {processor.py:186} INFO - Started process (PID=1659) to work on /home/airflow/.local/lib/python3.12/site-packages/airflow/example_dags/example_outlet_event_extra.py
[2026-07-01T09:22:25.191+0000] {processor.py:914} INFO - Processing file /home/airflow/.local/lib/python3.12/site-packages/airflow/example_dags/example_outlet_event_extra.py for tasks to queue
[2026-07-01T09:22:25.195+0000] {logging_mixin.py:190} INFO - [2026-07-01T09:22:25.194+0000] {dagbag.py:587} INFO - Filling up the DagBag from /home/airflow/.local/lib/python3.12/site-packages/airflow/example_dags/example_outlet_event_extra.py
[2026-07-01T09:22:25.299+0000] {processor.py:925} INFO - DAG(s) 'dataset_with_extra_by_context', 'dataset_with_extra_by_yield', 'dataset_with_extra_from_classic_operator' retrieved from /home/airflow/.local/lib/python3.12/site-packages/airflow/example_dags/example_outlet_event_extra.py
[2026-07-01T09:22:25.319+0000] {logging_mixin.py:190} INFO - [2026-07-01T09:22:25.319+0000] {dag.py:3211} INFO - Sync 3 DAGs
[2026-07-01T09:22:25.337+0000] {logging_mixin.py:190} INFO - [2026-07-01T09:22:25.337+0000] {dag.py:4138} INFO - Setting next_dagrun for dataset_with_extra_by_context to 2026-06-30 00:00:00+00:00, run_after=2026-07-01 00:00:00+00:00
[2026-07-01T09:22:25.340+0000] {logging_mixin.py:190} INFO - [2026-07-01T09:22:25.340+0000] {dag.py:4138} INFO - Setting next_dagrun for dataset_with_extra_by_yield to 2026-06-30 00:00:00+00:00, run_after=2026-07-01 00:00:00+00:00
[2026-07-01T09:22:25.342+0000] {logging_mixin.py:190} INFO - [2026-07-01T09:22:25.342+0000] {dag.py:4138} INFO - Setting next_dagrun for dataset_with_extra_from_classic_operator to 2026-06-30 00:00:00+00:00, run_after=2026-07-01 00:00:00+00:00
[2026-07-01T09:22:25.359+0000] {processor.py:208} INFO - Processing /home/airflow/.local/lib/python3.12/site-packages/airflow/example_dags/example_outlet_event_extra.py took 0.174 seconds
[2026-07-01T09:22:56.131+0000] {processor.py:186} INFO - Started process (PID=1721) to work on /home/airflow/.local/lib/python3.12/site-packages/airflow/example_dags/example_outlet_event_extra.py
[2026-07-01T09:22:56.132+0000] {processor.py:914} INFO - Processing file /home/airflow/.local/lib/python3.12/site-packages/airflow/example_dags/example_outlet_event_extra.py for tasks to queue
[2026-07-01T09:22:56.134+0000] {logging_mixin.py:190} INFO - [2026-07-01T09:22:56.134+0000] {dagbag.py:587} INFO - Filling up the DagBag from /home/airflow/.local/lib/python3.12/site-packages/airflow/example_dags/example_outlet_event_extra.py
[2026-07-01T09:22:56.231+0000] {processor.py:925} INFO - DAG(s) 'dataset_with_extra_by_yield', 'dataset_with_extra_from_classic_operator', 'dataset_with_extra_by_context' retrieved from /home/airflow/.local/lib/python3.12/site-packages/airflow/example_dags/example_outlet_event_extra.py
[2026-07-01T09:22:56.254+0000] {logging_mixin.py:190} INFO - [2026-07-01T09:22:56.254+0000] {dag.py:3211} INFO - Sync 3 DAGs
[2026-07-01T09:22:56.273+0000] {logging_mixin.py:190} INFO - [2026-07-01T09:22:56.273+0000] {dag.py:4138} INFO - Setting next_dagrun for dataset_with_extra_by_context to 2026-06-30 00:00:00+00:00, run_after=2026-07-01 00:00:00+00:00
[2026-07-01T09:22:56.277+0000] {logging_mixin.py:190} INFO - [2026-07-01T09:22:56.277+0000] {dag.py:4138} INFO - Setting next_dagrun for dataset_with_extra_by_yield to 2026-06-30 00:00:00+00:00, run_after=2026-07-01 00:00:00+00:00
[2026-07-01T09:22:56.279+0000] {logging_mixin.py:190} INFO - [2026-07-01T09:22:56.279+0000] {dag.py:4138} INFO - Setting next_dagrun for dataset_with_extra_from_classic_operator to 2026-06-30 00:00:00+00:00, run_after=2026-07-01 00:00:00+00:00
[2026-07-01T09:22:56.295+0000] {processor.py:208} INFO - Processing /home/airflow/.local/lib/python3.12/site-packages/airflow/example_dags/example_outlet_event_extra.py took 0.169 seconds
[2026-07-01T09:23:26.633+0000] {processor.py:186} INFO - Started process (PID=1783) to work on /home/airflow/.local/lib/python3.12/site-packages/airflow/example_dags/example_outlet_event_extra.py
[2026-07-01T09:23:26.634+0000] {processor.py:914} INFO - Processing file /home/airflow/.local/lib/python3.12/site-packages/airflow/example_dags/example_outlet_event_extra.py for tasks to queue
[2026-07-01T09:23:26.638+0000] {logging_mixin.py:190} INFO - [2026-07-01T09:23:26.638+0000] {dagbag.py:587} INFO - Filling up the DagBag from /home/airflow/.local/lib/python3.12/site-packages/airflow/example_dags/example_outlet_event_extra.py
[2026-07-01T09:23:26.749+0000] {processor.py:925} INFO - DAG(s) 'dataset_with_extra_by_yield', 'dataset_with_extra_from_classic_operator', 'dataset_with_extra_by_context' retrieved from /home/airflow/.local/lib/python3.12/site-packages/airflow/example_dags/example_outlet_event_extra.py
[2026-07-01T09:23:26.770+0000] {logging_mixin.py:190} INFO - [2026-07-01T09:23:26.769+0000] {dag.py:3211} INFO - Sync 3 DAGs
[2026-07-01T09:23:26.943+0000] {logging_mixin.py:190} INFO - [2026-07-01T09:23:26.943+0000] {dag.py:4138} INFO - Setting next_dagrun for dataset_with_extra_by_context to 2026-06-30 00:00:00+00:00, run_after=2026-07-01 00:00:00+00:00
[2026-07-01T09:23:26.947+0000] {logging_mixin.py:190} INFO - [2026-07-01T09:23:26.946+0000] {dag.py:4138} INFO - Setting next_dagrun for dataset_with_extra_by_yield to 2026-06-30 00:00:00+00:00, run_after=2026-07-01 00:00:00+00:00
[2026-07-01T09:23:26.949+0000] {logging_mixin.py:190} INFO - [2026-07-01T09:23:26.948+0000] {dag.py:4138} INFO - Setting next_dagrun for dataset_with_extra_from_classic_operator to 2026-06-30 00:00:00+00:00, run_after=2026-07-01 00:00:00+00:00
[2026-07-01T09:23:26.963+0000] {processor.py:208} INFO - Processing /home/airflow/.local/lib/python3.12/site-packages/airflow/example_dags/example_outlet_event_extra.py took 0.335 seconds
[2026-07-01T09:23:57.020+0000] {processor.py:186} INFO - Started process (PID=1847) to work on /home/airflow/.local/lib/python3.12/site-packages/airflow/example_dags/example_outlet_event_extra.py
[2026-07-01T09:23:57.021+0000] {processor.py:914} INFO - Processing file /home/airflow/.local/lib/python3.12/site-packages/airflow/example_dags/example_outlet_event_extra.py for tasks to queue
[2026-07-01T09:23:57.023+0000] {logging_mixin.py:190} INFO - [2026-07-01T09:23:57.023+0000] {dagbag.py:587} INFO - Filling up the DagBag from /home/airflow/.local/lib/python3.12/site-packages/airflow/example_dags/example_outlet_event_extra.py
[2026-07-01T09:23:57.122+0000] {processor.py:925} INFO - DAG(s) 'dataset_with_extra_by_yield', 'dataset_with_extra_from_classic_operator', 'dataset_with_extra_by_context' retrieved from /home/airflow/.local/lib/python3.12/site-packages/airflow/example_dags/example_outlet_event_extra.py
[2026-07-01T09:23:57.144+0000] {logging_mixin.py:190} INFO - [2026-07-01T09:23:57.143+0000] {dag.py:3211} INFO - Sync 3 DAGs
[2026-07-01T09:23:57.299+0000] {logging_mixin.py:190} INFO - [2026-07-01T09:23:57.299+0000] {dag.py:4138} INFO - Setting next_dagrun for dataset_with_extra_by_context to 2026-06-30 00:00:00+00:00, run_after=2026-07-01 00:00:00+00:00
[2026-07-01T09:23:57.302+0000] {logging_mixin.py:190} INFO - [2026-07-01T09:23:57.302+0000] {dag.py:4138} INFO - Setting next_dagrun for dataset_with_extra_by_yield to 2026-06-30 00:00:00+00:00, run_after=2026-07-01 00:00:00+00:00
[2026-07-01T09:23:57.304+0000] {logging_mixin.py:190} INFO - [2026-07-01T09:23:57.304+0000] {dag.py:4138} INFO - Setting next_dagrun for dataset_with_extra_from_classic_operator to 2026-06-30 00:00:00+00:00, run_after=2026-07-01 00:00:00+00:00
[2026-07-01T09:23:57.317+0000] {processor.py:208} INFO - Processing /home/airflow/.local/lib/python3.12/site-packages/airflow/example_dags/example_outlet_event_extra.py took 0.302 seconds
[2026-07-01T09:24:27.451+0000] {processor.py:186} INFO - Started process (PID=1913) to work on /home/airflow/.local/lib/python3.12/site-packages/airflow/example_dags/example_outlet_event_extra.py
[2026-07-01T09:24:27.453+0000] {processor.py:914} INFO - Processing file /home/airflow/.local/lib/python3.12/site-packages/airflow/example_dags/example_outlet_event_extra.py for tasks to queue
[2026-07-01T09:24:27.455+0000] {logging_mixin.py:190} INFO - [2026-07-01T09:24:27.455+0000] {dagbag.py:587} INFO - Filling up the DagBag from /home/airflow/.local/lib/python3.12/site-packages/airflow/example_dags/example_outlet_event_extra.py
[2026-07-01T09:24:27.552+0000] {processor.py:925} INFO - DAG(s) 'dataset_with_extra_by_context', 'dataset_with_extra_by_yield', 'dataset_with_extra_from_classic_operator' retrieved from /home/airflow/.local/lib/python3.12/site-packages/airflow/example_dags/example_outlet_event_extra.py
[2026-07-01T09:24:27.569+0000] {logging_mixin.py:190} INFO - [2026-07-01T09:24:27.569+0000] {dag.py:3211} INFO - Sync 3 DAGs
[2026-07-01T09:24:27.586+0000] {logging_mixin.py:190} INFO - [2026-07-01T09:24:27.586+0000] {dag.py:4138} INFO - Setting next_dagrun for dataset_with_extra_by_context to 2026-06-30 00:00:00+00:00, run_after=2026-07-01 00:00:00+00:00
[2026-07-01T09:24:27.589+0000] {logging_mixin.py:190} INFO - [2026-07-01T09:24:27.589+0000] {dag.py:4138} INFO - Setting next_dagrun for dataset_with_extra_by_yield to 2026-06-30 00:00:00+00:00, run_after=2026-07-01 00:00:00+00:00
[2026-07-01T09:24:27.591+0000] {logging_mixin.py:190} INFO - [2026-07-01T09:24:27.591+0000] {dag.py:4138} INFO - Setting next_dagrun for dataset_with_extra_from_classic_operator to 2026-06-30 00:00:00+00:00, run_after=2026-07-01 00:00:00+00:00
[2026-07-01T09:24:27.725+0000] {processor.py:208} INFO - Processing /home/airflow/.local/lib/python3.12/site-packages/airflow/example_dags/example_outlet_event_extra.py took 0.278 seconds
[2026-07-01T09:24:58.258+0000] {processor.py:186} INFO - Started process (PID=1972) to work on /home/airflow/.local/lib/python3.12/site-packages/airflow/example_dags/example_outlet_event_extra.py
[2026-07-01T09:24:58.259+0000] {processor.py:914} INFO - Processing file /home/airflow/.local/lib/python3.12/site-packages/airflow/example_dags/example_outlet_event_extra.py for tasks to queue
[2026-07-01T09:24:58.261+0000] {logging_mixin.py:190} INFO - [2026-07-01T09:24:58.261+0000] {dagbag.py:587} INFO - Filling up the DagBag from /home/airflow/.local/lib/python3.12/site-packages/airflow/example_dags/example_outlet_event_extra.py
[2026-07-01T09:24:58.359+0000] {processor.py:925} INFO - DAG(s) 'dataset_with_extra_from_classic_operator', 'dataset_with_extra_by_yield', 'dataset_with_extra_by_context' retrieved from /home/airflow/.local/lib/python3.12/site-packages/airflow/example_dags/example_outlet_event_extra.py
[2026-07-01T09:24:58.379+0000] {logging_mixin.py:190} INFO - [2026-07-01T09:24:58.379+0000] {dag.py:3211} INFO - Sync 3 DAGs
[2026-07-01T09:24:58.397+0000] {logging_mixin.py:190} INFO - [2026-07-01T09:24:58.397+0000] {dag.py:4138} INFO - Setting next_dagrun for dataset_with_extra_by_context to 2026-06-30 00:00:00+00:00, run_after=2026-07-01 00:00:00+00:00
[2026-07-01T09:24:58.401+0000] {logging_mixin.py:190} INFO - [2026-07-01T09:24:58.401+0000] {dag.py:4138} INFO - Setting next_dagrun for dataset_with_extra_by_yield to 2026-06-30 00:00:00+00:00, run_after=2026-07-01 00:00:00+00:00
[2026-07-01T09:24:58.402+0000] {logging_mixin.py:190} INFO - [2026-07-01T09:24:58.402+0000] {dag.py:4138} INFO - Setting next_dagrun for dataset_with_extra_from_classic_operator to 2026-06-30 00:00:00+00:00, run_after=2026-07-01 00:00:00+00:00
[2026-07-01T09:24:58.573+0000] {processor.py:208} INFO - Processing /home/airflow/.local/lib/python3.12/site-packages/airflow/example_dags/example_outlet_event_extra.py took 0.319 seconds
[2026-07-01T09:25:28.666+0000] {processor.py:186} INFO - Started process (PID=2032) to work on /home/airflow/.local/lib/python3.12/site-packages/airflow/example_dags/example_outlet_event_extra.py
[2026-07-01T09:25:28.668+0000] {processor.py:914} INFO - Processing file /home/airflow/.local/lib/python3.12/site-packages/airflow/example_dags/example_outlet_event_extra.py for tasks to queue
[2026-07-01T09:25:28.669+0000] {logging_mixin.py:190} INFO - [2026-07-01T09:25:28.669+0000] {dagbag.py:587} INFO - Filling up the DagBag from /home/airflow/.local/lib/python3.12/site-packages/airflow/example_dags/example_outlet_event_extra.py
[2026-07-01T09:25:28.766+0000] {processor.py:925} INFO - DAG(s) 'dataset_with_extra_by_context', 'dataset_with_extra_from_classic_operator', 'dataset_with_extra_by_yield' retrieved from /home/airflow/.local/lib/python3.12/site-packages/airflow/example_dags/example_outlet_event_extra.py
[2026-07-01T09:25:28.782+0000] {logging_mixin.py:190} INFO - [2026-07-01T09:25:28.782+0000] {dag.py:3211} INFO - Sync 3 DAGs
[2026-07-01T09:25:28.798+0000] {logging_mixin.py:190} INFO - [2026-07-01T09:25:28.798+0000] {dag.py:4138} INFO - Setting next_dagrun for dataset_with_extra_by_context to 2026-06-30 00:00:00+00:00, run_after=2026-07-01 00:00:00+00:00
[2026-07-01T09:25:28.801+0000] {logging_mixin.py:190} INFO - [2026-07-01T09:25:28.801+0000] {dag.py:4138} INFO - Setting next_dagrun for dataset_with_extra_by_yield to 2026-06-30 00:00:00+00:00, run_after=2026-07-01 00:00:00+00:00
[2026-07-01T09:25:28.802+0000] {logging_mixin.py:190} INFO - [2026-07-01T09:25:28.802+0000] {dag.py:4138} INFO - Setting next_dagrun for dataset_with_extra_from_classic_operator to 2026-06-30 00:00:00+00:00, run_after=2026-07-01 00:00:00+00:00
[2026-07-01T09:25:28.816+0000] {processor.py:208} INFO - Processing /home/airflow/.local/lib/python3.12/site-packages/airflow/example_dags/example_outlet_event_extra.py took 0.154 seconds
[2026-07-01T09:30:09.426+0000] {processor.py:186} INFO - Started process (PID=2087) to work on /home/airflow/.local/lib/python3.12/site-packages/airflow/example_dags/example_outlet_event_extra.py
[2026-07-01T09:30:09.428+0000] {processor.py:914} INFO - Processing file /home/airflow/.local/lib/python3.12/site-packages/airflow/example_dags/example_outlet_event_extra.py for tasks to queue
[2026-07-01T09:30:09.430+0000] {logging_mixin.py:190} INFO - [2026-07-01T09:30:09.430+0000] {dagbag.py:587} INFO - Filling up the DagBag from /home/airflow/.local/lib/python3.12/site-packages/airflow/example_dags/example_outlet_event_extra.py
[2026-07-01T09:30:09.548+0000] {processor.py:925} INFO - DAG(s) 'dataset_with_extra_from_classic_operator', 'dataset_with_extra_by_context', 'dataset_with_extra_by_yield' retrieved from /home/airflow/.local/lib/python3.12/site-packages/airflow/example_dags/example_outlet_event_extra.py
[2026-07-01T09:30:09.738+0000] {logging_mixin.py:190} INFO - [2026-07-01T09:30:09.738+0000] {dag.py:3211} INFO - Sync 3 DAGs
[2026-07-01T09:30:09.755+0000] {logging_mixin.py:190} INFO - [2026-07-01T09:30:09.755+0000] {dag.py:4138} INFO - Setting next_dagrun for dataset_with_extra_by_context to 2026-06-30 00:00:00+00:00, run_after=2026-07-01 00:00:00+00:00
[2026-07-01T09:30:09.759+0000] {logging_mixin.py:190} INFO - [2026-07-01T09:30:09.758+0000] {dag.py:4138} INFO - Setting next_dagrun for dataset_with_extra_by_yield to 2026-06-30 00:00:00+00:00, run_after=2026-07-01 00:00:00+00:00
[2026-07-01T09:30:09.761+0000] {logging_mixin.py:190} INFO - [2026-07-01T09:30:09.761+0000] {dag.py:4138} INFO - Setting next_dagrun for dataset_with_extra_from_classic_operator to 2026-06-30 00:00:00+00:00, run_after=2026-07-01 00:00:00+00:00
[2026-07-01T09:30:09.777+0000] {processor.py:208} INFO - Processing /home/airflow/.local/lib/python3.12/site-packages/airflow/example_dags/example_outlet_event_extra.py took 0.355 seconds
[2026-07-01T09:30:39.926+0000] {processor.py:186} INFO - Started process (PID=2151) to work on /home/airflow/.local/lib/python3.12/site-packages/airflow/example_dags/example_outlet_event_extra.py
[2026-07-01T09:30:39.927+0000] {processor.py:914} INFO - Processing file /home/airflow/.local/lib/python3.12/site-packages/airflow/example_dags/example_outlet_event_extra.py for tasks to queue
[2026-07-01T09:30:39.929+0000] {logging_mixin.py:190} INFO - [2026-07-01T09:30:39.929+0000] {dagbag.py:587} INFO - Filling up the DagBag from /home/airflow/.local/lib/python3.12/site-packages/airflow/example_dags/example_outlet_event_extra.py
[2026-07-01T09:30:40.043+0000] {processor.py:925} INFO - DAG(s) 'dataset_with_extra_from_classic_operator', 'dataset_with_extra_by_context', 'dataset_with_extra_by_yield' retrieved from /home/airflow/.local/lib/python3.12/site-packages/airflow/example_dags/example_outlet_event_extra.py
[2026-07-01T09:30:40.258+0000] {logging_mixin.py:190} INFO - [2026-07-01T09:30:40.257+0000] {dag.py:3211} INFO - Sync 3 DAGs
[2026-07-01T09:30:40.281+0000] {logging_mixin.py:190} INFO - [2026-07-01T09:30:40.281+0000] {dag.py:4138} INFO - Setting next_dagrun for dataset_with_extra_by_context to 2026-06-30 00:00:00+00:00, run_after=2026-07-01 00:00:00+00:00
[2026-07-01T09:30:40.285+0000] {logging_mixin.py:190} INFO - [2026-07-01T09:30:40.285+0000] {dag.py:4138} INFO - Setting next_dagrun for dataset_with_extra_by_yield to 2026-06-30 00:00:00+00:00, run_after=2026-07-01 00:00:00+00:00
[2026-07-01T09:30:40.287+0000] {logging_mixin.py:190} INFO - [2026-07-01T09:30:40.287+0000] {dag.py:4138} INFO - Setting next_dagrun for dataset_with_extra_from_classic_operator to 2026-06-30 00:00:00+00:00, run_after=2026-07-01 00:00:00+00:00
[2026-07-01T09:30:40.301+0000] {processor.py:208} INFO - Processing /home/airflow/.local/lib/python3.12/site-packages/airflow/example_dags/example_outlet_event_extra.py took 0.380 seconds
[2026-07-01T09:31:10.417+0000] {processor.py:186} INFO - Started process (PID=2216) to work on /home/airflow/.local/lib/python3.12/site-packages/airflow/example_dags/example_outlet_event_extra.py
[2026-07-01T09:31:10.418+0000] {processor.py:914} INFO - Processing file /home/airflow/.local/lib/python3.12/site-packages/airflow/example_dags/example_outlet_event_extra.py for tasks to queue
[2026-07-01T09:31:10.420+0000] {logging_mixin.py:190} INFO - [2026-07-01T09:31:10.419+0000] {dagbag.py:587} INFO - Filling up the DagBag from /home/airflow/.local/lib/python3.12/site-packages/airflow/example_dags/example_outlet_event_extra.py
[2026-07-01T09:31:10.518+0000] {processor.py:925} INFO - DAG(s) 'dataset_with_extra_by_yield', 'dataset_with_extra_from_classic_operator', 'dataset_with_extra_by_context' retrieved from /home/airflow/.local/lib/python3.12/site-packages/airflow/example_dags/example_outlet_event_extra.py
[2026-07-01T09:31:10.674+0000] {logging_mixin.py:190} INFO - [2026-07-01T09:31:10.674+0000] {dag.py:3211} INFO - Sync 3 DAGs
[2026-07-01T09:31:10.687+0000] {logging_mixin.py:190} INFO - [2026-07-01T09:31:10.687+0000] {dag.py:4138} INFO - Setting next_dagrun for dataset_with_extra_by_context to 2026-06-30 00:00:00+00:00, run_after=2026-07-01 00:00:00+00:00
[2026-07-01T09:31:10.690+0000] {logging_mixin.py:190} INFO - [2026-07-01T09:31:10.690+0000] {dag.py:4138} INFO - Setting next_dagrun for dataset_with_extra_by_yield to 2026-06-30 00:00:00+00:00, run_after=2026-07-01 00:00:00+00:00
[2026-07-01T09:31:10.692+0000] {logging_mixin.py:190} INFO - [2026-07-01T09:31:10.692+0000] {dag.py:4138} INFO - Setting next_dagrun for dataset_with_extra_from_classic_operator to 2026-06-30 00:00:00+00:00, run_after=2026-07-01 00:00:00+00:00
[2026-07-01T09:31:10.704+0000] {processor.py:208} INFO - Processing /home/airflow/.local/lib/python3.12/site-packages/airflow/example_dags/example_outlet_event_extra.py took 0.292 seconds
[2026-07-01T09:31:40.943+0000] {processor.py:186} INFO - Started process (PID=2278) to work on /home/airflow/.local/lib/python3.12/site-packages/airflow/example_dags/example_outlet_event_extra.py
[2026-07-01T09:31:40.944+0000] {processor.py:914} INFO - Processing file /home/airflow/.local/lib/python3.12/site-packages/airflow/example_dags/example_outlet_event_extra.py for tasks to queue
[2026-07-01T09:31:40.946+0000] {logging_mixin.py:190} INFO - [2026-07-01T09:31:40.946+0000] {dagbag.py:587} INFO - Filling up the DagBag from /home/airflow/.local/lib/python3.12/site-packages/airflow/example_dags/example_outlet_event_extra.py
[2026-07-01T09:31:41.065+0000] {processor.py:925} INFO - DAG(s) 'dataset_with_extra_by_context', 'dataset_with_extra_by_yield', 'dataset_with_extra_from_classic_operator' retrieved from /home/airflow/.local/lib/python3.12/site-packages/airflow/example_dags/example_outlet_event_extra.py
[2026-07-01T09:31:41.239+0000] {logging_mixin.py:190} INFO - [2026-07-01T09:31:41.239+0000] {dag.py:3211} INFO - Sync 3 DAGs
[2026-07-01T09:31:41.252+0000] {logging_mixin.py:190} INFO - [2026-07-01T09:31:41.252+0000] {dag.py:4138} INFO - Setting next_dagrun for dataset_with_extra_by_context to 2026-06-30 00:00:00+00:00, run_after=2026-07-01 00:00:00+00:00
[2026-07-01T09:31:41.255+0000] {logging_mixin.py:190} INFO - [2026-07-01T09:31:41.255+0000] {dag.py:4138} INFO - Setting next_dagrun for dataset_with_extra_by_yield to 2026-06-30 00:00:00+00:00, run_after=2026-07-01 00:00:00+00:00
[2026-07-01T09:31:41.257+0000] {logging_mixin.py:190} INFO - [2026-07-01T09:31:41.257+0000] {dag.py:4138} INFO - Setting next_dagrun for dataset_with_extra_from_classic_operator to 2026-06-30 00:00:00+00:00, run_after=2026-07-01 00:00:00+00:00
[2026-07-01T09:31:41.267+0000] {processor.py:208} INFO - Processing /home/airflow/.local/lib/python3.12/site-packages/airflow/example_dags/example_outlet_event_extra.py took 0.330 seconds
[2026-07-01T09:32:11.474+0000] {processor.py:186} INFO - Started process (PID=2344) to work on /home/airflow/.local/lib/python3.12/site-packages/airflow/example_dags/example_outlet_event_extra.py
[2026-07-01T09:32:11.475+0000] {processor.py:914} INFO - Processing file /home/airflow/.local/lib/python3.12/site-packages/airflow/example_dags/example_outlet_event_extra.py for tasks to queue
[2026-07-01T09:32:11.477+0000] {logging_mixin.py:190} INFO - [2026-07-01T09:32:11.477+0000] {dagbag.py:587} INFO - Filling up the DagBag from /home/airflow/.local/lib/python3.12/site-packages/airflow/example_dags/example_outlet_event_extra.py
[2026-07-01T09:32:11.689+0000] {processor.py:925} INFO - DAG(s) 'dataset_with_extra_by_yield', 'dataset_with_extra_from_classic_operator', 'dataset_with_extra_by_context' retrieved from /home/airflow/.local/lib/python3.12/site-packages/airflow/example_dags/example_outlet_event_extra.py
[2026-07-01T09:32:11.703+0000] {logging_mixin.py:190} INFO - [2026-07-01T09:32:11.703+0000] {dag.py:3211} INFO - Sync 3 DAGs
[2026-07-01T09:32:11.717+0000] {logging_mixin.py:190} INFO - [2026-07-01T09:32:11.716+0000] {dag.py:4138} INFO - Setting next_dagrun for dataset_with_extra_by_context to 2026-06-30 00:00:00+00:00, run_after=2026-07-01 00:00:00+00:00
[2026-07-01T09:32:11.719+0000] {logging_mixin.py:190} INFO - [2026-07-01T09:32:11.719+0000] {dag.py:4138} INFO - Setting next_dagrun for dataset_with_extra_by_yield to 2026-06-30 00:00:00+00:00, run_after=2026-07-01 00:00:00+00:00
[2026-07-01T09:32:11.721+0000] {logging_mixin.py:190} INFO - [2026-07-01T09:32:11.721+0000] {dag.py:4138} INFO - Setting next_dagrun for dataset_with_extra_from_classic_operator to 2026-06-30 00:00:00+00:00, run_after=2026-07-01 00:00:00+00:00
[2026-07-01T09:32:11.733+0000] {processor.py:208} INFO - Processing /home/airflow/.local/lib/python3.12/site-packages/airflow/example_dags/example_outlet_event_extra.py took 0.264 seconds
[2026-07-01T09:32:41.810+0000] {processor.py:186} INFO - Started process (PID=2400) to work on /home/airflow/.local/lib/python3.12/site-packages/airflow/example_dags/example_outlet_event_extra.py
[2026-07-01T09:32:41.811+0000] {processor.py:914} INFO - Processing file /home/airflow/.local/lib/python3.12/site-packages/airflow/example_dags/example_outlet_event_extra.py for tasks to queue
[2026-07-01T09:32:41.813+0000] {logging_mixin.py:190} INFO - [2026-07-01T09:32:41.813+0000] {dagbag.py:587} INFO - Filling up the DagBag from /home/airflow/.local/lib/python3.12/site-packages/airflow/example_dags/example_outlet_event_extra.py
[2026-07-01T09:32:42.067+0000] {processor.py:925} INFO - DAG(s) 'dataset_with_extra_by_yield', 'dataset_with_extra_by_context', 'dataset_with_extra_from_classic_operator' retrieved from /home/airflow/.local/lib/python3.12/site-packages/airflow/example_dags/example_outlet_event_extra.py
[2026-07-01T09:32:42.084+0000] {logging_mixin.py:190} INFO - [2026-07-01T09:32:42.084+0000] {dag.py:3211} INFO - Sync 3 DAGs
[2026-07-01T09:32:42.102+0000] {logging_mixin.py:190} INFO - [2026-07-01T09:32:42.101+0000] {dag.py:4138} INFO - Setting next_dagrun for dataset_with_extra_by_context to 2026-06-30 00:00:00+00:00, run_after=2026-07-01 00:00:00+00:00
[2026-07-01T09:32:42.105+0000] {logging_mixin.py:190} INFO - [2026-07-01T09:32:42.105+0000] {dag.py:4138} INFO - Setting next_dagrun for dataset_with_extra_by_yield to 2026-06-30 00:00:00+00:00, run_after=2026-07-01 00:00:00+00:00
[2026-07-01T09:32:42.107+0000] {logging_mixin.py:190} INFO - [2026-07-01T09:32:42.107+0000] {dag.py:4138} INFO - Setting next_dagrun for dataset_with_extra_from_classic_operator to 2026-06-30 00:00:00+00:00, run_after=2026-07-01 00:00:00+00:00
[2026-07-01T09:32:42.120+0000] {processor.py:208} INFO - Processing /home/airflow/.local/lib/python3.12/site-packages/airflow/example_dags/example_outlet_event_extra.py took 0.315 seconds
[2026-07-01T09:33:12.402+0000] {processor.py:186} INFO - Started process (PID=2462) to work on /home/airflow/.local/lib/python3.12/site-packages/airflow/example_dags/example_outlet_event_extra.py
[2026-07-01T09:33:12.403+0000] {processor.py:914} INFO - Processing file /home/airflow/.local/lib/python3.12/site-packages/airflow/example_dags/example_outlet_event_extra.py for tasks to queue
[2026-07-01T09:33:12.405+0000] {logging_mixin.py:190} INFO - [2026-07-01T09:33:12.405+0000] {dagbag.py:587} INFO - Filling up the DagBag from /home/airflow/.local/lib/python3.12/site-packages/airflow/example_dags/example_outlet_event_extra.py
[2026-07-01T09:33:12.635+0000] {processor.py:925} INFO - DAG(s) 'dataset_with_extra_by_context', 'dataset_with_extra_from_classic_operator', 'dataset_with_extra_by_yield' retrieved from /home/airflow/.local/lib/python3.12/site-packages/airflow/example_dags/example_outlet_event_extra.py
[2026-07-01T09:33:12.651+0000] {logging_mixin.py:190} INFO - [2026-07-01T09:33:12.651+0000] {dag.py:3211} INFO - Sync 3 DAGs
[2026-07-01T09:33:12.666+0000] {logging_mixin.py:190} INFO - [2026-07-01T09:33:12.666+0000] {dag.py:4138} INFO - Setting next_dagrun for dataset_with_extra_by_context to 2026-06-30 00:00:00+00:00, run_after=2026-07-01 00:00:00+00:00
[2026-07-01T09:33:12.669+0000] {logging_mixin.py:190} INFO - [2026-07-01T09:33:12.669+0000] {dag.py:4138} INFO - Setting next_dagrun for dataset_with_extra_by_yield to 2026-06-30 00:00:00+00:00, run_after=2026-07-01 00:00:00+00:00
[2026-07-01T09:33:12.671+0000] {logging_mixin.py:190} INFO - [2026-07-01T09:33:12.671+0000] {dag.py:4138} INFO - Setting next_dagrun for dataset_with_extra_from_classic_operator to 2026-06-30 00:00:00+00:00, run_after=2026-07-01 00:00:00+00:00
[2026-07-01T09:33:12.685+0000] {processor.py:208} INFO - Processing /home/airflow/.local/lib/python3.12/site-packages/airflow/example_dags/example_outlet_event_extra.py took 0.287 seconds
[2026-07-01T09:33:43.211+0000] {processor.py:186} INFO - Started process (PID=2521) to work on /home/airflow/.local/lib/python3.12/site-packages/airflow/example_dags/example_outlet_event_extra.py
[2026-07-01T09:33:43.212+0000] {processor.py:914} INFO - Processing file /home/airflow/.local/lib/python3.12/site-packages/airflow/example_dags/example_outlet_event_extra.py for tasks to queue
[2026-07-01T09:33:43.215+0000] {logging_mixin.py:190} INFO - [2026-07-01T09:33:43.215+0000] {dagbag.py:587} INFO - Filling up the DagBag from /home/airflow/.local/lib/python3.12/site-packages/airflow/example_dags/example_outlet_event_extra.py
[2026-07-01T09:33:43.468+0000] {processor.py:925} INFO - DAG(s) 'dataset_with_extra_by_context', 'dataset_with_extra_by_yield', 'dataset_with_extra_from_classic_operator' retrieved from /home/airflow/.local/lib/python3.12/site-packages/airflow/example_dags/example_outlet_event_extra.py
[2026-07-01T09:33:43.486+0000] {logging_mixin.py:190} INFO - [2026-07-01T09:33:43.485+0000] {dag.py:3211} INFO - Sync 3 DAGs
[2026-07-01T09:33:43.500+0000] {logging_mixin.py:190} INFO - [2026-07-01T09:33:43.499+0000] {dag.py:4138} INFO - Setting next_dagrun for dataset_with_extra_by_context to 2026-06-30 00:00:00+00:00, run_after=2026-07-01 00:00:00+00:00
[2026-07-01T09:33:43.504+0000] {logging_mixin.py:190} INFO - [2026-07-01T09:33:43.504+0000] {dag.py:4138} INFO - Setting next_dagrun for dataset_with_extra_by_yield to 2026-06-30 00:00:00+00:00, run_after=2026-07-01 00:00:00+00:00
[2026-07-01T09:33:43.505+0000] {logging_mixin.py:190} INFO - [2026-07-01T09:33:43.505+0000] {dag.py:4138} INFO - Setting next_dagrun for dataset_with_extra_from_classic_operator to 2026-06-30 00:00:00+00:00, run_after=2026-07-01 00:00:00+00:00
[2026-07-01T09:33:43.519+0000] {processor.py:208} INFO - Processing /home/airflow/.local/lib/python3.12/site-packages/airflow/example_dags/example_outlet_event_extra.py took 0.312 seconds
[2026-07-01T09:34:14.041+0000] {processor.py:186} INFO - Started process (PID=2584) to work on /home/airflow/.local/lib/python3.12/site-packages/airflow/example_dags/example_outlet_event_extra.py
[2026-07-01T09:34:14.043+0000] {processor.py:914} INFO - Processing file /home/airflow/.local/lib/python3.12/site-packages/airflow/example_dags/example_outlet_event_extra.py for tasks to queue
[2026-07-01T09:34:14.045+0000] {logging_mixin.py:190} INFO - [2026-07-01T09:34:14.045+0000] {dagbag.py:587} INFO - Filling up the DagBag from /home/airflow/.local/lib/python3.12/site-packages/airflow/example_dags/example_outlet_event_extra.py
[2026-07-01T09:34:14.381+0000] {processor.py:925} INFO - DAG(s) 'dataset_with_extra_from_classic_operator', 'dataset_with_extra_by_yield', 'dataset_with_extra_by_context' retrieved from /home/airflow/.local/lib/python3.12/site-packages/airflow/example_dags/example_outlet_event_extra.py
[2026-07-01T09:34:14.407+0000] {logging_mixin.py:190} INFO - [2026-07-01T09:34:14.407+0000] {dag.py:3211} INFO - Sync 3 DAGs
[2026-07-01T09:34:14.428+0000] {logging_mixin.py:190} INFO - [2026-07-01T09:34:14.427+0000] {dag.py:4138} INFO - Setting next_dagrun for dataset_with_extra_by_context to 2026-06-30 00:00:00+00:00, run_after=2026-07-01 00:00:00+00:00
[2026-07-01T09:34:14.432+0000] {logging_mixin.py:190} INFO - [2026-07-01T09:34:14.432+0000] {dag.py:4138} INFO - Setting next_dagrun for dataset_with_extra_by_yield to 2026-06-30 00:00:00+00:00, run_after=2026-07-01 00:00:00+00:00
[2026-07-01T09:34:14.435+0000] {logging_mixin.py:190} INFO - [2026-07-01T09:34:14.435+0000] {dag.py:4138} INFO - Setting next_dagrun for dataset_with_extra_from_classic_operator to 2026-06-30 00:00:00+00:00, run_after=2026-07-01 00:00:00+00:00
[2026-07-01T09:34:14.456+0000] {processor.py:208} INFO - Processing /home/airflow/.local/lib/python3.12/site-packages/airflow/example_dags/example_outlet_event_extra.py took 0.420 seconds
[2026-07-01T09:34:45.131+0000] {processor.py:186} INFO - Started process (PID=2650) to work on /home/airflow/.local/lib/python3.12/site-packages/airflow/example_dags/example_outlet_event_extra.py
[2026-07-01T09:34:45.134+0000] {processor.py:914} INFO - Processing file /home/airflow/.local/lib/python3.12/site-packages/airflow/example_dags/example_outlet_event_extra.py for tasks to queue
[2026-07-01T09:34:45.136+0000] {logging_mixin.py:190} INFO - [2026-07-01T09:34:45.136+0000] {dagbag.py:587} INFO - Filling up the DagBag from /home/airflow/.local/lib/python3.12/site-packages/airflow/example_dags/example_outlet_event_extra.py
[2026-07-01T09:34:45.378+0000] {processor.py:925} INFO - DAG(s) 'dataset_with_extra_by_yield', 'dataset_with_extra_from_classic_operator', 'dataset_with_extra_by_context' retrieved from /home/airflow/.local/lib/python3.12/site-packages/airflow/example_dags/example_outlet_event_extra.py
[2026-07-01T09:34:45.396+0000] {logging_mixin.py:190} INFO - [2026-07-01T09:34:45.396+0000] {dag.py:3211} INFO - Sync 3 DAGs
[2026-07-01T09:34:45.411+0000] {logging_mixin.py:190} INFO - [2026-07-01T09:34:45.411+0000] {dag.py:4138} INFO - Setting next_dagrun for dataset_with_extra_by_context to 2026-06-30 00:00:00+00:00, run_after=2026-07-01 00:00:00+00:00
[2026-07-01T09:34:45.416+0000] {logging_mixin.py:190} INFO - [2026-07-01T09:34:45.415+0000] {dag.py:4138} INFO - Setting next_dagrun for dataset_with_extra_by_yield to 2026-06-30 00:00:00+00:00, run_after=2026-07-01 00:00:00+00:00
[2026-07-01T09:34:45.418+0000] {logging_mixin.py:190} INFO - [2026-07-01T09:34:45.417+0000] {dag.py:4138} INFO - Setting next_dagrun for dataset_with_extra_from_classic_operator to 2026-06-30 00:00:00+00:00, run_after=2026-07-01 00:00:00+00:00
[2026-07-01T09:34:45.434+0000] {processor.py:208} INFO - Processing /home/airflow/.local/lib/python3.12/site-packages/airflow/example_dags/example_outlet_event_extra.py took 0.307 seconds
[2026-07-01T09:35:15.805+0000] {processor.py:186} INFO - Started process (PID=2715) to work on /home/airflow/.local/lib/python3.12/site-packages/airflow/example_dags/example_outlet_event_extra.py
[2026-07-01T09:35:15.806+0000] {processor.py:914} INFO - Processing file /home/airflow/.local/lib/python3.12/site-packages/airflow/example_dags/example_outlet_event_extra.py for tasks to queue
[2026-07-01T09:35:15.808+0000] {logging_mixin.py:190} INFO - [2026-07-01T09:35:15.808+0000] {dagbag.py:587} INFO - Filling up the DagBag from /home/airflow/.local/lib/python3.12/site-packages/airflow/example_dags/example_outlet_event_extra.py
[2026-07-01T09:35:16.020+0000] {processor.py:925} INFO - DAG(s) 'dataset_with_extra_from_classic_operator', 'dataset_with_extra_by_yield', 'dataset_with_extra_by_context' retrieved from /home/airflow/.local/lib/python3.12/site-packages/airflow/example_dags/example_outlet_event_extra.py
[2026-07-01T09:35:16.034+0000] {logging_mixin.py:190} INFO - [2026-07-01T09:35:16.034+0000] {dag.py:3211} INFO - Sync 3 DAGs
[2026-07-01T09:35:16.046+0000] {logging_mixin.py:190} INFO - [2026-07-01T09:35:16.046+0000] {dag.py:4138} INFO - Setting next_dagrun for dataset_with_extra_by_context to 2026-06-30 00:00:00+00:00, run_after=2026-07-01 00:00:00+00:00
[2026-07-01T09:35:16.049+0000] {logging_mixin.py:190} INFO - [2026-07-01T09:35:16.049+0000] {dag.py:4138} INFO - Setting next_dagrun for dataset_with_extra_by_yield to 2026-06-30 00:00:00+00:00, run_after=2026-07-01 00:00:00+00:00
[2026-07-01T09:35:16.050+0000] {logging_mixin.py:190} INFO - [2026-07-01T09:35:16.050+0000] {dag.py:4138} INFO - Setting next_dagrun for dataset_with_extra_from_classic_operator to 2026-06-30 00:00:00+00:00, run_after=2026-07-01 00:00:00+00:00
[2026-07-01T09:35:16.062+0000] {processor.py:208} INFO - Processing /home/airflow/.local/lib/python3.12/site-packages/airflow/example_dags/example_outlet_event_extra.py took 0.261 seconds
[2026-07-01T09:35:46.209+0000] {processor.py:186} INFO - Started process (PID=2775) to work on /home/airflow/.local/lib/python3.12/site-packages/airflow/example_dags/example_outlet_event_extra.py
[2026-07-01T09:35:46.210+0000] {processor.py:914} INFO - Processing file /home/airflow/.local/lib/python3.12/site-packages/airflow/example_dags/example_outlet_event_extra.py for tasks to queue
[2026-07-01T09:35:46.214+0000] {logging_mixin.py:190} INFO - [2026-07-01T09:35:46.214+0000] {dagbag.py:587} INFO - Filling up the DagBag from /home/airflow/.local/lib/python3.12/site-packages/airflow/example_dags/example_outlet_event_extra.py
[2026-07-01T09:35:46.465+0000] {processor.py:925} INFO - DAG(s) 'dataset_with_extra_from_classic_operator', 'dataset_with_extra_by_yield', 'dataset_with_extra_by_context' retrieved from /home/airflow/.local/lib/python3.12/site-packages/airflow/example_dags/example_outlet_event_extra.py
[2026-07-01T09:35:46.484+0000] {logging_mixin.py:190} INFO - [2026-07-01T09:35:46.484+0000] {dag.py:3211} INFO - Sync 3 DAGs
[2026-07-01T09:35:46.501+0000] {logging_mixin.py:190} INFO - [2026-07-01T09:35:46.501+0000] {dag.py:4138} INFO - Setting next_dagrun for dataset_with_extra_by_context to 2026-06-30 00:00:00+00:00, run_after=2026-07-01 00:00:00+00:00
[2026-07-01T09:35:46.505+0000] {logging_mixin.py:190} INFO - [2026-07-01T09:35:46.505+0000] {dag.py:4138} INFO - Setting next_dagrun for dataset_with_extra_by_yield to 2026-06-30 00:00:00+00:00, run_after=2026-07-01 00:00:00+00:00
[2026-07-01T09:35:46.507+0000] {logging_mixin.py:190} INFO - [2026-07-01T09:35:46.507+0000] {dag.py:4138} INFO - Setting next_dagrun for dataset_with_extra_from_classic_operator to 2026-06-30 00:00:00+00:00, run_after=2026-07-01 00:00:00+00:00
[2026-07-01T09:35:46.523+0000] {processor.py:208} INFO - Processing /home/airflow/.local/lib/python3.12/site-packages/airflow/example_dags/example_outlet_event_extra.py took 0.319 seconds
[2026-07-01T09:36:16.773+0000] {processor.py:186} INFO - Started process (PID=2831) to work on /home/airflow/.local/lib/python3.12/site-packages/airflow/example_dags/example_outlet_event_extra.py
[2026-07-01T09:36:16.774+0000] {processor.py:914} INFO - Processing file /home/airflow/.local/lib/python3.12/site-packages/airflow/example_dags/example_outlet_event_extra.py for tasks to queue
[2026-07-01T09:36:16.776+0000] {logging_mixin.py:190} INFO - [2026-07-01T09:36:16.776+0000] {dagbag.py:587} INFO - Filling up the DagBag from /home/airflow/.local/lib/python3.12/site-packages/airflow/example_dags/example_outlet_event_extra.py
[2026-07-01T09:36:17.048+0000] {processor.py:925} INFO - DAG(s) 'dataset_with_extra_by_yield', 'dataset_with_extra_from_classic_operator', 'dataset_with_extra_by_context' retrieved from /home/airflow/.local/lib/python3.12/site-packages/airflow/example_dags/example_outlet_event_extra.py
[2026-07-01T09:36:17.068+0000] {logging_mixin.py:190} INFO - [2026-07-01T09:36:17.068+0000] {dag.py:3211} INFO - Sync 3 DAGs
[2026-07-01T09:36:17.086+0000] {logging_mixin.py:190} INFO - [2026-07-01T09:36:17.086+0000] {dag.py:4138} INFO - Setting next_dagrun for dataset_with_extra_by_context to 2026-06-30 00:00:00+00:00, run_after=2026-07-01 00:00:00+00:00
[2026-07-01T09:36:17.090+0000] {logging_mixin.py:190} INFO - [2026-07-01T09:36:17.090+0000] {dag.py:4138} INFO - Setting next_dagrun for dataset_with_extra_by_yield to 2026-06-30 00:00:00+00:00, run_after=2026-07-01 00:00:00+00:00
[2026-07-01T09:36:17.093+0000] {logging_mixin.py:190} INFO - [2026-07-01T09:36:17.093+0000] {dag.py:4138} INFO - Setting next_dagrun for dataset_with_extra_from_classic_operator to 2026-06-30 00:00:00+00:00, run_after=2026-07-01 00:00:00+00:00
[2026-07-01T09:36:17.109+0000] {processor.py:208} INFO - Processing /home/airflow/.local/lib/python3.12/site-packages/airflow/example_dags/example_outlet_event_extra.py took 0.341 seconds
[2026-07-01T09:36:47.788+0000] {processor.py:186} INFO - Started process (PID=2894) to work on /home/airflow/.local/lib/python3.12/site-packages/airflow/example_dags/example_outlet_event_extra.py
[2026-07-01T09:36:47.789+0000] {processor.py:914} INFO - Processing file /home/airflow/.local/lib/python3.12/site-packages/airflow/example_dags/example_outlet_event_extra.py for tasks to queue
[2026-07-01T09:36:47.791+0000] {logging_mixin.py:190} INFO - [2026-07-01T09:36:47.791+0000] {dagbag.py:587} INFO - Filling up the DagBag from /home/airflow/.local/lib/python3.12/site-packages/airflow/example_dags/example_outlet_event_extra.py
[2026-07-01T09:36:48.085+0000] {processor.py:925} INFO - DAG(s) 'dataset_with_extra_by_context', 'dataset_with_extra_from_classic_operator', 'dataset_with_extra_by_yield' retrieved from /home/airflow/.local/lib/python3.12/site-packages/airflow/example_dags/example_outlet_event_extra.py
[2026-07-01T09:36:48.107+0000] {logging_mixin.py:190} INFO - [2026-07-01T09:36:48.107+0000] {dag.py:3211} INFO - Sync 3 DAGs
[2026-07-01T09:36:48.121+0000] {logging_mixin.py:190} INFO - [2026-07-01T09:36:48.121+0000] {dag.py:4138} INFO - Setting next_dagrun for dataset_with_extra_by_context to 2026-06-30 00:00:00+00:00, run_after=2026-07-01 00:00:00+00:00
[2026-07-01T09:36:48.126+0000] {logging_mixin.py:190} INFO - [2026-07-01T09:36:48.125+0000] {dag.py:4138} INFO - Setting next_dagrun for dataset_with_extra_by_yield to 2026-06-30 00:00:00+00:00, run_after=2026-07-01 00:00:00+00:00
[2026-07-01T09:36:48.128+0000] {logging_mixin.py:190} INFO - [2026-07-01T09:36:48.128+0000] {dag.py:4138} INFO - Setting next_dagrun for dataset_with_extra_from_classic_operator to 2026-06-30 00:00:00+00:00, run_after=2026-07-01 00:00:00+00:00
[2026-07-01T09:36:48.142+0000] {processor.py:208} INFO - Processing /home/airflow/.local/lib/python3.12/site-packages/airflow/example_dags/example_outlet_event_extra.py took 0.358 seconds
[2026-07-01T09:37:19.683+0000] {processor.py:186} INFO - Started process (PID=2961) to work on /home/airflow/.local/lib/python3.12/site-packages/airflow/example_dags/example_outlet_event_extra.py
[2026-07-01T09:37:19.684+0000] {processor.py:914} INFO - Processing file /home/airflow/.local/lib/python3.12/site-packages/airflow/example_dags/example_outlet_event_extra.py for tasks to queue
[2026-07-01T09:37:19.687+0000] {logging_mixin.py:190} INFO - [2026-07-01T09:37:19.686+0000] {dagbag.py:587} INFO - Filling up the DagBag from /home/airflow/.local/lib/python3.12/site-packages/airflow/example_dags/example_outlet_event_extra.py
[2026-07-01T09:37:19.958+0000] {processor.py:925} INFO - DAG(s) 'dataset_with_extra_from_classic_operator', 'dataset_with_extra_by_yield', 'dataset_with_extra_by_context' retrieved from /home/airflow/.local/lib/python3.12/site-packages/airflow/example_dags/example_outlet_event_extra.py
[2026-07-01T09:37:19.973+0000] {logging_mixin.py:190} INFO - [2026-07-01T09:37:19.972+0000] {dag.py:3211} INFO - Sync 3 DAGs
[2026-07-01T09:37:19.986+0000] {logging_mixin.py:190} INFO - [2026-07-01T09:37:19.986+0000] {dag.py:4138} INFO - Setting next_dagrun for dataset_with_extra_by_context to 2026-06-30 00:00:00+00:00, run_after=2026-07-01 00:00:00+00:00
[2026-07-01T09:37:19.989+0000] {logging_mixin.py:190} INFO - [2026-07-01T09:37:19.989+0000] {dag.py:4138} INFO - Setting next_dagrun for dataset_with_extra_by_yield to 2026-06-30 00:00:00+00:00, run_after=2026-07-01 00:00:00+00:00
[2026-07-01T09:37:19.991+0000] {logging_mixin.py:190} INFO - [2026-07-01T09:37:19.991+0000] {dag.py:4138} INFO - Setting next_dagrun for dataset_with_extra_from_classic_operator to 2026-06-30 00:00:00+00:00, run_after=2026-07-01 00:00:00+00:00
[2026-07-01T09:37:20.004+0000] {processor.py:208} INFO - Processing /home/airflow/.local/lib/python3.12/site-packages/airflow/example_dags/example_outlet_event_extra.py took 0.329 seconds
[2026-07-01T09:37:50.715+0000] {processor.py:186} INFO - Started process (PID=3023) to work on /home/airflow/.local/lib/python3.12/site-packages/airflow/example_dags/example_outlet_event_extra.py
[2026-07-01T09:37:50.716+0000] {processor.py:914} INFO - Processing file /home/airflow/.local/lib/python3.12/site-packages/airflow/example_dags/example_outlet_event_extra.py for tasks to queue
[2026-07-01T09:37:50.717+0000] {logging_mixin.py:190} INFO - [2026-07-01T09:37:50.717+0000] {dagbag.py:587} INFO - Filling up the DagBag from /home/airflow/.local/lib/python3.12/site-packages/airflow/example_dags/example_outlet_event_extra.py
[2026-07-01T09:37:50.962+0000] {processor.py:925} INFO - DAG(s) 'dataset_with_extra_by_context', 'dataset_with_extra_from_classic_operator', 'dataset_with_extra_by_yield' retrieved from /home/airflow/.local/lib/python3.12/site-packages/airflow/example_dags/example_outlet_event_extra.py
[2026-07-01T09:37:50.979+0000] {logging_mixin.py:190} INFO - [2026-07-01T09:37:50.978+0000] {dag.py:3211} INFO - Sync 3 DAGs
[2026-07-01T09:37:50.995+0000] {logging_mixin.py:190} INFO - [2026-07-01T09:37:50.995+0000] {dag.py:4138} INFO - Setting next_dagrun for dataset_with_extra_by_context to 2026-06-30 00:00:00+00:00, run_after=2026-07-01 00:00:00+00:00
[2026-07-01T09:37:50.998+0000] {logging_mixin.py:190} INFO - [2026-07-01T09:37:50.998+0000] {dag.py:4138} INFO - Setting next_dagrun for dataset_with_extra_by_yield to 2026-06-30 00:00:00+00:00, run_after=2026-07-01 00:00:00+00:00
[2026-07-01T09:37:51.000+0000] {logging_mixin.py:190} INFO - [2026-07-01T09:37:51.000+0000] {dag.py:4138} INFO - Setting next_dagrun for dataset_with_extra_from_classic_operator to 2026-06-30 00:00:00+00:00, run_after=2026-07-01 00:00:00+00:00
[2026-07-01T09:37:51.014+0000] {processor.py:208} INFO - Processing /home/airflow/.local/lib/python3.12/site-packages/airflow/example_dags/example_outlet_event_extra.py took 0.305 seconds
[2026-07-01T09:38:22.656+0000] {processor.py:186} INFO - Started process (PID=3085) to work on /home/airflow/.local/lib/python3.12/site-packages/airflow/example_dags/example_outlet_event_extra.py
[2026-07-01T09:38:22.657+0000] {processor.py:914} INFO - Processing file /home/airflow/.local/lib/python3.12/site-packages/airflow/example_dags/example_outlet_event_extra.py for tasks to queue
[2026-07-01T09:38:22.658+0000] {logging_mixin.py:190} INFO - [2026-07-01T09:38:22.658+0000] {dagbag.py:587} INFO - Filling up the DagBag from /home/airflow/.local/lib/python3.12/site-packages/airflow/example_dags/example_outlet_event_extra.py
[2026-07-01T09:38:22.889+0000] {processor.py:925} INFO - DAG(s) 'dataset_with_extra_from_classic_operator', 'dataset_with_extra_by_context', 'dataset_with_extra_by_yield' retrieved from /home/airflow/.local/lib/python3.12/site-packages/airflow/example_dags/example_outlet_event_extra.py
[2026-07-01T09:38:22.904+0000] {logging_mixin.py:190} INFO - [2026-07-01T09:38:22.904+0000] {dag.py:3211} INFO - Sync 3 DAGs
[2026-07-01T09:38:22.917+0000] {logging_mixin.py:190} INFO - [2026-07-01T09:38:22.917+0000] {dag.py:4138} INFO - Setting next_dagrun for dataset_with_extra_by_context to 2026-06-30 00:00:00+00:00, run_after=2026-07-01 00:00:00+00:00
[2026-07-01T09:38:22.920+0000] {logging_mixin.py:190} INFO - [2026-07-01T09:38:22.919+0000] {dag.py:4138} INFO - Setting next_dagrun for dataset_with_extra_by_yield to 2026-06-30 00:00:00+00:00, run_after=2026-07-01 00:00:00+00:00
[2026-07-01T09:38:22.921+0000] {logging_mixin.py:190} INFO - [2026-07-01T09:38:22.921+0000] {dag.py:4138} INFO - Setting next_dagrun for dataset_with_extra_from_classic_operator to 2026-06-30 00:00:00+00:00, run_after=2026-07-01 00:00:00+00:00
[2026-07-01T09:38:22.936+0000] {processor.py:208} INFO - Processing /home/airflow/.local/lib/python3.12/site-packages/airflow/example_dags/example_outlet_event_extra.py took 0.285 seconds
[2026-07-01T09:38:53.220+0000] {processor.py:186} INFO - Started process (PID=3147) to work on /home/airflow/.local/lib/python3.12/site-packages/airflow/example_dags/example_outlet_event_extra.py
[2026-07-01T09:38:53.220+0000] {processor.py:914} INFO - Processing file /home/airflow/.local/lib/python3.12/site-packages/airflow/example_dags/example_outlet_event_extra.py for tasks to queue
[2026-07-01T09:38:53.222+0000] {logging_mixin.py:190} INFO - [2026-07-01T09:38:53.222+0000] {dagbag.py:587} INFO - Filling up the DagBag from /home/airflow/.local/lib/python3.12/site-packages/airflow/example_dags/example_outlet_event_extra.py
[2026-07-01T09:38:53.469+0000] {processor.py:925} INFO - DAG(s) 'dataset_with_extra_from_classic_operator', 'dataset_with_extra_by_context', 'dataset_with_extra_by_yield' retrieved from /home/airflow/.local/lib/python3.12/site-packages/airflow/example_dags/example_outlet_event_extra.py
[2026-07-01T09:38:53.485+0000] {logging_mixin.py:190} INFO - [2026-07-01T09:38:53.485+0000] {dag.py:3211} INFO - Sync 3 DAGs
[2026-07-01T09:38:53.500+0000] {logging_mixin.py:190} INFO - [2026-07-01T09:38:53.500+0000] {dag.py:4138} INFO - Setting next_dagrun for dataset_with_extra_by_context to 2026-06-30 00:00:00+00:00, run_after=2026-07-01 00:00:00+00:00
[2026-07-01T09:38:53.503+0000] {logging_mixin.py:190} INFO - [2026-07-01T09:38:53.503+0000] {dag.py:4138} INFO - Setting next_dagrun for dataset_with_extra_by_yield to 2026-06-30 00:00:00+00:00, run_after=2026-07-01 00:00:00+00:00
[2026-07-01T09:38:53.505+0000] {logging_mixin.py:190} INFO - [2026-07-01T09:38:53.505+0000] {dag.py:4138} INFO - Setting next_dagrun for dataset_with_extra_from_classic_operator to 2026-06-30 00:00:00+00:00, run_after=2026-07-01 00:00:00+00:00
[2026-07-01T09:38:53.518+0000] {processor.py:208} INFO - Processing /home/airflow/.local/lib/python3.12/site-packages/airflow/example_dags/example_outlet_event_extra.py took 0.303 seconds
[2026-07-01T09:39:23.634+0000] {processor.py:186} INFO - Started process (PID=3209) to work on /home/airflow/.local/lib/python3.12/site-packages/airflow/example_dags/example_outlet_event_extra.py
[2026-07-01T09:39:23.635+0000] {processor.py:914} INFO - Processing file /home/airflow/.local/lib/python3.12/site-packages/airflow/example_dags/example_outlet_event_extra.py for tasks to queue
[2026-07-01T09:39:23.638+0000] {logging_mixin.py:190} INFO - [2026-07-01T09:39:23.637+0000] {dagbag.py:587} INFO - Filling up the DagBag from /home/airflow/.local/lib/python3.12/site-packages/airflow/example_dags/example_outlet_event_extra.py
[2026-07-01T09:39:23.889+0000] {processor.py:925} INFO - DAG(s) 'dataset_with_extra_by_context', 'dataset_with_extra_by_yield', 'dataset_with_extra_from_classic_operator' retrieved from /home/airflow/.local/lib/python3.12/site-packages/airflow/example_dags/example_outlet_event_extra.py
[2026-07-01T09:39:23.907+0000] {logging_mixin.py:190} INFO - [2026-07-01T09:39:23.907+0000] {dag.py:3211} INFO - Sync 3 DAGs
[2026-07-01T09:39:23.923+0000] {logging_mixin.py:190} INFO - [2026-07-01T09:39:23.922+0000] {dag.py:4138} INFO - Setting next_dagrun for dataset_with_extra_by_context to 2026-06-30 00:00:00+00:00, run_after=2026-07-01 00:00:00+00:00
[2026-07-01T09:39:23.927+0000] {logging_mixin.py:190} INFO - [2026-07-01T09:39:23.927+0000] {dag.py:4138} INFO - Setting next_dagrun for dataset_with_extra_by_yield to 2026-06-30 00:00:00+00:00, run_after=2026-07-01 00:00:00+00:00
[2026-07-01T09:39:23.929+0000] {logging_mixin.py:190} INFO - [2026-07-01T09:39:23.929+0000] {dag.py:4138} INFO - Setting next_dagrun for dataset_with_extra_from_classic_operator to 2026-06-30 00:00:00+00:00, run_after=2026-07-01 00:00:00+00:00
[2026-07-01T09:39:23.943+0000] {processor.py:208} INFO - Processing /home/airflow/.local/lib/python3.12/site-packages/airflow/example_dags/example_outlet_event_extra.py took 0.315 seconds
[2026-07-01T09:39:54.725+0000] {processor.py:186} INFO - Started process (PID=3271) to work on /home/airflow/.local/lib/python3.12/site-packages/airflow/example_dags/example_outlet_event_extra.py
[2026-07-01T09:39:54.726+0000] {processor.py:914} INFO - Processing file /home/airflow/.local/lib/python3.12/site-packages/airflow/example_dags/example_outlet_event_extra.py for tasks to queue
[2026-07-01T09:39:54.727+0000] {logging_mixin.py:190} INFO - [2026-07-01T09:39:54.727+0000] {dagbag.py:587} INFO - Filling up the DagBag from /home/airflow/.local/lib/python3.12/site-packages/airflow/example_dags/example_outlet_event_extra.py
[2026-07-01T09:39:54.948+0000] {processor.py:925} INFO - DAG(s) 'dataset_with_extra_by_context', 'dataset_with_extra_by_yield', 'dataset_with_extra_from_classic_operator' retrieved from /home/airflow/.local/lib/python3.12/site-packages/airflow/example_dags/example_outlet_event_extra.py
[2026-07-01T09:39:54.964+0000] {logging_mixin.py:190} INFO - [2026-07-01T09:39:54.964+0000] {dag.py:3211} INFO - Sync 3 DAGs
[2026-07-01T09:39:54.978+0000] {logging_mixin.py:190} INFO - [2026-07-01T09:39:54.978+0000] {dag.py:4138} INFO - Setting next_dagrun for dataset_with_extra_by_context to 2026-06-30 00:00:00+00:00, run_after=2026-07-01 00:00:00+00:00
[2026-07-01T09:39:54.981+0000] {logging_mixin.py:190} INFO - [2026-07-01T09:39:54.981+0000] {dag.py:4138} INFO - Setting next_dagrun for dataset_with_extra_by_yield to 2026-06-30 00:00:00+00:00, run_after=2026-07-01 00:00:00+00:00
[2026-07-01T09:39:54.983+0000] {logging_mixin.py:190} INFO - [2026-07-01T09:39:54.983+0000] {dag.py:4138} INFO - Setting next_dagrun for dataset_with_extra_from_classic_operator to 2026-06-30 00:00:00+00:00, run_after=2026-07-01 00:00:00+00:00
[2026-07-01T09:39:54.996+0000] {processor.py:208} INFO - Processing /home/airflow/.local/lib/python3.12/site-packages/airflow/example_dags/example_outlet_event_extra.py took 0.276 seconds
[2026-07-01T09:40:25.580+0000] {processor.py:186} INFO - Started process (PID=3333) to work on /home/airflow/.local/lib/python3.12/site-packages/airflow/example_dags/example_outlet_event_extra.py
[2026-07-01T09:40:25.581+0000] {processor.py:914} INFO - Processing file /home/airflow/.local/lib/python3.12/site-packages/airflow/example_dags/example_outlet_event_extra.py for tasks to queue
[2026-07-01T09:40:25.583+0000] {logging_mixin.py:190} INFO - [2026-07-01T09:40:25.583+0000] {dagbag.py:587} INFO - Filling up the DagBag from /home/airflow/.local/lib/python3.12/site-packages/airflow/example_dags/example_outlet_event_extra.py
[2026-07-01T09:40:25.678+0000] {processor.py:925} INFO - DAG(s) 'dataset_with_extra_from_classic_operator', 'dataset_with_extra_by_context', 'dataset_with_extra_by_yield' retrieved from /home/airflow/.local/lib/python3.12/site-packages/airflow/example_dags/example_outlet_event_extra.py
[2026-07-01T09:40:25.695+0000] {logging_mixin.py:190} INFO - [2026-07-01T09:40:25.695+0000] {dag.py:3211} INFO - Sync 3 DAGs
[2026-07-01T09:40:25.712+0000] {logging_mixin.py:190} INFO - [2026-07-01T09:40:25.712+0000] {dag.py:4138} INFO - Setting next_dagrun for dataset_with_extra_by_context to 2026-06-30 00:00:00+00:00, run_after=2026-07-01 00:00:00+00:00
[2026-07-01T09:40:25.715+0000] {logging_mixin.py:190} INFO - [2026-07-01T09:40:25.715+0000] {dag.py:4138} INFO - Setting next_dagrun for dataset_with_extra_by_yield to 2026-06-30 00:00:00+00:00, run_after=2026-07-01 00:00:00+00:00
[2026-07-01T09:40:25.716+0000] {logging_mixin.py:190} INFO - [2026-07-01T09:40:25.716+0000] {dag.py:4138} INFO - Setting next_dagrun for dataset_with_extra_from_classic_operator to 2026-06-30 00:00:00+00:00, run_after=2026-07-01 00:00:00+00:00
[2026-07-01T09:40:25.731+0000] {processor.py:208} INFO - Processing /home/airflow/.local/lib/python3.12/site-packages/airflow/example_dags/example_outlet_event_extra.py took 0.155 seconds
[2026-07-01T09:40:56.003+0000] {processor.py:186} INFO - Started process (PID=3395) to work on /home/airflow/.local/lib/python3.12/site-packages/airflow/example_dags/example_outlet_event_extra.py
[2026-07-01T09:40:56.004+0000] {processor.py:914} INFO - Processing file /home/airflow/.local/lib/python3.12/site-packages/airflow/example_dags/example_outlet_event_extra.py for tasks to queue
[2026-07-01T09:40:56.007+0000] {logging_mixin.py:190} INFO - [2026-07-01T09:40:56.006+0000] {dagbag.py:587} INFO - Filling up the DagBag from /home/airflow/.local/lib/python3.12/site-packages/airflow/example_dags/example_outlet_event_extra.py
[2026-07-01T09:40:56.114+0000] {processor.py:925} INFO - DAG(s) 'dataset_with_extra_by_context', 'dataset_with_extra_from_classic_operator', 'dataset_with_extra_by_yield' retrieved from /home/airflow/.local/lib/python3.12/site-packages/airflow/example_dags/example_outlet_event_extra.py
[2026-07-01T09:40:56.137+0000] {logging_mixin.py:190} INFO - [2026-07-01T09:40:56.137+0000] {dag.py:3211} INFO - Sync 3 DAGs
[2026-07-01T09:40:56.155+0000] {logging_mixin.py:190} INFO - [2026-07-01T09:40:56.155+0000] {dag.py:4138} INFO - Setting next_dagrun for dataset_with_extra_by_context to 2026-06-30 00:00:00+00:00, run_after=2026-07-01 00:00:00+00:00
[2026-07-01T09:40:56.159+0000] {logging_mixin.py:190} INFO - [2026-07-01T09:40:56.159+0000] {dag.py:4138} INFO - Setting next_dagrun for dataset_with_extra_by_yield to 2026-06-30 00:00:00+00:00, run_after=2026-07-01 00:00:00+00:00
[2026-07-01T09:40:56.161+0000] {logging_mixin.py:190} INFO - [2026-07-01T09:40:56.161+0000] {dag.py:4138} INFO - Setting next_dagrun for dataset_with_extra_from_classic_operator to 2026-06-30 00:00:00+00:00, run_after=2026-07-01 00:00:00+00:00
[2026-07-01T09:40:56.176+0000] {processor.py:208} INFO - Processing /home/airflow/.local/lib/python3.12/site-packages/airflow/example_dags/example_outlet_event_extra.py took 0.178 seconds
[2026-07-01T09:41:26.394+0000] {processor.py:186} INFO - Started process (PID=3457) to work on /home/airflow/.local/lib/python3.12/site-packages/airflow/example_dags/example_outlet_event_extra.py
[2026-07-01T09:41:26.396+0000] {processor.py:914} INFO - Processing file /home/airflow/.local/lib/python3.12/site-packages/airflow/example_dags/example_outlet_event_extra.py for tasks to queue
[2026-07-01T09:41:26.400+0000] {logging_mixin.py:190} INFO - [2026-07-01T09:41:26.400+0000] {dagbag.py:587} INFO - Filling up the DagBag from /home/airflow/.local/lib/python3.12/site-packages/airflow/example_dags/example_outlet_event_extra.py
[2026-07-01T09:41:26.526+0000] {processor.py:925} INFO - DAG(s) 'dataset_with_extra_by_yield', 'dataset_with_extra_from_classic_operator', 'dataset_with_extra_by_context' retrieved from /home/airflow/.local/lib/python3.12/site-packages/airflow/example_dags/example_outlet_event_extra.py
[2026-07-01T09:41:26.549+0000] {logging_mixin.py:190} INFO - [2026-07-01T09:41:26.549+0000] {dag.py:3211} INFO - Sync 3 DAGs
[2026-07-01T09:41:26.570+0000] {logging_mixin.py:190} INFO - [2026-07-01T09:41:26.570+0000] {dag.py:4138} INFO - Setting next_dagrun for dataset_with_extra_by_context to 2026-06-30 00:00:00+00:00, run_after=2026-07-01 00:00:00+00:00
[2026-07-01T09:41:26.574+0000] {logging_mixin.py:190} INFO - [2026-07-01T09:41:26.574+0000] {dag.py:4138} INFO - Setting next_dagrun for dataset_with_extra_by_yield to 2026-06-30 00:00:00+00:00, run_after=2026-07-01 00:00:00+00:00
[2026-07-01T09:41:26.576+0000] {logging_mixin.py:190} INFO - [2026-07-01T09:41:26.576+0000] {dag.py:4138} INFO - Setting next_dagrun for dataset_with_extra_from_classic_operator to 2026-06-30 00:00:00+00:00, run_after=2026-07-01 00:00:00+00:00
[2026-07-01T09:41:26.595+0000] {processor.py:208} INFO - Processing /home/airflow/.local/lib/python3.12/site-packages/airflow/example_dags/example_outlet_event_extra.py took 0.208 seconds
[2026-07-01T09:41:57.528+0000] {processor.py:186} INFO - Started process (PID=3520) to work on /home/airflow/.local/lib/python3.12/site-packages/airflow/example_dags/example_outlet_event_extra.py
[2026-07-01T09:41:57.529+0000] {processor.py:914} INFO - Processing file /home/airflow/.local/lib/python3.12/site-packages/airflow/example_dags/example_outlet_event_extra.py for tasks to queue
[2026-07-01T09:41:57.532+0000] {logging_mixin.py:190} INFO - [2026-07-01T09:41:57.531+0000] {dagbag.py:587} INFO - Filling up the DagBag from /home/airflow/.local/lib/python3.12/site-packages/airflow/example_dags/example_outlet_event_extra.py
[2026-07-01T09:41:57.632+0000] {processor.py:925} INFO - DAG(s) 'dataset_with_extra_by_context', 'dataset_with_extra_from_classic_operator', 'dataset_with_extra_by_yield' retrieved from /home/airflow/.local/lib/python3.12/site-packages/airflow/example_dags/example_outlet_event_extra.py
[2026-07-01T09:41:57.650+0000] {logging_mixin.py:190} INFO - [2026-07-01T09:41:57.649+0000] {dag.py:3211} INFO - Sync 3 DAGs
[2026-07-01T09:41:57.665+0000] {logging_mixin.py:190} INFO - [2026-07-01T09:41:57.665+0000] {dag.py:4138} INFO - Setting next_dagrun for dataset_with_extra_by_context to 2026-06-30 00:00:00+00:00, run_after=2026-07-01 00:00:00+00:00
[2026-07-01T09:41:57.668+0000] {logging_mixin.py:190} INFO - [2026-07-01T09:41:57.668+0000] {dag.py:4138} INFO - Setting next_dagrun for dataset_with_extra_by_yield to 2026-06-30 00:00:00+00:00, run_after=2026-07-01 00:00:00+00:00
[2026-07-01T09:41:57.669+0000] {logging_mixin.py:190} INFO - [2026-07-01T09:41:57.669+0000] {dag.py:4138} INFO - Setting next_dagrun for dataset_with_extra_from_classic_operator to 2026-06-30 00:00:00+00:00, run_after=2026-07-01 00:00:00+00:00
[2026-07-01T09:41:57.684+0000] {processor.py:208} INFO - Processing /home/airflow/.local/lib/python3.12/site-packages/airflow/example_dags/example_outlet_event_extra.py took 0.160 seconds
[2026-07-01T09:42:27.941+0000] {processor.py:186} INFO - Started process (PID=3582) to work on /home/airflow/.local/lib/python3.12/site-packages/airflow/example_dags/example_outlet_event_extra.py
[2026-07-01T09:42:27.942+0000] {processor.py:914} INFO - Processing file /home/airflow/.local/lib/python3.12/site-packages/airflow/example_dags/example_outlet_event_extra.py for tasks to queue
[2026-07-01T09:42:27.944+0000] {logging_mixin.py:190} INFO - [2026-07-01T09:42:27.944+0000] {dagbag.py:587} INFO - Filling up the DagBag from /home/airflow/.local/lib/python3.12/site-packages/airflow/example_dags/example_outlet_event_extra.py
[2026-07-01T09:42:28.040+0000] {processor.py:925} INFO - DAG(s) 'dataset_with_extra_by_yield', 'dataset_with_extra_by_context', 'dataset_with_extra_from_classic_operator' retrieved from /home/airflow/.local/lib/python3.12/site-packages/airflow/example_dags/example_outlet_event_extra.py
[2026-07-01T09:42:28.059+0000] {logging_mixin.py:190} INFO - [2026-07-01T09:42:28.059+0000] {dag.py:3211} INFO - Sync 3 DAGs
[2026-07-01T09:42:28.075+0000] {logging_mixin.py:190} INFO - [2026-07-01T09:42:28.075+0000] {dag.py:4138} INFO - Setting next_dagrun for dataset_with_extra_by_context to 2026-06-30 00:00:00+00:00, run_after=2026-07-01 00:00:00+00:00
[2026-07-01T09:42:28.078+0000] {logging_mixin.py:190} INFO - [2026-07-01T09:42:28.078+0000] {dag.py:4138} INFO - Setting next_dagrun for dataset_with_extra_by_yield to 2026-06-30 00:00:00+00:00, run_after=2026-07-01 00:00:00+00:00
[2026-07-01T09:42:28.080+0000] {logging_mixin.py:190} INFO - [2026-07-01T09:42:28.080+0000] {dag.py:4138} INFO - Setting next_dagrun for dataset_with_extra_from_classic_operator to 2026-06-30 00:00:00+00:00, run_after=2026-07-01 00:00:00+00:00
[2026-07-01T09:42:28.095+0000] {processor.py:208} INFO - Processing /home/airflow/.local/lib/python3.12/site-packages/airflow/example_dags/example_outlet_event_extra.py took 0.159 seconds
[2026-07-01T09:42:58.406+0000] {processor.py:186} INFO - Started process (PID=3644) to work on /home/airflow/.local/lib/python3.12/site-packages/airflow/example_dags/example_outlet_event_extra.py
[2026-07-01T09:42:58.407+0000] {processor.py:914} INFO - Processing file /home/airflow/.local/lib/python3.12/site-packages/airflow/example_dags/example_outlet_event_extra.py for tasks to queue
[2026-07-01T09:42:58.410+0000] {logging_mixin.py:190} INFO - [2026-07-01T09:42:58.409+0000] {dagbag.py:587} INFO - Filling up the DagBag from /home/airflow/.local/lib/python3.12/site-packages/airflow/example_dags/example_outlet_event_extra.py
[2026-07-01T09:42:58.504+0000] {processor.py:925} INFO - DAG(s) 'dataset_with_extra_by_yield', 'dataset_with_extra_by_context', 'dataset_with_extra_from_classic_operator' retrieved from /home/airflow/.local/lib/python3.12/site-packages/airflow/example_dags/example_outlet_event_extra.py
[2026-07-01T09:42:58.521+0000] {logging_mixin.py:190} INFO - [2026-07-01T09:42:58.521+0000] {dag.py:3211} INFO - Sync 3 DAGs
[2026-07-01T09:42:58.540+0000] {logging_mixin.py:190} INFO - [2026-07-01T09:42:58.540+0000] {dag.py:4138} INFO - Setting next_dagrun for dataset_with_extra_by_context to 2026-06-30 00:00:00+00:00, run_after=2026-07-01 00:00:00+00:00
[2026-07-01T09:42:58.543+0000] {logging_mixin.py:190} INFO - [2026-07-01T09:42:58.543+0000] {dag.py:4138} INFO - Setting next_dagrun for dataset_with_extra_by_yield to 2026-06-30 00:00:00+00:00, run_after=2026-07-01 00:00:00+00:00
[2026-07-01T09:42:58.545+0000] {logging_mixin.py:190} INFO - [2026-07-01T09:42:58.545+0000] {dag.py:4138} INFO - Setting next_dagrun for dataset_with_extra_from_classic_operator to 2026-06-30 00:00:00+00:00, run_after=2026-07-01 00:00:00+00:00
[2026-07-01T09:42:58.558+0000] {processor.py:208} INFO - Processing /home/airflow/.local/lib/python3.12/site-packages/airflow/example_dags/example_outlet_event_extra.py took 0.157 seconds
[2026-07-01T09:43:28.686+0000] {processor.py:186} INFO - Started process (PID=3706) to work on /home/airflow/.local/lib/python3.12/site-packages/airflow/example_dags/example_outlet_event_extra.py
[2026-07-01T09:43:28.687+0000] {processor.py:914} INFO - Processing file /home/airflow/.local/lib/python3.12/site-packages/airflow/example_dags/example_outlet_event_extra.py for tasks to queue
[2026-07-01T09:43:28.690+0000] {logging_mixin.py:190} INFO - [2026-07-01T09:43:28.690+0000] {dagbag.py:587} INFO - Filling up the DagBag from /home/airflow/.local/lib/python3.12/site-packages/airflow/example_dags/example_outlet_event_extra.py
[2026-07-01T09:43:28.791+0000] {processor.py:925} INFO - DAG(s) 'dataset_with_extra_by_context', 'dataset_with_extra_from_classic_operator', 'dataset_with_extra_by_yield' retrieved from /home/airflow/.local/lib/python3.12/site-packages/airflow/example_dags/example_outlet_event_extra.py
[2026-07-01T09:43:28.810+0000] {logging_mixin.py:190} INFO - [2026-07-01T09:43:28.810+0000] {dag.py:3211} INFO - Sync 3 DAGs
[2026-07-01T09:43:28.828+0000] {logging_mixin.py:190} INFO - [2026-07-01T09:43:28.828+0000] {dag.py:4138} INFO - Setting next_dagrun for dataset_with_extra_by_context to 2026-06-30 00:00:00+00:00, run_after=2026-07-01 00:00:00+00:00
[2026-07-01T09:43:28.832+0000] {logging_mixin.py:190} INFO - [2026-07-01T09:43:28.832+0000] {dag.py:4138} INFO - Setting next_dagrun for dataset_with_extra_by_yield to 2026-06-30 00:00:00+00:00, run_after=2026-07-01 00:00:00+00:00
[2026-07-01T09:43:28.834+0000] {logging_mixin.py:190} INFO - [2026-07-01T09:43:28.834+0000] {dag.py:4138} INFO - Setting next_dagrun for dataset_with_extra_from_classic_operator to 2026-06-30 00:00:00+00:00, run_after=2026-07-01 00:00:00+00:00
[2026-07-01T09:43:28.850+0000] {processor.py:208} INFO - Processing /home/airflow/.local/lib/python3.12/site-packages/airflow/example_dags/example_outlet_event_extra.py took 0.168 seconds
[2026-07-01T09:43:59.090+0000] {processor.py:186} INFO - Started process (PID=3768) to work on /home/airflow/.local/lib/python3.12/site-packages/airflow/example_dags/example_outlet_event_extra.py
[2026-07-01T09:43:59.091+0000] {processor.py:914} INFO - Processing file /home/airflow/.local/lib/python3.12/site-packages/airflow/example_dags/example_outlet_event_extra.py for tasks to queue
[2026-07-01T09:43:59.093+0000] {logging_mixin.py:190} INFO - [2026-07-01T09:43:59.093+0000] {dagbag.py:587} INFO - Filling up the DagBag from /home/airflow/.local/lib/python3.12/site-packages/airflow/example_dags/example_outlet_event_extra.py
[2026-07-01T09:43:59.186+0000] {processor.py:925} INFO - DAG(s) 'dataset_with_extra_by_context', 'dataset_with_extra_by_yield', 'dataset_with_extra_from_classic_operator' retrieved from /home/airflow/.local/lib/python3.12/site-packages/airflow/example_dags/example_outlet_event_extra.py
[2026-07-01T09:43:59.203+0000] {logging_mixin.py:190} INFO - [2026-07-01T09:43:59.202+0000] {dag.py:3211} INFO - Sync 3 DAGs
[2026-07-01T09:43:59.218+0000] {logging_mixin.py:190} INFO - [2026-07-01T09:43:59.218+0000] {dag.py:4138} INFO - Setting next_dagrun for dataset_with_extra_by_context to 2026-06-30 00:00:00+00:00, run_after=2026-07-01 00:00:00+00:00
[2026-07-01T09:43:59.221+0000] {logging_mixin.py:190} INFO - [2026-07-01T09:43:59.221+0000] {dag.py:4138} INFO - Setting next_dagrun for dataset_with_extra_by_yield to 2026-06-30 00:00:00+00:00, run_after=2026-07-01 00:00:00+00:00
[2026-07-01T09:43:59.223+0000] {logging_mixin.py:190} INFO - [2026-07-01T09:43:59.223+0000] {dag.py:4138} INFO - Setting next_dagrun for dataset_with_extra_from_classic_operator to 2026-06-30 00:00:00+00:00, run_after=2026-07-01 00:00:00+00:00
[2026-07-01T09:43:59.238+0000] {processor.py:208} INFO - Processing /home/airflow/.local/lib/python3.12/site-packages/airflow/example_dags/example_outlet_event_extra.py took 0.152 seconds
[2026-07-01T09:44:29.316+0000] {processor.py:186} INFO - Started process (PID=3830) to work on /home/airflow/.local/lib/python3.12/site-packages/airflow/example_dags/example_outlet_event_extra.py
[2026-07-01T09:44:29.317+0000] {processor.py:914} INFO - Processing file /home/airflow/.local/lib/python3.12/site-packages/airflow/example_dags/example_outlet_event_extra.py for tasks to queue
[2026-07-01T09:44:29.321+0000] {logging_mixin.py:190} INFO - [2026-07-01T09:44:29.321+0000] {dagbag.py:587} INFO - Filling up the DagBag from /home/airflow/.local/lib/python3.12/site-packages/airflow/example_dags/example_outlet_event_extra.py
[2026-07-01T09:44:29.448+0000] {processor.py:925} INFO - DAG(s) 'dataset_with_extra_by_context', 'dataset_with_extra_by_yield', 'dataset_with_extra_from_classic_operator' retrieved from /home/airflow/.local/lib/python3.12/site-packages/airflow/example_dags/example_outlet_event_extra.py
[2026-07-01T09:44:29.470+0000] {logging_mixin.py:190} INFO - [2026-07-01T09:44:29.470+0000] {dag.py:3211} INFO - Sync 3 DAGs
[2026-07-01T09:44:29.492+0000] {logging_mixin.py:190} INFO - [2026-07-01T09:44:29.492+0000] {dag.py:4138} INFO - Setting next_dagrun for dataset_with_extra_by_context to 2026-06-30 00:00:00+00:00, run_after=2026-07-01 00:00:00+00:00
[2026-07-01T09:44:29.497+0000] {logging_mixin.py:190} INFO - [2026-07-01T09:44:29.497+0000] {dag.py:4138} INFO - Setting next_dagrun for dataset_with_extra_by_yield to 2026-06-30 00:00:00+00:00, run_after=2026-07-01 00:00:00+00:00
[2026-07-01T09:44:29.499+0000] {logging_mixin.py:190} INFO - [2026-07-01T09:44:29.499+0000] {dag.py:4138} INFO - Setting next_dagrun for dataset_with_extra_from_classic_operator to 2026-06-30 00:00:00+00:00, run_after=2026-07-01 00:00:00+00:00
[2026-07-01T09:44:29.523+0000] {processor.py:208} INFO - Processing /home/airflow/.local/lib/python3.12/site-packages/airflow/example_dags/example_outlet_event_extra.py took 0.213 seconds
[2026-07-01T09:44:59.842+0000] {processor.py:186} INFO - Started process (PID=3892) to work on /home/airflow/.local/lib/python3.12/site-packages/airflow/example_dags/example_outlet_event_extra.py
[2026-07-01T09:44:59.844+0000] {processor.py:914} INFO - Processing file /home/airflow/.local/lib/python3.12/site-packages/airflow/example_dags/example_outlet_event_extra.py for tasks to queue
[2026-07-01T09:44:59.846+0000] {logging_mixin.py:190} INFO - [2026-07-01T09:44:59.846+0000] {dagbag.py:587} INFO - Filling up the DagBag from /home/airflow/.local/lib/python3.12/site-packages/airflow/example_dags/example_outlet_event_extra.py
[2026-07-01T09:44:59.942+0000] {processor.py:925} INFO - DAG(s) 'dataset_with_extra_by_yield', 'dataset_with_extra_by_context', 'dataset_with_extra_from_classic_operator' retrieved from /home/airflow/.local/lib/python3.12/site-packages/airflow/example_dags/example_outlet_event_extra.py
[2026-07-01T09:44:59.963+0000] {logging_mixin.py:190} INFO - [2026-07-01T09:44:59.963+0000] {dag.py:3211} INFO - Sync 3 DAGs
[2026-07-01T09:44:59.980+0000] {logging_mixin.py:190} INFO - [2026-07-01T09:44:59.980+0000] {dag.py:4138} INFO - Setting next_dagrun for dataset_with_extra_by_context to 2026-06-30 00:00:00+00:00, run_after=2026-07-01 00:00:00+00:00
[2026-07-01T09:44:59.983+0000] {logging_mixin.py:190} INFO - [2026-07-01T09:44:59.983+0000] {dag.py:4138} INFO - Setting next_dagrun for dataset_with_extra_by_yield to 2026-06-30 00:00:00+00:00, run_after=2026-07-01 00:00:00+00:00
[2026-07-01T09:44:59.984+0000] {logging_mixin.py:190} INFO - [2026-07-01T09:44:59.984+0000] {dag.py:4138} INFO - Setting next_dagrun for dataset_with_extra_from_classic_operator to 2026-06-30 00:00:00+00:00, run_after=2026-07-01 00:00:00+00:00
[2026-07-01T09:44:59.998+0000] {processor.py:208} INFO - Processing /home/airflow/.local/lib/python3.12/site-packages/airflow/example_dags/example_outlet_event_extra.py took 0.161 seconds
[2026-07-01T09:45:30.210+0000] {processor.py:186} INFO - Started process (PID=3954) to work on /home/airflow/.local/lib/python3.12/site-packages/airflow/example_dags/example_outlet_event_extra.py
[2026-07-01T09:45:30.211+0000] {processor.py:914} INFO - Processing file /home/airflow/.local/lib/python3.12/site-packages/airflow/example_dags/example_outlet_event_extra.py for tasks to queue
[2026-07-01T09:45:30.214+0000] {logging_mixin.py:190} INFO - [2026-07-01T09:45:30.214+0000] {dagbag.py:587} INFO - Filling up the DagBag from /home/airflow/.local/lib/python3.12/site-packages/airflow/example_dags/example_outlet_event_extra.py
[2026-07-01T09:45:30.327+0000] {processor.py:925} INFO - DAG(s) 'dataset_with_extra_from_classic_operator', 'dataset_with_extra_by_yield', 'dataset_with_extra_by_context' retrieved from /home/airflow/.local/lib/python3.12/site-packages/airflow/example_dags/example_outlet_event_extra.py
[2026-07-01T09:45:30.347+0000] {logging_mixin.py:190} INFO - [2026-07-01T09:45:30.347+0000] {dag.py:3211} INFO - Sync 3 DAGs
[2026-07-01T09:45:30.369+0000] {logging_mixin.py:190} INFO - [2026-07-01T09:45:30.369+0000] {dag.py:4138} INFO - Setting next_dagrun for dataset_with_extra_by_context to 2026-06-30 00:00:00+00:00, run_after=2026-07-01 00:00:00+00:00
[2026-07-01T09:45:30.372+0000] {logging_mixin.py:190} INFO - [2026-07-01T09:45:30.372+0000] {dag.py:4138} INFO - Setting next_dagrun for dataset_with_extra_by_yield to 2026-06-30 00:00:00+00:00, run_after=2026-07-01 00:00:00+00:00
[2026-07-01T09:45:30.374+0000] {logging_mixin.py:190} INFO - [2026-07-01T09:45:30.374+0000] {dag.py:4138} INFO - Setting next_dagrun for dataset_with_extra_from_classic_operator to 2026-06-30 00:00:00+00:00, run_after=2026-07-01 00:00:00+00:00
[2026-07-01T09:45:30.388+0000] {processor.py:208} INFO - Processing /home/airflow/.local/lib/python3.12/site-packages/airflow/example_dags/example_outlet_event_extra.py took 0.184 seconds
