[2026-07-01T09:09:39.300+0000] {processor.py:186} INFO - Started process (PID=73) to work on /home/airflow/.local/lib/python3.12/site-packages/airflow/example_dags/example_dataset_alias.py
[2026-07-01T09:09:39.301+0000] {processor.py:914} INFO - Processing file /home/airflow/.local/lib/python3.12/site-packages/airflow/example_dags/example_dataset_alias.py for tasks to queue
[2026-07-01T09:09:39.304+0000] {logging_mixin.py:190} INFO - [2026-07-01T09:09:39.304+0000] {dagbag.py:587} INFO - Filling up the DagBag from /home/airflow/.local/lib/python3.12/site-packages/airflow/example_dags/example_dataset_alias.py
[2026-07-01T09:09:39.435+0000] {processor.py:925} INFO - DAG(s) 'dataset_alias_example_alias_producer', 'dataset_alias_example_alias_consumer', 'dataset_s3_bucket_producer', 'dataset_s3_bucket_consumer' retrieved from /home/airflow/.local/lib/python3.12/site-packages/airflow/example_dags/example_dataset_alias.py
[2026-07-01T09:09:39.531+0000] {logging_mixin.py:190} INFO - [2026-07-01T09:09:39.530+0000] {override.py:1858} INFO - Created Permission View: can read on DAG:dataset_alias_example_alias_producer
[2026-07-01T09:09:39.539+0000] {logging_mixin.py:190} INFO - [2026-07-01T09:09:39.539+0000] {override.py:1858} INFO - Created Permission View: can delete on DAG:dataset_alias_example_alias_producer
[2026-07-01T09:09:39.545+0000] {logging_mixin.py:190} INFO - [2026-07-01T09:09:39.545+0000] {override.py:1858} INFO - Created Permission View: can edit on DAG:dataset_alias_example_alias_producer
[2026-07-01T09:09:39.556+0000] {logging_mixin.py:190} INFO - [2026-07-01T09:09:39.555+0000] {override.py:1858} INFO - Created Permission View: can read on DAG:dataset_alias_example_alias_consumer
[2026-07-01T09:09:39.562+0000] {logging_mixin.py:190} INFO - [2026-07-01T09:09:39.561+0000] {override.py:1858} INFO - Created Permission View: can delete on DAG:dataset_alias_example_alias_consumer
[2026-07-01T09:09:39.567+0000] {logging_mixin.py:190} INFO - [2026-07-01T09:09:39.567+0000] {override.py:1858} INFO - Created Permission View: can edit on DAG:dataset_alias_example_alias_consumer
[2026-07-01T09:09:39.576+0000] {logging_mixin.py:190} INFO - [2026-07-01T09:09:39.576+0000] {override.py:1858} INFO - Created Permission View: can read on DAG:dataset_s3_bucket_producer
[2026-07-01T09:09:39.582+0000] {logging_mixin.py:190} INFO - [2026-07-01T09:09:39.581+0000] {override.py:1858} INFO - Created Permission View: can delete on DAG:dataset_s3_bucket_producer
[2026-07-01T09:09:39.587+0000] {logging_mixin.py:190} INFO - [2026-07-01T09:09:39.586+0000] {override.py:1858} INFO - Created Permission View: can edit on DAG:dataset_s3_bucket_producer
[2026-07-01T09:09:39.596+0000] {logging_mixin.py:190} INFO - [2026-07-01T09:09:39.595+0000] {override.py:1858} INFO - Created Permission View: can read on DAG:dataset_s3_bucket_consumer
[2026-07-01T09:09:39.600+0000] {logging_mixin.py:190} INFO - [2026-07-01T09:09:39.600+0000] {override.py:1858} INFO - Created Permission View: can delete on DAG:dataset_s3_bucket_consumer
[2026-07-01T09:09:39.605+0000] {logging_mixin.py:190} INFO - [2026-07-01T09:09:39.605+0000] {override.py:1858} INFO - Created Permission View: can edit on DAG:dataset_s3_bucket_consumer
[2026-07-01T09:09:39.606+0000] {logging_mixin.py:190} INFO - [2026-07-01T09:09:39.606+0000] {dag.py:3211} INFO - Sync 4 DAGs
[2026-07-01T09:09:39.617+0000] {logging_mixin.py:190} INFO - [2026-07-01T09:09:39.616+0000] {dag.py:3234} INFO - Creating ORM DAG for dataset_alias_example_alias_producer
[2026-07-01T09:09:39.618+0000] {logging_mixin.py:190} INFO - [2026-07-01T09:09:39.617+0000] {dag.py:3234} INFO - Creating ORM DAG for dataset_s3_bucket_consumer
[2026-07-01T09:09:39.618+0000] {logging_mixin.py:190} INFO - [2026-07-01T09:09:39.618+0000] {dag.py:3234} INFO - Creating ORM DAG for dataset_alias_example_alias_consumer
[2026-07-01T09:09:39.619+0000] {logging_mixin.py:190} INFO - [2026-07-01T09:09:39.619+0000] {dag.py:3234} INFO - Creating ORM DAG for dataset_s3_bucket_producer
[2026-07-01T09:09:39.629+0000] {logging_mixin.py:190} INFO - [2026-07-01T09:09:39.628+0000] {dag.py:4138} INFO - Setting next_dagrun for dataset_alias_example_alias_consumer to None, run_after=None
[2026-07-01T09:09:39.630+0000] {logging_mixin.py:190} INFO - [2026-07-01T09:09:39.630+0000] {dag.py:4138} INFO - Setting next_dagrun for dataset_alias_example_alias_producer to None, run_after=None
[2026-07-01T09:09:39.631+0000] {logging_mixin.py:190} INFO - [2026-07-01T09:09:39.631+0000] {dag.py:4138} INFO - Setting next_dagrun for dataset_s3_bucket_consumer to None, run_after=None
[2026-07-01T09:09:39.632+0000] {logging_mixin.py:190} INFO - [2026-07-01T09:09:39.632+0000] {dag.py:4138} INFO - Setting next_dagrun for dataset_s3_bucket_producer to None, run_after=None
[2026-07-01T09:09:39.657+0000] {processor.py:208} INFO - Processing /home/airflow/.local/lib/python3.12/site-packages/airflow/example_dags/example_dataset_alias.py took 0.363 seconds
[2026-07-01T09:10:10.436+0000] {processor.py:186} INFO - Started process (PID=135) to work on /home/airflow/.local/lib/python3.12/site-packages/airflow/example_dags/example_dataset_alias.py
[2026-07-01T09:10:10.437+0000] {processor.py:914} INFO - Processing file /home/airflow/.local/lib/python3.12/site-packages/airflow/example_dags/example_dataset_alias.py for tasks to queue
[2026-07-01T09:10:10.439+0000] {logging_mixin.py:190} INFO - [2026-07-01T09:10:10.439+0000] {dagbag.py:587} INFO - Filling up the DagBag from /home/airflow/.local/lib/python3.12/site-packages/airflow/example_dags/example_dataset_alias.py
[2026-07-01T09:10:10.545+0000] {processor.py:925} INFO - DAG(s) 'dataset_s3_bucket_producer', 'dataset_alias_example_alias_consumer', 'dataset_alias_example_alias_producer', 'dataset_s3_bucket_consumer' retrieved from /home/airflow/.local/lib/python3.12/site-packages/airflow/example_dags/example_dataset_alias.py
[2026-07-01T09:10:10.567+0000] {logging_mixin.py:190} INFO - [2026-07-01T09:10:10.567+0000] {dag.py:3211} INFO - Sync 4 DAGs
[2026-07-01T09:10:10.594+0000] {logging_mixin.py:190} INFO - [2026-07-01T09:10:10.594+0000] {dag.py:4138} INFO - Setting next_dagrun for dataset_alias_example_alias_consumer to None, run_after=None
[2026-07-01T09:10:10.597+0000] {logging_mixin.py:190} INFO - [2026-07-01T09:10:10.597+0000] {dag.py:4138} INFO - Setting next_dagrun for dataset_alias_example_alias_producer to None, run_after=None
[2026-07-01T09:10:10.598+0000] {logging_mixin.py:190} INFO - [2026-07-01T09:10:10.598+0000] {dag.py:4138} INFO - Setting next_dagrun for dataset_s3_bucket_consumer to None, run_after=None
[2026-07-01T09:10:10.599+0000] {logging_mixin.py:190} INFO - [2026-07-01T09:10:10.599+0000] {dag.py:4138} INFO - Setting next_dagrun for dataset_s3_bucket_producer to None, run_after=None
[2026-07-01T09:10:10.618+0000] {processor.py:208} INFO - Processing /home/airflow/.local/lib/python3.12/site-packages/airflow/example_dags/example_dataset_alias.py took 0.186 seconds
[2026-07-01T09:10:40.859+0000] {processor.py:186} INFO - Started process (PID=200) to work on /home/airflow/.local/lib/python3.12/site-packages/airflow/example_dags/example_dataset_alias.py
[2026-07-01T09:10:40.860+0000] {processor.py:914} INFO - Processing file /home/airflow/.local/lib/python3.12/site-packages/airflow/example_dags/example_dataset_alias.py for tasks to queue
[2026-07-01T09:10:40.862+0000] {logging_mixin.py:190} INFO - [2026-07-01T09:10:40.862+0000] {dagbag.py:587} INFO - Filling up the DagBag from /home/airflow/.local/lib/python3.12/site-packages/airflow/example_dags/example_dataset_alias.py
[2026-07-01T09:10:40.968+0000] {processor.py:925} INFO - DAG(s) 'dataset_s3_bucket_producer', 'dataset_s3_bucket_consumer', 'dataset_alias_example_alias_producer', 'dataset_alias_example_alias_consumer' retrieved from /home/airflow/.local/lib/python3.12/site-packages/airflow/example_dags/example_dataset_alias.py
[2026-07-01T09:10:40.983+0000] {logging_mixin.py:190} INFO - [2026-07-01T09:10:40.983+0000] {dag.py:3211} INFO - Sync 4 DAGs
[2026-07-01T09:10:40.997+0000] {logging_mixin.py:190} INFO - [2026-07-01T09:10:40.996+0000] {dag.py:4138} INFO - Setting next_dagrun for dataset_alias_example_alias_consumer to None, run_after=None
[2026-07-01T09:10:40.999+0000] {logging_mixin.py:190} INFO - [2026-07-01T09:10:40.999+0000] {dag.py:4138} INFO - Setting next_dagrun for dataset_alias_example_alias_producer to None, run_after=None
[2026-07-01T09:10:41.000+0000] {logging_mixin.py:190} INFO - [2026-07-01T09:10:41.000+0000] {dag.py:4138} INFO - Setting next_dagrun for dataset_s3_bucket_consumer to None, run_after=None
[2026-07-01T09:10:41.001+0000] {logging_mixin.py:190} INFO - [2026-07-01T09:10:41.001+0000] {dag.py:4138} INFO - Setting next_dagrun for dataset_s3_bucket_producer to None, run_after=None
[2026-07-01T09:10:41.014+0000] {processor.py:208} INFO - Processing /home/airflow/.local/lib/python3.12/site-packages/airflow/example_dags/example_dataset_alias.py took 0.160 seconds
[2026-07-01T09:11:11.143+0000] {processor.py:186} INFO - Started process (PID=265) to work on /home/airflow/.local/lib/python3.12/site-packages/airflow/example_dags/example_dataset_alias.py
[2026-07-01T09:11:11.145+0000] {processor.py:914} INFO - Processing file /home/airflow/.local/lib/python3.12/site-packages/airflow/example_dags/example_dataset_alias.py for tasks to queue
[2026-07-01T09:11:11.147+0000] {logging_mixin.py:190} INFO - [2026-07-01T09:11:11.147+0000] {dagbag.py:587} INFO - Filling up the DagBag from /home/airflow/.local/lib/python3.12/site-packages/airflow/example_dags/example_dataset_alias.py
[2026-07-01T09:11:11.264+0000] {processor.py:925} INFO - DAG(s) 'dataset_s3_bucket_consumer', 'dataset_alias_example_alias_producer', 'dataset_alias_example_alias_consumer', 'dataset_s3_bucket_producer' retrieved from /home/airflow/.local/lib/python3.12/site-packages/airflow/example_dags/example_dataset_alias.py
[2026-07-01T09:11:11.279+0000] {logging_mixin.py:190} INFO - [2026-07-01T09:11:11.279+0000] {dag.py:3211} INFO - Sync 4 DAGs
[2026-07-01T09:11:11.298+0000] {logging_mixin.py:190} INFO - [2026-07-01T09:11:11.298+0000] {dag.py:4138} INFO - Setting next_dagrun for dataset_alias_example_alias_consumer to None, run_after=None
[2026-07-01T09:11:11.300+0000] {logging_mixin.py:190} INFO - [2026-07-01T09:11:11.300+0000] {dag.py:4138} INFO - Setting next_dagrun for dataset_alias_example_alias_producer to None, run_after=None
[2026-07-01T09:11:11.301+0000] {logging_mixin.py:190} INFO - [2026-07-01T09:11:11.301+0000] {dag.py:4138} INFO - Setting next_dagrun for dataset_s3_bucket_consumer to None, run_after=None
[2026-07-01T09:11:11.303+0000] {logging_mixin.py:190} INFO - [2026-07-01T09:11:11.302+0000] {dag.py:4138} INFO - Setting next_dagrun for dataset_s3_bucket_producer to None, run_after=None
[2026-07-01T09:11:11.319+0000] {processor.py:208} INFO - Processing /home/airflow/.local/lib/python3.12/site-packages/airflow/example_dags/example_dataset_alias.py took 0.182 seconds
[2026-07-01T09:11:41.365+0000] {processor.py:186} INFO - Started process (PID=328) to work on /home/airflow/.local/lib/python3.12/site-packages/airflow/example_dags/example_dataset_alias.py
[2026-07-01T09:11:41.366+0000] {processor.py:914} INFO - Processing file /home/airflow/.local/lib/python3.12/site-packages/airflow/example_dags/example_dataset_alias.py for tasks to queue
[2026-07-01T09:11:41.369+0000] {logging_mixin.py:190} INFO - [2026-07-01T09:11:41.369+0000] {dagbag.py:587} INFO - Filling up the DagBag from /home/airflow/.local/lib/python3.12/site-packages/airflow/example_dags/example_dataset_alias.py
[2026-07-01T09:11:41.559+0000] {processor.py:925} INFO - DAG(s) 'dataset_alias_example_alias_producer', 'dataset_alias_example_alias_consumer', 'dataset_s3_bucket_producer', 'dataset_s3_bucket_consumer' retrieved from /home/airflow/.local/lib/python3.12/site-packages/airflow/example_dags/example_dataset_alias.py
[2026-07-01T09:11:41.593+0000] {logging_mixin.py:190} INFO - [2026-07-01T09:11:41.591+0000] {dag.py:3211} INFO - Sync 4 DAGs
[2026-07-01T09:11:41.618+0000] {logging_mixin.py:190} INFO - [2026-07-01T09:11:41.618+0000] {dag.py:4138} INFO - Setting next_dagrun for dataset_alias_example_alias_consumer to None, run_after=None
[2026-07-01T09:11:41.622+0000] {logging_mixin.py:190} INFO - [2026-07-01T09:11:41.622+0000] {dag.py:4138} INFO - Setting next_dagrun for dataset_alias_example_alias_producer to None, run_after=None
[2026-07-01T09:11:41.624+0000] {logging_mixin.py:190} INFO - [2026-07-01T09:11:41.624+0000] {dag.py:4138} INFO - Setting next_dagrun for dataset_s3_bucket_consumer to None, run_after=None
[2026-07-01T09:11:41.626+0000] {logging_mixin.py:190} INFO - [2026-07-01T09:11:41.626+0000] {dag.py:4138} INFO - Setting next_dagrun for dataset_s3_bucket_producer to None, run_after=None
[2026-07-01T09:11:41.653+0000] {processor.py:208} INFO - Processing /home/airflow/.local/lib/python3.12/site-packages/airflow/example_dags/example_dataset_alias.py took 0.302 seconds
[2026-07-01T09:12:11.727+0000] {processor.py:186} INFO - Started process (PID=389) to work on /home/airflow/.local/lib/python3.12/site-packages/airflow/example_dags/example_dataset_alias.py
[2026-07-01T09:12:11.728+0000] {processor.py:914} INFO - Processing file /home/airflow/.local/lib/python3.12/site-packages/airflow/example_dags/example_dataset_alias.py for tasks to queue
[2026-07-01T09:12:11.729+0000] {logging_mixin.py:190} INFO - [2026-07-01T09:12:11.729+0000] {dagbag.py:587} INFO - Filling up the DagBag from /home/airflow/.local/lib/python3.12/site-packages/airflow/example_dags/example_dataset_alias.py
[2026-07-01T09:12:11.847+0000] {processor.py:925} INFO - DAG(s) 'dataset_s3_bucket_producer', 'dataset_alias_example_alias_consumer', 'dataset_s3_bucket_consumer', 'dataset_alias_example_alias_producer' retrieved from /home/airflow/.local/lib/python3.12/site-packages/airflow/example_dags/example_dataset_alias.py
[2026-07-01T09:12:11.860+0000] {logging_mixin.py:190} INFO - [2026-07-01T09:12:11.860+0000] {dag.py:3211} INFO - Sync 4 DAGs
[2026-07-01T09:12:11.874+0000] {logging_mixin.py:190} INFO - [2026-07-01T09:12:11.874+0000] {dag.py:4138} INFO - Setting next_dagrun for dataset_alias_example_alias_consumer to None, run_after=None
[2026-07-01T09:12:11.876+0000] {logging_mixin.py:190} INFO - [2026-07-01T09:12:11.876+0000] {dag.py:4138} INFO - Setting next_dagrun for dataset_alias_example_alias_producer to None, run_after=None
[2026-07-01T09:12:11.877+0000] {logging_mixin.py:190} INFO - [2026-07-01T09:12:11.877+0000] {dag.py:4138} INFO - Setting next_dagrun for dataset_s3_bucket_consumer to None, run_after=None
[2026-07-01T09:12:11.878+0000] {logging_mixin.py:190} INFO - [2026-07-01T09:12:11.877+0000] {dag.py:4138} INFO - Setting next_dagrun for dataset_s3_bucket_producer to None, run_after=None
[2026-07-01T09:12:11.892+0000] {processor.py:208} INFO - Processing /home/airflow/.local/lib/python3.12/site-packages/airflow/example_dags/example_dataset_alias.py took 0.171 seconds
[2026-07-01T09:12:42.289+0000] {processor.py:186} INFO - Started process (PID=451) to work on /home/airflow/.local/lib/python3.12/site-packages/airflow/example_dags/example_dataset_alias.py
[2026-07-01T09:12:42.290+0000] {processor.py:914} INFO - Processing file /home/airflow/.local/lib/python3.12/site-packages/airflow/example_dags/example_dataset_alias.py for tasks to queue
[2026-07-01T09:12:42.293+0000] {logging_mixin.py:190} INFO - [2026-07-01T09:12:42.293+0000] {dagbag.py:587} INFO - Filling up the DagBag from /home/airflow/.local/lib/python3.12/site-packages/airflow/example_dags/example_dataset_alias.py
[2026-07-01T09:12:42.415+0000] {processor.py:925} INFO - DAG(s) 'dataset_alias_example_alias_consumer', 'dataset_s3_bucket_consumer', 'dataset_alias_example_alias_producer', 'dataset_s3_bucket_producer' retrieved from /home/airflow/.local/lib/python3.12/site-packages/airflow/example_dags/example_dataset_alias.py
[2026-07-01T09:12:42.438+0000] {logging_mixin.py:190} INFO - [2026-07-01T09:12:42.438+0000] {dag.py:3211} INFO - Sync 4 DAGs
[2026-07-01T09:12:42.459+0000] {logging_mixin.py:190} INFO - [2026-07-01T09:12:42.458+0000] {dag.py:4138} INFO - Setting next_dagrun for dataset_alias_example_alias_consumer to None, run_after=None
[2026-07-01T09:12:42.461+0000] {logging_mixin.py:190} INFO - [2026-07-01T09:12:42.461+0000] {dag.py:4138} INFO - Setting next_dagrun for dataset_alias_example_alias_producer to None, run_after=None
[2026-07-01T09:12:42.463+0000] {logging_mixin.py:190} INFO - [2026-07-01T09:12:42.462+0000] {dag.py:4138} INFO - Setting next_dagrun for dataset_s3_bucket_consumer to None, run_after=None
[2026-07-01T09:12:42.464+0000] {logging_mixin.py:190} INFO - [2026-07-01T09:12:42.464+0000] {dag.py:4138} INFO - Setting next_dagrun for dataset_s3_bucket_producer to None, run_after=None
[2026-07-01T09:12:42.484+0000] {processor.py:208} INFO - Processing /home/airflow/.local/lib/python3.12/site-packages/airflow/example_dags/example_dataset_alias.py took 0.202 seconds
[2026-07-01T09:13:12.809+0000] {processor.py:186} INFO - Started process (PID=513) to work on /home/airflow/.local/lib/python3.12/site-packages/airflow/example_dags/example_dataset_alias.py
[2026-07-01T09:13:12.810+0000] {processor.py:914} INFO - Processing file /home/airflow/.local/lib/python3.12/site-packages/airflow/example_dags/example_dataset_alias.py for tasks to queue
[2026-07-01T09:13:12.812+0000] {logging_mixin.py:190} INFO - [2026-07-01T09:13:12.812+0000] {dagbag.py:587} INFO - Filling up the DagBag from /home/airflow/.local/lib/python3.12/site-packages/airflow/example_dags/example_dataset_alias.py
[2026-07-01T09:13:12.941+0000] {processor.py:925} INFO - DAG(s) 'dataset_alias_example_alias_consumer', 'dataset_s3_bucket_producer', 'dataset_alias_example_alias_producer', 'dataset_s3_bucket_consumer' retrieved from /home/airflow/.local/lib/python3.12/site-packages/airflow/example_dags/example_dataset_alias.py
[2026-07-01T09:13:12.962+0000] {logging_mixin.py:190} INFO - [2026-07-01T09:13:12.962+0000] {dag.py:3211} INFO - Sync 4 DAGs
[2026-07-01T09:13:12.985+0000] {logging_mixin.py:190} INFO - [2026-07-01T09:13:12.984+0000] {dag.py:4138} INFO - Setting next_dagrun for dataset_alias_example_alias_consumer to None, run_after=None
[2026-07-01T09:13:12.987+0000] {logging_mixin.py:190} INFO - [2026-07-01T09:13:12.987+0000] {dag.py:4138} INFO - Setting next_dagrun for dataset_alias_example_alias_producer to None, run_after=None
[2026-07-01T09:13:12.989+0000] {logging_mixin.py:190} INFO - [2026-07-01T09:13:12.988+0000] {dag.py:4138} INFO - Setting next_dagrun for dataset_s3_bucket_consumer to None, run_after=None
[2026-07-01T09:13:12.990+0000] {logging_mixin.py:190} INFO - [2026-07-01T09:13:12.990+0000] {dag.py:4138} INFO - Setting next_dagrun for dataset_s3_bucket_producer to None, run_after=None
[2026-07-01T09:13:13.015+0000] {processor.py:208} INFO - Processing /home/airflow/.local/lib/python3.12/site-packages/airflow/example_dags/example_dataset_alias.py took 0.210 seconds
[2026-07-01T09:13:43.755+0000] {processor.py:186} INFO - Started process (PID=575) to work on /home/airflow/.local/lib/python3.12/site-packages/airflow/example_dags/example_dataset_alias.py
[2026-07-01T09:13:43.756+0000] {processor.py:914} INFO - Processing file /home/airflow/.local/lib/python3.12/site-packages/airflow/example_dags/example_dataset_alias.py for tasks to queue
[2026-07-01T09:13:43.758+0000] {logging_mixin.py:190} INFO - [2026-07-01T09:13:43.758+0000] {dagbag.py:587} INFO - Filling up the DagBag from /home/airflow/.local/lib/python3.12/site-packages/airflow/example_dags/example_dataset_alias.py
[2026-07-01T09:13:43.876+0000] {processor.py:925} INFO - DAG(s) 'dataset_alias_example_alias_consumer', 'dataset_alias_example_alias_producer', 'dataset_s3_bucket_consumer', 'dataset_s3_bucket_producer' retrieved from /home/airflow/.local/lib/python3.12/site-packages/airflow/example_dags/example_dataset_alias.py
[2026-07-01T09:13:43.897+0000] {logging_mixin.py:190} INFO - [2026-07-01T09:13:43.897+0000] {dag.py:3211} INFO - Sync 4 DAGs
[2026-07-01T09:13:43.912+0000] {logging_mixin.py:190} INFO - [2026-07-01T09:13:43.912+0000] {dag.py:4138} INFO - Setting next_dagrun for dataset_alias_example_alias_consumer to None, run_after=None
[2026-07-01T09:13:43.915+0000] {logging_mixin.py:190} INFO - [2026-07-01T09:13:43.915+0000] {dag.py:4138} INFO - Setting next_dagrun for dataset_alias_example_alias_producer to None, run_after=None
[2026-07-01T09:13:43.916+0000] {logging_mixin.py:190} INFO - [2026-07-01T09:13:43.916+0000] {dag.py:4138} INFO - Setting next_dagrun for dataset_s3_bucket_consumer to None, run_after=None
[2026-07-01T09:13:43.917+0000] {logging_mixin.py:190} INFO - [2026-07-01T09:13:43.917+0000] {dag.py:4138} INFO - Setting next_dagrun for dataset_s3_bucket_producer to None, run_after=None
[2026-07-01T09:13:43.933+0000] {processor.py:208} INFO - Processing /home/airflow/.local/lib/python3.12/site-packages/airflow/example_dags/example_dataset_alias.py took 0.183 seconds
[2026-07-01T09:14:14.937+0000] {processor.py:186} INFO - Started process (PID=638) to work on /home/airflow/.local/lib/python3.12/site-packages/airflow/example_dags/example_dataset_alias.py
[2026-07-01T09:14:14.938+0000] {processor.py:914} INFO - Processing file /home/airflow/.local/lib/python3.12/site-packages/airflow/example_dags/example_dataset_alias.py for tasks to queue
[2026-07-01T09:14:14.940+0000] {logging_mixin.py:190} INFO - [2026-07-01T09:14:14.940+0000] {dagbag.py:587} INFO - Filling up the DagBag from /home/airflow/.local/lib/python3.12/site-packages/airflow/example_dags/example_dataset_alias.py
[2026-07-01T09:14:15.053+0000] {processor.py:925} INFO - DAG(s) 'dataset_s3_bucket_producer', 'dataset_alias_example_alias_producer', 'dataset_alias_example_alias_consumer', 'dataset_s3_bucket_consumer' retrieved from /home/airflow/.local/lib/python3.12/site-packages/airflow/example_dags/example_dataset_alias.py
[2026-07-01T09:14:15.069+0000] {logging_mixin.py:190} INFO - [2026-07-01T09:14:15.069+0000] {dag.py:3211} INFO - Sync 4 DAGs
[2026-07-01T09:14:15.085+0000] {logging_mixin.py:190} INFO - [2026-07-01T09:14:15.085+0000] {dag.py:4138} INFO - Setting next_dagrun for dataset_alias_example_alias_consumer to None, run_after=None
[2026-07-01T09:14:15.088+0000] {logging_mixin.py:190} INFO - [2026-07-01T09:14:15.088+0000] {dag.py:4138} INFO - Setting next_dagrun for dataset_alias_example_alias_producer to None, run_after=None
[2026-07-01T09:14:15.090+0000] {logging_mixin.py:190} INFO - [2026-07-01T09:14:15.090+0000] {dag.py:4138} INFO - Setting next_dagrun for dataset_s3_bucket_consumer to None, run_after=None
[2026-07-01T09:14:15.091+0000] {logging_mixin.py:190} INFO - [2026-07-01T09:14:15.091+0000] {dag.py:4138} INFO - Setting next_dagrun for dataset_s3_bucket_producer to None, run_after=None
[2026-07-01T09:14:15.109+0000] {processor.py:208} INFO - Processing /home/airflow/.local/lib/python3.12/site-packages/airflow/example_dags/example_dataset_alias.py took 0.179 seconds
[2026-07-01T09:14:45.153+0000] {processor.py:186} INFO - Started process (PID=700) to work on /home/airflow/.local/lib/python3.12/site-packages/airflow/example_dags/example_dataset_alias.py
[2026-07-01T09:14:45.155+0000] {processor.py:914} INFO - Processing file /home/airflow/.local/lib/python3.12/site-packages/airflow/example_dags/example_dataset_alias.py for tasks to queue
[2026-07-01T09:14:45.157+0000] {logging_mixin.py:190} INFO - [2026-07-01T09:14:45.157+0000] {dagbag.py:587} INFO - Filling up the DagBag from /home/airflow/.local/lib/python3.12/site-packages/airflow/example_dags/example_dataset_alias.py
[2026-07-01T09:14:45.263+0000] {processor.py:925} INFO - DAG(s) 'dataset_alias_example_alias_consumer', 'dataset_s3_bucket_producer', 'dataset_alias_example_alias_producer', 'dataset_s3_bucket_consumer' retrieved from /home/airflow/.local/lib/python3.12/site-packages/airflow/example_dags/example_dataset_alias.py
[2026-07-01T09:14:45.276+0000] {logging_mixin.py:190} INFO - [2026-07-01T09:14:45.276+0000] {dag.py:3211} INFO - Sync 4 DAGs
[2026-07-01T09:14:45.291+0000] {logging_mixin.py:190} INFO - [2026-07-01T09:14:45.291+0000] {dag.py:4138} INFO - Setting next_dagrun for dataset_alias_example_alias_consumer to None, run_after=None
[2026-07-01T09:14:45.293+0000] {logging_mixin.py:190} INFO - [2026-07-01T09:14:45.293+0000] {dag.py:4138} INFO - Setting next_dagrun for dataset_alias_example_alias_producer to None, run_after=None
[2026-07-01T09:14:45.294+0000] {logging_mixin.py:190} INFO - [2026-07-01T09:14:45.294+0000] {dag.py:4138} INFO - Setting next_dagrun for dataset_s3_bucket_consumer to None, run_after=None
[2026-07-01T09:14:45.295+0000] {logging_mixin.py:190} INFO - [2026-07-01T09:14:45.295+0000] {dag.py:4138} INFO - Setting next_dagrun for dataset_s3_bucket_producer to None, run_after=None
[2026-07-01T09:14:45.309+0000] {processor.py:208} INFO - Processing /home/airflow/.local/lib/python3.12/site-packages/airflow/example_dags/example_dataset_alias.py took 0.160 seconds
[2026-07-01T09:15:16.051+0000] {processor.py:186} INFO - Started process (PID=762) to work on /home/airflow/.local/lib/python3.12/site-packages/airflow/example_dags/example_dataset_alias.py
[2026-07-01T09:15:16.052+0000] {processor.py:914} INFO - Processing file /home/airflow/.local/lib/python3.12/site-packages/airflow/example_dags/example_dataset_alias.py for tasks to queue
[2026-07-01T09:15:16.055+0000] {logging_mixin.py:190} INFO - [2026-07-01T09:15:16.054+0000] {dagbag.py:587} INFO - Filling up the DagBag from /home/airflow/.local/lib/python3.12/site-packages/airflow/example_dags/example_dataset_alias.py
[2026-07-01T09:15:16.185+0000] {processor.py:925} INFO - DAG(s) 'dataset_alias_example_alias_producer', 'dataset_alias_example_alias_consumer', 'dataset_s3_bucket_consumer', 'dataset_s3_bucket_producer' retrieved from /home/airflow/.local/lib/python3.12/site-packages/airflow/example_dags/example_dataset_alias.py
[2026-07-01T09:15:16.207+0000] {logging_mixin.py:190} INFO - [2026-07-01T09:15:16.207+0000] {dag.py:3211} INFO - Sync 4 DAGs
[2026-07-01T09:15:16.231+0000] {logging_mixin.py:190} INFO - [2026-07-01T09:15:16.231+0000] {dag.py:4138} INFO - Setting next_dagrun for dataset_alias_example_alias_consumer to None, run_after=None
[2026-07-01T09:15:16.234+0000] {logging_mixin.py:190} INFO - [2026-07-01T09:15:16.234+0000] {dag.py:4138} INFO - Setting next_dagrun for dataset_alias_example_alias_producer to None, run_after=None
[2026-07-01T09:15:16.237+0000] {logging_mixin.py:190} INFO - [2026-07-01T09:15:16.236+0000] {dag.py:4138} INFO - Setting next_dagrun for dataset_s3_bucket_consumer to None, run_after=None
[2026-07-01T09:15:16.238+0000] {logging_mixin.py:190} INFO - [2026-07-01T09:15:16.238+0000] {dag.py:4138} INFO - Setting next_dagrun for dataset_s3_bucket_producer to None, run_after=None
[2026-07-01T09:15:16.263+0000] {processor.py:208} INFO - Processing /home/airflow/.local/lib/python3.12/site-packages/airflow/example_dags/example_dataset_alias.py took 0.218 seconds
[2026-07-01T09:15:46.943+0000] {processor.py:186} INFO - Started process (PID=824) to work on /home/airflow/.local/lib/python3.12/site-packages/airflow/example_dags/example_dataset_alias.py
[2026-07-01T09:15:46.944+0000] {processor.py:914} INFO - Processing file /home/airflow/.local/lib/python3.12/site-packages/airflow/example_dags/example_dataset_alias.py for tasks to queue
[2026-07-01T09:15:46.947+0000] {logging_mixin.py:190} INFO - [2026-07-01T09:15:46.947+0000] {dagbag.py:587} INFO - Filling up the DagBag from /home/airflow/.local/lib/python3.12/site-packages/airflow/example_dags/example_dataset_alias.py
[2026-07-01T09:15:47.060+0000] {processor.py:925} INFO - DAG(s) 'dataset_s3_bucket_consumer', 'dataset_s3_bucket_producer', 'dataset_alias_example_alias_producer', 'dataset_alias_example_alias_consumer' retrieved from /home/airflow/.local/lib/python3.12/site-packages/airflow/example_dags/example_dataset_alias.py
[2026-07-01T09:15:47.074+0000] {logging_mixin.py:190} INFO - [2026-07-01T09:15:47.074+0000] {dag.py:3211} INFO - Sync 4 DAGs
[2026-07-01T09:15:47.089+0000] {logging_mixin.py:190} INFO - [2026-07-01T09:15:47.089+0000] {dag.py:4138} INFO - Setting next_dagrun for dataset_alias_example_alias_consumer to None, run_after=None
[2026-07-01T09:15:47.091+0000] {logging_mixin.py:190} INFO - [2026-07-01T09:15:47.091+0000] {dag.py:4138} INFO - Setting next_dagrun for dataset_alias_example_alias_producer to None, run_after=None
[2026-07-01T09:15:47.092+0000] {logging_mixin.py:190} INFO - [2026-07-01T09:15:47.092+0000] {dag.py:4138} INFO - Setting next_dagrun for dataset_s3_bucket_consumer to None, run_after=None
[2026-07-01T09:15:47.094+0000] {logging_mixin.py:190} INFO - [2026-07-01T09:15:47.094+0000] {dag.py:4138} INFO - Setting next_dagrun for dataset_s3_bucket_producer to None, run_after=None
[2026-07-01T09:15:47.109+0000] {processor.py:208} INFO - Processing /home/airflow/.local/lib/python3.12/site-packages/airflow/example_dags/example_dataset_alias.py took 0.171 seconds
[2026-07-01T09:16:17.175+0000] {processor.py:186} INFO - Started process (PID=886) to work on /home/airflow/.local/lib/python3.12/site-packages/airflow/example_dags/example_dataset_alias.py
[2026-07-01T09:16:17.177+0000] {processor.py:914} INFO - Processing file /home/airflow/.local/lib/python3.12/site-packages/airflow/example_dags/example_dataset_alias.py for tasks to queue
[2026-07-01T09:16:17.183+0000] {logging_mixin.py:190} INFO - [2026-07-01T09:16:17.182+0000] {dagbag.py:587} INFO - Filling up the DagBag from /home/airflow/.local/lib/python3.12/site-packages/airflow/example_dags/example_dataset_alias.py
[2026-07-01T09:16:17.315+0000] {processor.py:925} INFO - DAG(s) 'dataset_s3_bucket_consumer', 'dataset_s3_bucket_producer', 'dataset_alias_example_alias_producer', 'dataset_alias_example_alias_consumer' retrieved from /home/airflow/.local/lib/python3.12/site-packages/airflow/example_dags/example_dataset_alias.py
[2026-07-01T09:16:17.330+0000] {logging_mixin.py:190} INFO - [2026-07-01T09:16:17.329+0000] {dag.py:3211} INFO - Sync 4 DAGs
[2026-07-01T09:16:17.345+0000] {logging_mixin.py:190} INFO - [2026-07-01T09:16:17.345+0000] {dag.py:4138} INFO - Setting next_dagrun for dataset_alias_example_alias_consumer to None, run_after=None
[2026-07-01T09:16:17.347+0000] {logging_mixin.py:190} INFO - [2026-07-01T09:16:17.347+0000] {dag.py:4138} INFO - Setting next_dagrun for dataset_alias_example_alias_producer to None, run_after=None
[2026-07-01T09:16:17.349+0000] {logging_mixin.py:190} INFO - [2026-07-01T09:16:17.348+0000] {dag.py:4138} INFO - Setting next_dagrun for dataset_s3_bucket_consumer to None, run_after=None
[2026-07-01T09:16:17.350+0000] {logging_mixin.py:190} INFO - [2026-07-01T09:16:17.350+0000] {dag.py:4138} INFO - Setting next_dagrun for dataset_s3_bucket_producer to None, run_after=None
[2026-07-01T09:16:17.367+0000] {processor.py:208} INFO - Processing /home/airflow/.local/lib/python3.12/site-packages/airflow/example_dags/example_dataset_alias.py took 0.197 seconds
[2026-07-01T09:16:47.473+0000] {processor.py:186} INFO - Started process (PID=949) to work on /home/airflow/.local/lib/python3.12/site-packages/airflow/example_dags/example_dataset_alias.py
[2026-07-01T09:16:47.474+0000] {processor.py:914} INFO - Processing file /home/airflow/.local/lib/python3.12/site-packages/airflow/example_dags/example_dataset_alias.py for tasks to queue
[2026-07-01T09:16:47.475+0000] {logging_mixin.py:190} INFO - [2026-07-01T09:16:47.475+0000] {dagbag.py:587} INFO - Filling up the DagBag from /home/airflow/.local/lib/python3.12/site-packages/airflow/example_dags/example_dataset_alias.py
[2026-07-01T09:16:47.577+0000] {processor.py:925} INFO - DAG(s) 'dataset_s3_bucket_producer', 'dataset_alias_example_alias_producer', 'dataset_alias_example_alias_consumer', 'dataset_s3_bucket_consumer' retrieved from /home/airflow/.local/lib/python3.12/site-packages/airflow/example_dags/example_dataset_alias.py
[2026-07-01T09:16:47.590+0000] {logging_mixin.py:190} INFO - [2026-07-01T09:16:47.590+0000] {dag.py:3211} INFO - Sync 4 DAGs
[2026-07-01T09:16:47.604+0000] {logging_mixin.py:190} INFO - [2026-07-01T09:16:47.604+0000] {dag.py:4138} INFO - Setting next_dagrun for dataset_alias_example_alias_consumer to None, run_after=None
[2026-07-01T09:16:47.607+0000] {logging_mixin.py:190} INFO - [2026-07-01T09:16:47.607+0000] {dag.py:4138} INFO - Setting next_dagrun for dataset_alias_example_alias_producer to None, run_after=None
[2026-07-01T09:16:47.608+0000] {logging_mixin.py:190} INFO - [2026-07-01T09:16:47.608+0000] {dag.py:4138} INFO - Setting next_dagrun for dataset_s3_bucket_consumer to None, run_after=None
[2026-07-01T09:16:47.609+0000] {logging_mixin.py:190} INFO - [2026-07-01T09:16:47.609+0000] {dag.py:4138} INFO - Setting next_dagrun for dataset_s3_bucket_producer to None, run_after=None
[2026-07-01T09:16:47.621+0000] {processor.py:208} INFO - Processing /home/airflow/.local/lib/python3.12/site-packages/airflow/example_dags/example_dataset_alias.py took 0.153 seconds
[2026-07-01T09:17:17.803+0000] {processor.py:186} INFO - Started process (PID=1010) to work on /home/airflow/.local/lib/python3.12/site-packages/airflow/example_dags/example_dataset_alias.py
[2026-07-01T09:17:17.805+0000] {processor.py:914} INFO - Processing file /home/airflow/.local/lib/python3.12/site-packages/airflow/example_dags/example_dataset_alias.py for tasks to queue
[2026-07-01T09:17:17.807+0000] {logging_mixin.py:190} INFO - [2026-07-01T09:17:17.807+0000] {dagbag.py:587} INFO - Filling up the DagBag from /home/airflow/.local/lib/python3.12/site-packages/airflow/example_dags/example_dataset_alias.py
[2026-07-01T09:17:17.936+0000] {processor.py:925} INFO - DAG(s) 'dataset_s3_bucket_consumer', 'dataset_s3_bucket_producer', 'dataset_alias_example_alias_consumer', 'dataset_alias_example_alias_producer' retrieved from /home/airflow/.local/lib/python3.12/site-packages/airflow/example_dags/example_dataset_alias.py
[2026-07-01T09:17:17.953+0000] {logging_mixin.py:190} INFO - [2026-07-01T09:17:17.953+0000] {dag.py:3211} INFO - Sync 4 DAGs
[2026-07-01T09:17:17.972+0000] {logging_mixin.py:190} INFO - [2026-07-01T09:17:17.972+0000] {dag.py:4138} INFO - Setting next_dagrun for dataset_alias_example_alias_consumer to None, run_after=None
[2026-07-01T09:17:17.974+0000] {logging_mixin.py:190} INFO - [2026-07-01T09:17:17.974+0000] {dag.py:4138} INFO - Setting next_dagrun for dataset_alias_example_alias_producer to None, run_after=None
[2026-07-01T09:17:17.976+0000] {logging_mixin.py:190} INFO - [2026-07-01T09:17:17.976+0000] {dag.py:4138} INFO - Setting next_dagrun for dataset_s3_bucket_consumer to None, run_after=None
[2026-07-01T09:17:17.977+0000] {logging_mixin.py:190} INFO - [2026-07-01T09:17:17.977+0000] {dag.py:4138} INFO - Setting next_dagrun for dataset_s3_bucket_producer to None, run_after=None
[2026-07-01T09:17:17.996+0000] {processor.py:208} INFO - Processing /home/airflow/.local/lib/python3.12/site-packages/airflow/example_dags/example_dataset_alias.py took 0.199 seconds
[2026-07-01T09:17:48.150+0000] {processor.py:186} INFO - Started process (PID=1072) to work on /home/airflow/.local/lib/python3.12/site-packages/airflow/example_dags/example_dataset_alias.py
[2026-07-01T09:17:48.151+0000] {processor.py:914} INFO - Processing file /home/airflow/.local/lib/python3.12/site-packages/airflow/example_dags/example_dataset_alias.py for tasks to queue
[2026-07-01T09:17:48.154+0000] {logging_mixin.py:190} INFO - [2026-07-01T09:17:48.153+0000] {dagbag.py:587} INFO - Filling up the DagBag from /home/airflow/.local/lib/python3.12/site-packages/airflow/example_dags/example_dataset_alias.py
[2026-07-01T09:17:48.287+0000] {processor.py:925} INFO - DAG(s) 'dataset_alias_example_alias_consumer', 'dataset_s3_bucket_producer', 'dataset_alias_example_alias_producer', 'dataset_s3_bucket_consumer' retrieved from /home/airflow/.local/lib/python3.12/site-packages/airflow/example_dags/example_dataset_alias.py
[2026-07-01T09:17:48.310+0000] {logging_mixin.py:190} INFO - [2026-07-01T09:17:48.309+0000] {dag.py:3211} INFO - Sync 4 DAGs
[2026-07-01T09:17:48.329+0000] {logging_mixin.py:190} INFO - [2026-07-01T09:17:48.329+0000] {dag.py:4138} INFO - Setting next_dagrun for dataset_alias_example_alias_consumer to None, run_after=None
[2026-07-01T09:17:48.332+0000] {logging_mixin.py:190} INFO - [2026-07-01T09:17:48.332+0000] {dag.py:4138} INFO - Setting next_dagrun for dataset_alias_example_alias_producer to None, run_after=None
[2026-07-01T09:17:48.334+0000] {logging_mixin.py:190} INFO - [2026-07-01T09:17:48.333+0000] {dag.py:4138} INFO - Setting next_dagrun for dataset_s3_bucket_consumer to None, run_after=None
[2026-07-01T09:17:48.335+0000] {logging_mixin.py:190} INFO - [2026-07-01T09:17:48.335+0000] {dag.py:4138} INFO - Setting next_dagrun for dataset_s3_bucket_producer to None, run_after=None
[2026-07-01T09:17:48.354+0000] {processor.py:208} INFO - Processing /home/airflow/.local/lib/python3.12/site-packages/airflow/example_dags/example_dataset_alias.py took 0.209 seconds
[2026-07-01T09:18:18.549+0000] {processor.py:186} INFO - Started process (PID=1135) to work on /home/airflow/.local/lib/python3.12/site-packages/airflow/example_dags/example_dataset_alias.py
[2026-07-01T09:18:18.550+0000] {processor.py:914} INFO - Processing file /home/airflow/.local/lib/python3.12/site-packages/airflow/example_dags/example_dataset_alias.py for tasks to queue
[2026-07-01T09:18:18.552+0000] {logging_mixin.py:190} INFO - [2026-07-01T09:18:18.552+0000] {dagbag.py:587} INFO - Filling up the DagBag from /home/airflow/.local/lib/python3.12/site-packages/airflow/example_dags/example_dataset_alias.py
[2026-07-01T09:18:18.667+0000] {processor.py:925} INFO - DAG(s) 'dataset_alias_example_alias_producer', 'dataset_s3_bucket_producer', 'dataset_s3_bucket_consumer', 'dataset_alias_example_alias_consumer' retrieved from /home/airflow/.local/lib/python3.12/site-packages/airflow/example_dags/example_dataset_alias.py
[2026-07-01T09:18:18.682+0000] {logging_mixin.py:190} INFO - [2026-07-01T09:18:18.681+0000] {dag.py:3211} INFO - Sync 4 DAGs
[2026-07-01T09:18:18.697+0000] {logging_mixin.py:190} INFO - [2026-07-01T09:18:18.697+0000] {dag.py:4138} INFO - Setting next_dagrun for dataset_alias_example_alias_consumer to None, run_after=None
[2026-07-01T09:18:18.698+0000] {logging_mixin.py:190} INFO - [2026-07-01T09:18:18.698+0000] {dag.py:4138} INFO - Setting next_dagrun for dataset_alias_example_alias_producer to None, run_after=None
[2026-07-01T09:18:18.699+0000] {logging_mixin.py:190} INFO - [2026-07-01T09:18:18.699+0000] {dag.py:4138} INFO - Setting next_dagrun for dataset_s3_bucket_consumer to None, run_after=None
[2026-07-01T09:18:18.700+0000] {logging_mixin.py:190} INFO - [2026-07-01T09:18:18.700+0000] {dag.py:4138} INFO - Setting next_dagrun for dataset_s3_bucket_producer to None, run_after=None
[2026-07-01T09:18:18.714+0000] {processor.py:208} INFO - Processing /home/airflow/.local/lib/python3.12/site-packages/airflow/example_dags/example_dataset_alias.py took 0.170 seconds
[2026-07-01T09:18:48.797+0000] {processor.py:186} INFO - Started process (PID=1197) to work on /home/airflow/.local/lib/python3.12/site-packages/airflow/example_dags/example_dataset_alias.py
[2026-07-01T09:18:48.798+0000] {processor.py:914} INFO - Processing file /home/airflow/.local/lib/python3.12/site-packages/airflow/example_dags/example_dataset_alias.py for tasks to queue
[2026-07-01T09:18:48.800+0000] {logging_mixin.py:190} INFO - [2026-07-01T09:18:48.800+0000] {dagbag.py:587} INFO - Filling up the DagBag from /home/airflow/.local/lib/python3.12/site-packages/airflow/example_dags/example_dataset_alias.py
[2026-07-01T09:18:48.902+0000] {processor.py:925} INFO - DAG(s) 'dataset_s3_bucket_consumer', 'dataset_alias_example_alias_consumer', 'dataset_alias_example_alias_producer', 'dataset_s3_bucket_producer' retrieved from /home/airflow/.local/lib/python3.12/site-packages/airflow/example_dags/example_dataset_alias.py
[2026-07-01T09:18:48.916+0000] {logging_mixin.py:190} INFO - [2026-07-01T09:18:48.915+0000] {dag.py:3211} INFO - Sync 4 DAGs
[2026-07-01T09:18:48.932+0000] {logging_mixin.py:190} INFO - [2026-07-01T09:18:48.931+0000] {dag.py:4138} INFO - Setting next_dagrun for dataset_alias_example_alias_consumer to None, run_after=None
[2026-07-01T09:18:48.934+0000] {logging_mixin.py:190} INFO - [2026-07-01T09:18:48.934+0000] {dag.py:4138} INFO - Setting next_dagrun for dataset_alias_example_alias_producer to None, run_after=None
[2026-07-01T09:18:48.935+0000] {logging_mixin.py:190} INFO - [2026-07-01T09:18:48.935+0000] {dag.py:4138} INFO - Setting next_dagrun for dataset_s3_bucket_consumer to None, run_after=None
[2026-07-01T09:18:48.936+0000] {logging_mixin.py:190} INFO - [2026-07-01T09:18:48.936+0000] {dag.py:4138} INFO - Setting next_dagrun for dataset_s3_bucket_producer to None, run_after=None
[2026-07-01T09:18:48.949+0000] {processor.py:208} INFO - Processing /home/airflow/.local/lib/python3.12/site-packages/airflow/example_dags/example_dataset_alias.py took 0.156 seconds
[2026-07-01T09:19:19.492+0000] {processor.py:186} INFO - Started process (PID=1258) to work on /home/airflow/.local/lib/python3.12/site-packages/airflow/example_dags/example_dataset_alias.py
[2026-07-01T09:19:19.493+0000] {processor.py:914} INFO - Processing file /home/airflow/.local/lib/python3.12/site-packages/airflow/example_dags/example_dataset_alias.py for tasks to queue
[2026-07-01T09:19:19.495+0000] {logging_mixin.py:190} INFO - [2026-07-01T09:19:19.495+0000] {dagbag.py:587} INFO - Filling up the DagBag from /home/airflow/.local/lib/python3.12/site-packages/airflow/example_dags/example_dataset_alias.py
[2026-07-01T09:19:19.592+0000] {processor.py:925} INFO - DAG(s) 'dataset_alias_example_alias_producer', 'dataset_alias_example_alias_consumer', 'dataset_s3_bucket_consumer', 'dataset_s3_bucket_producer' retrieved from /home/airflow/.local/lib/python3.12/site-packages/airflow/example_dags/example_dataset_alias.py
[2026-07-01T09:19:19.606+0000] {logging_mixin.py:190} INFO - [2026-07-01T09:19:19.606+0000] {dag.py:3211} INFO - Sync 4 DAGs
[2026-07-01T09:19:19.621+0000] {logging_mixin.py:190} INFO - [2026-07-01T09:19:19.621+0000] {dag.py:4138} INFO - Setting next_dagrun for dataset_alias_example_alias_consumer to None, run_after=None
[2026-07-01T09:19:19.623+0000] {logging_mixin.py:190} INFO - [2026-07-01T09:19:19.623+0000] {dag.py:4138} INFO - Setting next_dagrun for dataset_alias_example_alias_producer to None, run_after=None
[2026-07-01T09:19:19.624+0000] {logging_mixin.py:190} INFO - [2026-07-01T09:19:19.624+0000] {dag.py:4138} INFO - Setting next_dagrun for dataset_s3_bucket_consumer to None, run_after=None
[2026-07-01T09:19:19.625+0000] {logging_mixin.py:190} INFO - [2026-07-01T09:19:19.625+0000] {dag.py:4138} INFO - Setting next_dagrun for dataset_s3_bucket_producer to None, run_after=None
[2026-07-01T09:19:19.640+0000] {processor.py:208} INFO - Processing /home/airflow/.local/lib/python3.12/site-packages/airflow/example_dags/example_dataset_alias.py took 0.152 seconds
[2026-07-01T09:19:50.230+0000] {processor.py:186} INFO - Started process (PID=1320) to work on /home/airflow/.local/lib/python3.12/site-packages/airflow/example_dags/example_dataset_alias.py
[2026-07-01T09:19:50.231+0000] {processor.py:914} INFO - Processing file /home/airflow/.local/lib/python3.12/site-packages/airflow/example_dags/example_dataset_alias.py for tasks to queue
[2026-07-01T09:19:50.233+0000] {logging_mixin.py:190} INFO - [2026-07-01T09:19:50.233+0000] {dagbag.py:587} INFO - Filling up the DagBag from /home/airflow/.local/lib/python3.12/site-packages/airflow/example_dags/example_dataset_alias.py
[2026-07-01T09:19:50.355+0000] {processor.py:925} INFO - DAG(s) 'dataset_alias_example_alias_producer', 'dataset_alias_example_alias_consumer', 'dataset_s3_bucket_consumer', 'dataset_s3_bucket_producer' retrieved from /home/airflow/.local/lib/python3.12/site-packages/airflow/example_dags/example_dataset_alias.py
[2026-07-01T09:19:50.370+0000] {logging_mixin.py:190} INFO - [2026-07-01T09:19:50.370+0000] {dag.py:3211} INFO - Sync 4 DAGs
[2026-07-01T09:19:50.386+0000] {logging_mixin.py:190} INFO - [2026-07-01T09:19:50.386+0000] {dag.py:4138} INFO - Setting next_dagrun for dataset_alias_example_alias_consumer to None, run_after=None
[2026-07-01T09:19:50.388+0000] {logging_mixin.py:190} INFO - [2026-07-01T09:19:50.388+0000] {dag.py:4138} INFO - Setting next_dagrun for dataset_alias_example_alias_producer to None, run_after=None
[2026-07-01T09:19:50.389+0000] {logging_mixin.py:190} INFO - [2026-07-01T09:19:50.388+0000] {dag.py:4138} INFO - Setting next_dagrun for dataset_s3_bucket_consumer to None, run_after=None
[2026-07-01T09:19:50.390+0000] {logging_mixin.py:190} INFO - [2026-07-01T09:19:50.390+0000] {dag.py:4138} INFO - Setting next_dagrun for dataset_s3_bucket_producer to None, run_after=None
[2026-07-01T09:19:50.406+0000] {processor.py:208} INFO - Processing /home/airflow/.local/lib/python3.12/site-packages/airflow/example_dags/example_dataset_alias.py took 0.181 seconds
[2026-07-01T09:20:20.912+0000] {processor.py:186} INFO - Started process (PID=1382) to work on /home/airflow/.local/lib/python3.12/site-packages/airflow/example_dags/example_dataset_alias.py
[2026-07-01T09:20:20.913+0000] {processor.py:914} INFO - Processing file /home/airflow/.local/lib/python3.12/site-packages/airflow/example_dags/example_dataset_alias.py for tasks to queue
[2026-07-01T09:20:20.916+0000] {logging_mixin.py:190} INFO - [2026-07-01T09:20:20.916+0000] {dagbag.py:587} INFO - Filling up the DagBag from /home/airflow/.local/lib/python3.12/site-packages/airflow/example_dags/example_dataset_alias.py
[2026-07-01T09:20:21.039+0000] {processor.py:925} INFO - DAG(s) 'dataset_alias_example_alias_consumer', 'dataset_s3_bucket_consumer', 'dataset_s3_bucket_producer', 'dataset_alias_example_alias_producer' retrieved from /home/airflow/.local/lib/python3.12/site-packages/airflow/example_dags/example_dataset_alias.py
[2026-07-01T09:20:21.060+0000] {logging_mixin.py:190} INFO - [2026-07-01T09:20:21.059+0000] {dag.py:3211} INFO - Sync 4 DAGs
[2026-07-01T09:20:21.080+0000] {logging_mixin.py:190} INFO - [2026-07-01T09:20:21.080+0000] {dag.py:4138} INFO - Setting next_dagrun for dataset_alias_example_alias_consumer to None, run_after=None
[2026-07-01T09:20:21.083+0000] {logging_mixin.py:190} INFO - [2026-07-01T09:20:21.083+0000] {dag.py:4138} INFO - Setting next_dagrun for dataset_alias_example_alias_producer to None, run_after=None
[2026-07-01T09:20:21.084+0000] {logging_mixin.py:190} INFO - [2026-07-01T09:20:21.084+0000] {dag.py:4138} INFO - Setting next_dagrun for dataset_s3_bucket_consumer to None, run_after=None
[2026-07-01T09:20:21.087+0000] {logging_mixin.py:190} INFO - [2026-07-01T09:20:21.086+0000] {dag.py:4138} INFO - Setting next_dagrun for dataset_s3_bucket_producer to None, run_after=None
[2026-07-01T09:20:21.107+0000] {processor.py:208} INFO - Processing /home/airflow/.local/lib/python3.12/site-packages/airflow/example_dags/example_dataset_alias.py took 0.199 seconds
[2026-07-01T09:20:51.726+0000] {processor.py:186} INFO - Started process (PID=1444) to work on /home/airflow/.local/lib/python3.12/site-packages/airflow/example_dags/example_dataset_alias.py
[2026-07-01T09:20:51.727+0000] {processor.py:914} INFO - Processing file /home/airflow/.local/lib/python3.12/site-packages/airflow/example_dags/example_dataset_alias.py for tasks to queue
[2026-07-01T09:20:51.730+0000] {logging_mixin.py:190} INFO - [2026-07-01T09:20:51.730+0000] {dagbag.py:587} INFO - Filling up the DagBag from /home/airflow/.local/lib/python3.12/site-packages/airflow/example_dags/example_dataset_alias.py
[2026-07-01T09:20:51.831+0000] {processor.py:925} INFO - DAG(s) 'dataset_s3_bucket_consumer', 'dataset_s3_bucket_producer', 'dataset_alias_example_alias_producer', 'dataset_alias_example_alias_consumer' retrieved from /home/airflow/.local/lib/python3.12/site-packages/airflow/example_dags/example_dataset_alias.py
[2026-07-01T09:20:51.845+0000] {logging_mixin.py:190} INFO - [2026-07-01T09:20:51.845+0000] {dag.py:3211} INFO - Sync 4 DAGs
[2026-07-01T09:20:51.860+0000] {logging_mixin.py:190} INFO - [2026-07-01T09:20:51.860+0000] {dag.py:4138} INFO - Setting next_dagrun for dataset_alias_example_alias_consumer to None, run_after=None
[2026-07-01T09:20:51.862+0000] {logging_mixin.py:190} INFO - [2026-07-01T09:20:51.861+0000] {dag.py:4138} INFO - Setting next_dagrun for dataset_alias_example_alias_producer to None, run_after=None
[2026-07-01T09:20:51.863+0000] {logging_mixin.py:190} INFO - [2026-07-01T09:20:51.863+0000] {dag.py:4138} INFO - Setting next_dagrun for dataset_s3_bucket_consumer to None, run_after=None
[2026-07-01T09:20:51.864+0000] {logging_mixin.py:190} INFO - [2026-07-01T09:20:51.864+0000] {dag.py:4138} INFO - Setting next_dagrun for dataset_s3_bucket_producer to None, run_after=None
[2026-07-01T09:20:51.877+0000] {processor.py:208} INFO - Processing /home/airflow/.local/lib/python3.12/site-packages/airflow/example_dags/example_dataset_alias.py took 0.156 seconds
[2026-07-01T09:21:21.915+0000] {processor.py:186} INFO - Started process (PID=1506) to work on /home/airflow/.local/lib/python3.12/site-packages/airflow/example_dags/example_dataset_alias.py
[2026-07-01T09:21:21.916+0000] {processor.py:914} INFO - Processing file /home/airflow/.local/lib/python3.12/site-packages/airflow/example_dags/example_dataset_alias.py for tasks to queue
[2026-07-01T09:21:21.918+0000] {logging_mixin.py:190} INFO - [2026-07-01T09:21:21.918+0000] {dagbag.py:587} INFO - Filling up the DagBag from /home/airflow/.local/lib/python3.12/site-packages/airflow/example_dags/example_dataset_alias.py
[2026-07-01T09:21:22.021+0000] {processor.py:925} INFO - DAG(s) 'dataset_s3_bucket_producer', 'dataset_alias_example_alias_consumer', 'dataset_s3_bucket_consumer', 'dataset_alias_example_alias_producer' retrieved from /home/airflow/.local/lib/python3.12/site-packages/airflow/example_dags/example_dataset_alias.py
[2026-07-01T09:21:22.037+0000] {logging_mixin.py:190} INFO - [2026-07-01T09:21:22.036+0000] {dag.py:3211} INFO - Sync 4 DAGs
[2026-07-01T09:21:22.053+0000] {logging_mixin.py:190} INFO - [2026-07-01T09:21:22.053+0000] {dag.py:4138} INFO - Setting next_dagrun for dataset_alias_example_alias_consumer to None, run_after=None
[2026-07-01T09:21:22.055+0000] {logging_mixin.py:190} INFO - [2026-07-01T09:21:22.055+0000] {dag.py:4138} INFO - Setting next_dagrun for dataset_alias_example_alias_producer to None, run_after=None
[2026-07-01T09:21:22.056+0000] {logging_mixin.py:190} INFO - [2026-07-01T09:21:22.056+0000] {dag.py:4138} INFO - Setting next_dagrun for dataset_s3_bucket_consumer to None, run_after=None
[2026-07-01T09:21:22.057+0000] {logging_mixin.py:190} INFO - [2026-07-01T09:21:22.057+0000] {dag.py:4138} INFO - Setting next_dagrun for dataset_s3_bucket_producer to None, run_after=None
[2026-07-01T09:21:22.071+0000] {processor.py:208} INFO - Processing /home/airflow/.local/lib/python3.12/site-packages/airflow/example_dags/example_dataset_alias.py took 0.160 seconds
[2026-07-01T09:21:52.210+0000] {processor.py:186} INFO - Started process (PID=1568) to work on /home/airflow/.local/lib/python3.12/site-packages/airflow/example_dags/example_dataset_alias.py
[2026-07-01T09:21:52.211+0000] {processor.py:914} INFO - Processing file /home/airflow/.local/lib/python3.12/site-packages/airflow/example_dags/example_dataset_alias.py for tasks to queue
[2026-07-01T09:21:52.213+0000] {logging_mixin.py:190} INFO - [2026-07-01T09:21:52.213+0000] {dagbag.py:587} INFO - Filling up the DagBag from /home/airflow/.local/lib/python3.12/site-packages/airflow/example_dags/example_dataset_alias.py
[2026-07-01T09:21:52.310+0000] {processor.py:925} INFO - DAG(s) 'dataset_alias_example_alias_consumer', 'dataset_alias_example_alias_producer', 'dataset_s3_bucket_consumer', 'dataset_s3_bucket_producer' retrieved from /home/airflow/.local/lib/python3.12/site-packages/airflow/example_dags/example_dataset_alias.py
[2026-07-01T09:21:52.323+0000] {logging_mixin.py:190} INFO - [2026-07-01T09:21:52.323+0000] {dag.py:3211} INFO - Sync 4 DAGs
[2026-07-01T09:21:52.339+0000] {logging_mixin.py:190} INFO - [2026-07-01T09:21:52.338+0000] {dag.py:4138} INFO - Setting next_dagrun for dataset_alias_example_alias_consumer to None, run_after=None
[2026-07-01T09:21:52.341+0000] {logging_mixin.py:190} INFO - [2026-07-01T09:21:52.340+0000] {dag.py:4138} INFO - Setting next_dagrun for dataset_alias_example_alias_producer to None, run_after=None
[2026-07-01T09:21:52.341+0000] {logging_mixin.py:190} INFO - [2026-07-01T09:21:52.341+0000] {dag.py:4138} INFO - Setting next_dagrun for dataset_s3_bucket_consumer to None, run_after=None
[2026-07-01T09:21:52.342+0000] {logging_mixin.py:190} INFO - [2026-07-01T09:21:52.342+0000] {dag.py:4138} INFO - Setting next_dagrun for dataset_s3_bucket_producer to None, run_after=None
[2026-07-01T09:21:52.357+0000] {processor.py:208} INFO - Processing /home/airflow/.local/lib/python3.12/site-packages/airflow/example_dags/example_dataset_alias.py took 0.151 seconds
[2026-07-01T09:22:22.488+0000] {processor.py:186} INFO - Started process (PID=1630) to work on /home/airflow/.local/lib/python3.12/site-packages/airflow/example_dags/example_dataset_alias.py
[2026-07-01T09:22:22.490+0000] {processor.py:914} INFO - Processing file /home/airflow/.local/lib/python3.12/site-packages/airflow/example_dags/example_dataset_alias.py for tasks to queue
[2026-07-01T09:22:22.493+0000] {logging_mixin.py:190} INFO - [2026-07-01T09:22:22.492+0000] {dagbag.py:587} INFO - Filling up the DagBag from /home/airflow/.local/lib/python3.12/site-packages/airflow/example_dags/example_dataset_alias.py
[2026-07-01T09:22:22.632+0000] {processor.py:925} INFO - DAG(s) 'dataset_alias_example_alias_consumer', 'dataset_s3_bucket_producer', 'dataset_s3_bucket_consumer', 'dataset_alias_example_alias_producer' retrieved from /home/airflow/.local/lib/python3.12/site-packages/airflow/example_dags/example_dataset_alias.py
[2026-07-01T09:22:22.650+0000] {logging_mixin.py:190} INFO - [2026-07-01T09:22:22.650+0000] {dag.py:3211} INFO - Sync 4 DAGs
[2026-07-01T09:22:22.669+0000] {logging_mixin.py:190} INFO - [2026-07-01T09:22:22.668+0000] {dag.py:4138} INFO - Setting next_dagrun for dataset_alias_example_alias_consumer to None, run_after=None
[2026-07-01T09:22:22.671+0000] {logging_mixin.py:190} INFO - [2026-07-01T09:22:22.671+0000] {dag.py:4138} INFO - Setting next_dagrun for dataset_alias_example_alias_producer to None, run_after=None
[2026-07-01T09:22:22.672+0000] {logging_mixin.py:190} INFO - [2026-07-01T09:22:22.672+0000] {dag.py:4138} INFO - Setting next_dagrun for dataset_s3_bucket_consumer to None, run_after=None
[2026-07-01T09:22:22.674+0000] {logging_mixin.py:190} INFO - [2026-07-01T09:22:22.674+0000] {dag.py:4138} INFO - Setting next_dagrun for dataset_s3_bucket_producer to None, run_after=None
[2026-07-01T09:22:22.690+0000] {processor.py:208} INFO - Processing /home/airflow/.local/lib/python3.12/site-packages/airflow/example_dags/example_dataset_alias.py took 0.209 seconds
[2026-07-01T09:22:53.412+0000] {processor.py:186} INFO - Started process (PID=1692) to work on /home/airflow/.local/lib/python3.12/site-packages/airflow/example_dags/example_dataset_alias.py
[2026-07-01T09:22:53.413+0000] {processor.py:914} INFO - Processing file /home/airflow/.local/lib/python3.12/site-packages/airflow/example_dags/example_dataset_alias.py for tasks to queue
[2026-07-01T09:22:53.415+0000] {logging_mixin.py:190} INFO - [2026-07-01T09:22:53.415+0000] {dagbag.py:587} INFO - Filling up the DagBag from /home/airflow/.local/lib/python3.12/site-packages/airflow/example_dags/example_dataset_alias.py
[2026-07-01T09:22:53.532+0000] {processor.py:925} INFO - DAG(s) 'dataset_s3_bucket_consumer', 'dataset_s3_bucket_producer', 'dataset_alias_example_alias_producer', 'dataset_alias_example_alias_consumer' retrieved from /home/airflow/.local/lib/python3.12/site-packages/airflow/example_dags/example_dataset_alias.py
[2026-07-01T09:22:53.546+0000] {logging_mixin.py:190} INFO - [2026-07-01T09:22:53.546+0000] {dag.py:3211} INFO - Sync 4 DAGs
[2026-07-01T09:22:53.561+0000] {logging_mixin.py:190} INFO - [2026-07-01T09:22:53.561+0000] {dag.py:4138} INFO - Setting next_dagrun for dataset_alias_example_alias_consumer to None, run_after=None
[2026-07-01T09:22:53.563+0000] {logging_mixin.py:190} INFO - [2026-07-01T09:22:53.563+0000] {dag.py:4138} INFO - Setting next_dagrun for dataset_alias_example_alias_producer to None, run_after=None
[2026-07-01T09:22:53.564+0000] {logging_mixin.py:190} INFO - [2026-07-01T09:22:53.564+0000] {dag.py:4138} INFO - Setting next_dagrun for dataset_s3_bucket_consumer to None, run_after=None
[2026-07-01T09:22:53.565+0000] {logging_mixin.py:190} INFO - [2026-07-01T09:22:53.565+0000] {dag.py:4138} INFO - Setting next_dagrun for dataset_s3_bucket_producer to None, run_after=None
[2026-07-01T09:22:53.737+0000] {processor.py:208} INFO - Processing /home/airflow/.local/lib/python3.12/site-packages/airflow/example_dags/example_dataset_alias.py took 0.331 seconds
[2026-07-01T09:23:23.816+0000] {processor.py:186} INFO - Started process (PID=1756) to work on /home/airflow/.local/lib/python3.12/site-packages/airflow/example_dags/example_dataset_alias.py
[2026-07-01T09:23:23.817+0000] {processor.py:914} INFO - Processing file /home/airflow/.local/lib/python3.12/site-packages/airflow/example_dags/example_dataset_alias.py for tasks to queue
[2026-07-01T09:23:23.818+0000] {logging_mixin.py:190} INFO - [2026-07-01T09:23:23.818+0000] {dagbag.py:587} INFO - Filling up the DagBag from /home/airflow/.local/lib/python3.12/site-packages/airflow/example_dags/example_dataset_alias.py
[2026-07-01T09:23:23.919+0000] {processor.py:925} INFO - DAG(s) 'dataset_s3_bucket_producer', 'dataset_s3_bucket_consumer', 'dataset_alias_example_alias_consumer', 'dataset_alias_example_alias_producer' retrieved from /home/airflow/.local/lib/python3.12/site-packages/airflow/example_dags/example_dataset_alias.py
[2026-07-01T09:23:23.933+0000] {logging_mixin.py:190} INFO - [2026-07-01T09:23:23.933+0000] {dag.py:3211} INFO - Sync 4 DAGs
[2026-07-01T09:23:23.947+0000] {logging_mixin.py:190} INFO - [2026-07-01T09:23:23.947+0000] {dag.py:4138} INFO - Setting next_dagrun for dataset_alias_example_alias_consumer to None, run_after=None
[2026-07-01T09:23:23.949+0000] {logging_mixin.py:190} INFO - [2026-07-01T09:23:23.949+0000] {dag.py:4138} INFO - Setting next_dagrun for dataset_alias_example_alias_producer to None, run_after=None
[2026-07-01T09:23:23.950+0000] {logging_mixin.py:190} INFO - [2026-07-01T09:23:23.950+0000] {dag.py:4138} INFO - Setting next_dagrun for dataset_s3_bucket_consumer to None, run_after=None
[2026-07-01T09:23:23.951+0000] {logging_mixin.py:190} INFO - [2026-07-01T09:23:23.951+0000] {dag.py:4138} INFO - Setting next_dagrun for dataset_s3_bucket_producer to None, run_after=None
[2026-07-01T09:23:24.109+0000] {processor.py:208} INFO - Processing /home/airflow/.local/lib/python3.12/site-packages/airflow/example_dags/example_dataset_alias.py took 0.297 seconds
[2026-07-01T09:23:54.400+0000] {processor.py:186} INFO - Started process (PID=1820) to work on /home/airflow/.local/lib/python3.12/site-packages/airflow/example_dags/example_dataset_alias.py
[2026-07-01T09:23:54.402+0000] {processor.py:914} INFO - Processing file /home/airflow/.local/lib/python3.12/site-packages/airflow/example_dags/example_dataset_alias.py for tasks to queue
[2026-07-01T09:23:54.404+0000] {logging_mixin.py:190} INFO - [2026-07-01T09:23:54.404+0000] {dagbag.py:587} INFO - Filling up the DagBag from /home/airflow/.local/lib/python3.12/site-packages/airflow/example_dags/example_dataset_alias.py
[2026-07-01T09:23:54.508+0000] {processor.py:925} INFO - DAG(s) 'dataset_alias_example_alias_consumer', 'dataset_alias_example_alias_producer', 'dataset_s3_bucket_producer', 'dataset_s3_bucket_consumer' retrieved from /home/airflow/.local/lib/python3.12/site-packages/airflow/example_dags/example_dataset_alias.py
[2026-07-01T09:23:54.521+0000] {logging_mixin.py:190} INFO - [2026-07-01T09:23:54.521+0000] {dag.py:3211} INFO - Sync 4 DAGs
[2026-07-01T09:23:54.535+0000] {logging_mixin.py:190} INFO - [2026-07-01T09:23:54.535+0000] {dag.py:4138} INFO - Setting next_dagrun for dataset_alias_example_alias_consumer to None, run_after=None
[2026-07-01T09:23:54.537+0000] {logging_mixin.py:190} INFO - [2026-07-01T09:23:54.537+0000] {dag.py:4138} INFO - Setting next_dagrun for dataset_alias_example_alias_producer to None, run_after=None
[2026-07-01T09:23:54.538+0000] {logging_mixin.py:190} INFO - [2026-07-01T09:23:54.538+0000] {dag.py:4138} INFO - Setting next_dagrun for dataset_s3_bucket_consumer to None, run_after=None
[2026-07-01T09:23:54.539+0000] {logging_mixin.py:190} INFO - [2026-07-01T09:23:54.539+0000] {dag.py:4138} INFO - Setting next_dagrun for dataset_s3_bucket_producer to None, run_after=None
[2026-07-01T09:23:54.554+0000] {processor.py:208} INFO - Processing /home/airflow/.local/lib/python3.12/site-packages/airflow/example_dags/example_dataset_alias.py took 0.158 seconds
[2026-07-01T09:24:24.723+0000] {processor.py:186} INFO - Started process (PID=1883) to work on /home/airflow/.local/lib/python3.12/site-packages/airflow/example_dags/example_dataset_alias.py
[2026-07-01T09:24:24.724+0000] {processor.py:914} INFO - Processing file /home/airflow/.local/lib/python3.12/site-packages/airflow/example_dags/example_dataset_alias.py for tasks to queue
[2026-07-01T09:24:24.726+0000] {logging_mixin.py:190} INFO - [2026-07-01T09:24:24.726+0000] {dagbag.py:587} INFO - Filling up the DagBag from /home/airflow/.local/lib/python3.12/site-packages/airflow/example_dags/example_dataset_alias.py
[2026-07-01T09:24:24.825+0000] {processor.py:925} INFO - DAG(s) 'dataset_alias_example_alias_consumer', 'dataset_s3_bucket_producer', 'dataset_s3_bucket_consumer', 'dataset_alias_example_alias_producer' retrieved from /home/airflow/.local/lib/python3.12/site-packages/airflow/example_dags/example_dataset_alias.py
[2026-07-01T09:24:24.838+0000] {logging_mixin.py:190} INFO - [2026-07-01T09:24:24.838+0000] {dag.py:3211} INFO - Sync 4 DAGs
[2026-07-01T09:24:24.851+0000] {logging_mixin.py:190} INFO - [2026-07-01T09:24:24.851+0000] {dag.py:4138} INFO - Setting next_dagrun for dataset_alias_example_alias_consumer to None, run_after=None
[2026-07-01T09:24:24.853+0000] {logging_mixin.py:190} INFO - [2026-07-01T09:24:24.853+0000] {dag.py:4138} INFO - Setting next_dagrun for dataset_alias_example_alias_producer to None, run_after=None
[2026-07-01T09:24:24.854+0000] {logging_mixin.py:190} INFO - [2026-07-01T09:24:24.854+0000] {dag.py:4138} INFO - Setting next_dagrun for dataset_s3_bucket_consumer to None, run_after=None
[2026-07-01T09:24:24.855+0000] {logging_mixin.py:190} INFO - [2026-07-01T09:24:24.855+0000] {dag.py:4138} INFO - Setting next_dagrun for dataset_s3_bucket_producer to None, run_after=None
[2026-07-01T09:24:24.869+0000] {processor.py:208} INFO - Processing /home/airflow/.local/lib/python3.12/site-packages/airflow/example_dags/example_dataset_alias.py took 0.150 seconds
[2026-07-01T09:24:54.918+0000] {processor.py:186} INFO - Started process (PID=1946) to work on /home/airflow/.local/lib/python3.12/site-packages/airflow/example_dags/example_dataset_alias.py
[2026-07-01T09:24:54.919+0000] {processor.py:914} INFO - Processing file /home/airflow/.local/lib/python3.12/site-packages/airflow/example_dags/example_dataset_alias.py for tasks to queue
[2026-07-01T09:24:54.922+0000] {logging_mixin.py:190} INFO - [2026-07-01T09:24:54.922+0000] {dagbag.py:587} INFO - Filling up the DagBag from /home/airflow/.local/lib/python3.12/site-packages/airflow/example_dags/example_dataset_alias.py
[2026-07-01T09:24:55.029+0000] {processor.py:925} INFO - DAG(s) 'dataset_alias_example_alias_producer', 'dataset_s3_bucket_consumer', 'dataset_s3_bucket_producer', 'dataset_alias_example_alias_consumer' retrieved from /home/airflow/.local/lib/python3.12/site-packages/airflow/example_dags/example_dataset_alias.py
[2026-07-01T09:24:55.044+0000] {logging_mixin.py:190} INFO - [2026-07-01T09:24:55.044+0000] {dag.py:3211} INFO - Sync 4 DAGs
[2026-07-01T09:24:55.059+0000] {logging_mixin.py:190} INFO - [2026-07-01T09:24:55.058+0000] {dag.py:4138} INFO - Setting next_dagrun for dataset_alias_example_alias_consumer to None, run_after=None
[2026-07-01T09:24:55.060+0000] {logging_mixin.py:190} INFO - [2026-07-01T09:24:55.060+0000] {dag.py:4138} INFO - Setting next_dagrun for dataset_alias_example_alias_producer to None, run_after=None
[2026-07-01T09:24:55.061+0000] {logging_mixin.py:190} INFO - [2026-07-01T09:24:55.061+0000] {dag.py:4138} INFO - Setting next_dagrun for dataset_s3_bucket_consumer to None, run_after=None
[2026-07-01T09:24:55.066+0000] {logging_mixin.py:190} INFO - [2026-07-01T09:24:55.066+0000] {dag.py:4138} INFO - Setting next_dagrun for dataset_s3_bucket_producer to None, run_after=None
[2026-07-01T09:24:55.081+0000] {processor.py:208} INFO - Processing /home/airflow/.local/lib/python3.12/site-packages/airflow/example_dags/example_dataset_alias.py took 0.167 seconds
[2026-07-01T09:25:25.124+0000] {processor.py:186} INFO - Started process (PID=2007) to work on /home/airflow/.local/lib/python3.12/site-packages/airflow/example_dags/example_dataset_alias.py
[2026-07-01T09:25:25.125+0000] {processor.py:914} INFO - Processing file /home/airflow/.local/lib/python3.12/site-packages/airflow/example_dags/example_dataset_alias.py for tasks to queue
[2026-07-01T09:25:25.127+0000] {logging_mixin.py:190} INFO - [2026-07-01T09:25:25.127+0000] {dagbag.py:587} INFO - Filling up the DagBag from /home/airflow/.local/lib/python3.12/site-packages/airflow/example_dags/example_dataset_alias.py
[2026-07-01T09:25:25.229+0000] {processor.py:925} INFO - DAG(s) 'dataset_alias_example_alias_consumer', 'dataset_s3_bucket_consumer', 'dataset_s3_bucket_producer', 'dataset_alias_example_alias_producer' retrieved from /home/airflow/.local/lib/python3.12/site-packages/airflow/example_dags/example_dataset_alias.py
[2026-07-01T09:25:25.384+0000] {logging_mixin.py:190} INFO - [2026-07-01T09:25:25.384+0000] {dag.py:3211} INFO - Sync 4 DAGs
[2026-07-01T09:25:25.397+0000] {logging_mixin.py:190} INFO - [2026-07-01T09:25:25.397+0000] {dag.py:4138} INFO - Setting next_dagrun for dataset_alias_example_alias_consumer to None, run_after=None
[2026-07-01T09:25:25.399+0000] {logging_mixin.py:190} INFO - [2026-07-01T09:25:25.399+0000] {dag.py:4138} INFO - Setting next_dagrun for dataset_alias_example_alias_producer to None, run_after=None
[2026-07-01T09:25:25.400+0000] {logging_mixin.py:190} INFO - [2026-07-01T09:25:25.400+0000] {dag.py:4138} INFO - Setting next_dagrun for dataset_s3_bucket_consumer to None, run_after=None
[2026-07-01T09:25:25.401+0000] {logging_mixin.py:190} INFO - [2026-07-01T09:25:25.401+0000] {dag.py:4138} INFO - Setting next_dagrun for dataset_s3_bucket_producer to None, run_after=None
[2026-07-01T09:25:25.413+0000] {processor.py:208} INFO - Processing /home/airflow/.local/lib/python3.12/site-packages/airflow/example_dags/example_dataset_alias.py took 0.294 seconds
[2026-07-01T09:30:07.259+0000] {processor.py:186} INFO - Started process (PID=2057) to work on /home/airflow/.local/lib/python3.12/site-packages/airflow/example_dags/example_dataset_alias.py
[2026-07-01T09:30:07.260+0000] {processor.py:914} INFO - Processing file /home/airflow/.local/lib/python3.12/site-packages/airflow/example_dags/example_dataset_alias.py for tasks to queue
[2026-07-01T09:30:07.262+0000] {logging_mixin.py:190} INFO - [2026-07-01T09:30:07.261+0000] {dagbag.py:587} INFO - Filling up the DagBag from /home/airflow/.local/lib/python3.12/site-packages/airflow/example_dags/example_dataset_alias.py
[2026-07-01T09:30:07.359+0000] {processor.py:925} INFO - DAG(s) 'dataset_alias_example_alias_consumer', 'dataset_s3_bucket_producer', 'dataset_s3_bucket_consumer', 'dataset_alias_example_alias_producer' retrieved from /home/airflow/.local/lib/python3.12/site-packages/airflow/example_dags/example_dataset_alias.py
[2026-07-01T09:30:07.373+0000] {logging_mixin.py:190} INFO - [2026-07-01T09:30:07.373+0000] {dag.py:3211} INFO - Sync 4 DAGs
[2026-07-01T09:30:07.528+0000] {logging_mixin.py:190} INFO - [2026-07-01T09:30:07.528+0000] {dag.py:4138} INFO - Setting next_dagrun for dataset_alias_example_alias_consumer to None, run_after=None
[2026-07-01T09:30:07.531+0000] {logging_mixin.py:190} INFO - [2026-07-01T09:30:07.531+0000] {dag.py:4138} INFO - Setting next_dagrun for dataset_alias_example_alias_producer to None, run_after=None
[2026-07-01T09:30:07.532+0000] {logging_mixin.py:190} INFO - [2026-07-01T09:30:07.532+0000] {dag.py:4138} INFO - Setting next_dagrun for dataset_s3_bucket_consumer to None, run_after=None
[2026-07-01T09:30:07.533+0000] {logging_mixin.py:190} INFO - [2026-07-01T09:30:07.533+0000] {dag.py:4138} INFO - Setting next_dagrun for dataset_s3_bucket_producer to None, run_after=None
[2026-07-01T09:30:07.546+0000] {processor.py:208} INFO - Processing /home/airflow/.local/lib/python3.12/site-packages/airflow/example_dags/example_dataset_alias.py took 0.292 seconds
[2026-07-01T09:30:38.090+0000] {processor.py:186} INFO - Started process (PID=2119) to work on /home/airflow/.local/lib/python3.12/site-packages/airflow/example_dags/example_dataset_alias.py
[2026-07-01T09:30:38.091+0000] {processor.py:914} INFO - Processing file /home/airflow/.local/lib/python3.12/site-packages/airflow/example_dags/example_dataset_alias.py for tasks to queue
[2026-07-01T09:30:38.093+0000] {logging_mixin.py:190} INFO - [2026-07-01T09:30:38.093+0000] {dagbag.py:587} INFO - Filling up the DagBag from /home/airflow/.local/lib/python3.12/site-packages/airflow/example_dags/example_dataset_alias.py
[2026-07-01T09:30:38.192+0000] {processor.py:925} INFO - DAG(s) 'dataset_alias_example_alias_consumer', 'dataset_s3_bucket_consumer', 'dataset_s3_bucket_producer', 'dataset_alias_example_alias_producer' retrieved from /home/airflow/.local/lib/python3.12/site-packages/airflow/example_dags/example_dataset_alias.py
[2026-07-01T09:30:38.205+0000] {logging_mixin.py:190} INFO - [2026-07-01T09:30:38.205+0000] {dag.py:3211} INFO - Sync 4 DAGs
[2026-07-01T09:30:38.353+0000] {logging_mixin.py:190} INFO - [2026-07-01T09:30:38.353+0000] {dag.py:4138} INFO - Setting next_dagrun for dataset_alias_example_alias_consumer to None, run_after=None
[2026-07-01T09:30:38.355+0000] {logging_mixin.py:190} INFO - [2026-07-01T09:30:38.354+0000] {dag.py:4138} INFO - Setting next_dagrun for dataset_alias_example_alias_producer to None, run_after=None
[2026-07-01T09:30:38.356+0000] {logging_mixin.py:190} INFO - [2026-07-01T09:30:38.356+0000] {dag.py:4138} INFO - Setting next_dagrun for dataset_s3_bucket_consumer to None, run_after=None
[2026-07-01T09:30:38.357+0000] {logging_mixin.py:190} INFO - [2026-07-01T09:30:38.357+0000] {dag.py:4138} INFO - Setting next_dagrun for dataset_s3_bucket_producer to None, run_after=None
[2026-07-01T09:30:38.371+0000] {processor.py:208} INFO - Processing /home/airflow/.local/lib/python3.12/site-packages/airflow/example_dags/example_dataset_alias.py took 0.284 seconds
[2026-07-01T09:31:08.546+0000] {processor.py:186} INFO - Started process (PID=2181) to work on /home/airflow/.local/lib/python3.12/site-packages/airflow/example_dags/example_dataset_alias.py
[2026-07-01T09:31:08.546+0000] {processor.py:914} INFO - Processing file /home/airflow/.local/lib/python3.12/site-packages/airflow/example_dags/example_dataset_alias.py for tasks to queue
[2026-07-01T09:31:08.548+0000] {logging_mixin.py:190} INFO - [2026-07-01T09:31:08.548+0000] {dagbag.py:587} INFO - Filling up the DagBag from /home/airflow/.local/lib/python3.12/site-packages/airflow/example_dags/example_dataset_alias.py
[2026-07-01T09:31:08.654+0000] {processor.py:925} INFO - DAG(s) 'dataset_s3_bucket_consumer', 'dataset_alias_example_alias_consumer', 'dataset_s3_bucket_producer', 'dataset_alias_example_alias_producer' retrieved from /home/airflow/.local/lib/python3.12/site-packages/airflow/example_dags/example_dataset_alias.py
[2026-07-01T09:31:08.667+0000] {logging_mixin.py:190} INFO - [2026-07-01T09:31:08.667+0000] {dag.py:3211} INFO - Sync 4 DAGs
[2026-07-01T09:31:08.684+0000] {logging_mixin.py:190} INFO - [2026-07-01T09:31:08.683+0000] {dag.py:4138} INFO - Setting next_dagrun for dataset_alias_example_alias_consumer to None, run_after=None
[2026-07-01T09:31:08.686+0000] {logging_mixin.py:190} INFO - [2026-07-01T09:31:08.685+0000] {dag.py:4138} INFO - Setting next_dagrun for dataset_alias_example_alias_producer to None, run_after=None
[2026-07-01T09:31:08.689+0000] {logging_mixin.py:190} INFO - [2026-07-01T09:31:08.689+0000] {dag.py:4138} INFO - Setting next_dagrun for dataset_s3_bucket_consumer to None, run_after=None
[2026-07-01T09:31:08.690+0000] {logging_mixin.py:190} INFO - [2026-07-01T09:31:08.690+0000] {dag.py:4138} INFO - Setting next_dagrun for dataset_s3_bucket_producer to None, run_after=None
[2026-07-01T09:31:08.834+0000] {processor.py:208} INFO - Processing /home/airflow/.local/lib/python3.12/site-packages/airflow/example_dags/example_dataset_alias.py took 0.293 seconds
[2026-07-01T09:31:38.950+0000] {processor.py:186} INFO - Started process (PID=2243) to work on /home/airflow/.local/lib/python3.12/site-packages/airflow/example_dags/example_dataset_alias.py
[2026-07-01T09:31:38.951+0000] {processor.py:914} INFO - Processing file /home/airflow/.local/lib/python3.12/site-packages/airflow/example_dags/example_dataset_alias.py for tasks to queue
[2026-07-01T09:31:38.953+0000] {logging_mixin.py:190} INFO - [2026-07-01T09:31:38.952+0000] {dagbag.py:587} INFO - Filling up the DagBag from /home/airflow/.local/lib/python3.12/site-packages/airflow/example_dags/example_dataset_alias.py
[2026-07-01T09:31:39.186+0000] {processor.py:925} INFO - DAG(s) 'dataset_alias_example_alias_producer', 'dataset_alias_example_alias_consumer', 'dataset_s3_bucket_consumer', 'dataset_s3_bucket_producer' retrieved from /home/airflow/.local/lib/python3.12/site-packages/airflow/example_dags/example_dataset_alias.py
[2026-07-01T09:31:39.200+0000] {logging_mixin.py:190} INFO - [2026-07-01T09:31:39.200+0000] {dag.py:3211} INFO - Sync 4 DAGs
[2026-07-01T09:31:39.213+0000] {logging_mixin.py:190} INFO - [2026-07-01T09:31:39.213+0000] {dag.py:4138} INFO - Setting next_dagrun for dataset_alias_example_alias_consumer to None, run_after=None
[2026-07-01T09:31:39.215+0000] {logging_mixin.py:190} INFO - [2026-07-01T09:31:39.215+0000] {dag.py:4138} INFO - Setting next_dagrun for dataset_alias_example_alias_producer to None, run_after=None
[2026-07-01T09:31:39.217+0000] {logging_mixin.py:190} INFO - [2026-07-01T09:31:39.216+0000] {dag.py:4138} INFO - Setting next_dagrun for dataset_s3_bucket_consumer to None, run_after=None
[2026-07-01T09:31:39.217+0000] {logging_mixin.py:190} INFO - [2026-07-01T09:31:39.217+0000] {dag.py:4138} INFO - Setting next_dagrun for dataset_s3_bucket_producer to None, run_after=None
[2026-07-01T09:31:39.230+0000] {processor.py:208} INFO - Processing /home/airflow/.local/lib/python3.12/site-packages/airflow/example_dags/example_dataset_alias.py took 0.284 seconds
[2026-07-01T09:32:09.380+0000] {processor.py:186} INFO - Started process (PID=2307) to work on /home/airflow/.local/lib/python3.12/site-packages/airflow/example_dags/example_dataset_alias.py
[2026-07-01T09:32:09.381+0000] {processor.py:914} INFO - Processing file /home/airflow/.local/lib/python3.12/site-packages/airflow/example_dags/example_dataset_alias.py for tasks to queue
[2026-07-01T09:32:09.383+0000] {logging_mixin.py:190} INFO - [2026-07-01T09:32:09.383+0000] {dagbag.py:587} INFO - Filling up the DagBag from /home/airflow/.local/lib/python3.12/site-packages/airflow/example_dags/example_dataset_alias.py
[2026-07-01T09:32:09.653+0000] {processor.py:925} INFO - DAG(s) 'dataset_s3_bucket_consumer', 'dataset_alias_example_alias_producer', 'dataset_alias_example_alias_consumer', 'dataset_s3_bucket_producer' retrieved from /home/airflow/.local/lib/python3.12/site-packages/airflow/example_dags/example_dataset_alias.py
[2026-07-01T09:32:09.665+0000] {logging_mixin.py:190} INFO - [2026-07-01T09:32:09.665+0000] {dag.py:3211} INFO - Sync 4 DAGs
[2026-07-01T09:32:09.677+0000] {logging_mixin.py:190} INFO - [2026-07-01T09:32:09.677+0000] {dag.py:4138} INFO - Setting next_dagrun for dataset_alias_example_alias_consumer to None, run_after=None
[2026-07-01T09:32:09.678+0000] {logging_mixin.py:190} INFO - [2026-07-01T09:32:09.678+0000] {dag.py:4138} INFO - Setting next_dagrun for dataset_alias_example_alias_producer to None, run_after=None
[2026-07-01T09:32:09.679+0000] {logging_mixin.py:190} INFO - [2026-07-01T09:32:09.679+0000] {dag.py:4138} INFO - Setting next_dagrun for dataset_s3_bucket_consumer to None, run_after=None
[2026-07-01T09:32:09.680+0000] {logging_mixin.py:190} INFO - [2026-07-01T09:32:09.680+0000] {dag.py:4138} INFO - Setting next_dagrun for dataset_s3_bucket_producer to None, run_after=None
[2026-07-01T09:32:09.694+0000] {processor.py:208} INFO - Processing /home/airflow/.local/lib/python3.12/site-packages/airflow/example_dags/example_dataset_alias.py took 0.319 seconds
[2026-07-01T09:32:39.934+0000] {processor.py:186} INFO - Started process (PID=2369) to work on /home/airflow/.local/lib/python3.12/site-packages/airflow/example_dags/example_dataset_alias.py
[2026-07-01T09:32:39.935+0000] {processor.py:914} INFO - Processing file /home/airflow/.local/lib/python3.12/site-packages/airflow/example_dags/example_dataset_alias.py for tasks to queue
[2026-07-01T09:32:39.937+0000] {logging_mixin.py:190} INFO - [2026-07-01T09:32:39.937+0000] {dagbag.py:587} INFO - Filling up the DagBag from /home/airflow/.local/lib/python3.12/site-packages/airflow/example_dags/example_dataset_alias.py
[2026-07-01T09:32:40.189+0000] {processor.py:925} INFO - DAG(s) 'dataset_alias_example_alias_consumer', 'dataset_s3_bucket_consumer', 'dataset_s3_bucket_producer', 'dataset_alias_example_alias_producer' retrieved from /home/airflow/.local/lib/python3.12/site-packages/airflow/example_dags/example_dataset_alias.py
[2026-07-01T09:32:40.204+0000] {logging_mixin.py:190} INFO - [2026-07-01T09:32:40.203+0000] {dag.py:3211} INFO - Sync 4 DAGs
[2026-07-01T09:32:40.221+0000] {logging_mixin.py:190} INFO - [2026-07-01T09:32:40.221+0000] {dag.py:4138} INFO - Setting next_dagrun for dataset_alias_example_alias_consumer to None, run_after=None
[2026-07-01T09:32:40.224+0000] {logging_mixin.py:190} INFO - [2026-07-01T09:32:40.224+0000] {dag.py:4138} INFO - Setting next_dagrun for dataset_alias_example_alias_producer to None, run_after=None
[2026-07-01T09:32:40.225+0000] {logging_mixin.py:190} INFO - [2026-07-01T09:32:40.225+0000] {dag.py:4138} INFO - Setting next_dagrun for dataset_s3_bucket_consumer to None, run_after=None
[2026-07-01T09:32:40.226+0000] {logging_mixin.py:190} INFO - [2026-07-01T09:32:40.226+0000] {dag.py:4138} INFO - Setting next_dagrun for dataset_s3_bucket_producer to None, run_after=None
[2026-07-01T09:32:40.241+0000] {processor.py:208} INFO - Processing /home/airflow/.local/lib/python3.12/site-packages/airflow/example_dags/example_dataset_alias.py took 0.312 seconds
[2026-07-01T09:33:10.354+0000] {processor.py:186} INFO - Started process (PID=2433) to work on /home/airflow/.local/lib/python3.12/site-packages/airflow/example_dags/example_dataset_alias.py
[2026-07-01T09:33:10.355+0000] {processor.py:914} INFO - Processing file /home/airflow/.local/lib/python3.12/site-packages/airflow/example_dags/example_dataset_alias.py for tasks to queue
[2026-07-01T09:33:10.357+0000] {logging_mixin.py:190} INFO - [2026-07-01T09:33:10.357+0000] {dagbag.py:587} INFO - Filling up the DagBag from /home/airflow/.local/lib/python3.12/site-packages/airflow/example_dags/example_dataset_alias.py
[2026-07-01T09:33:10.609+0000] {processor.py:925} INFO - DAG(s) 'dataset_alias_example_alias_consumer', 'dataset_s3_bucket_consumer', 'dataset_s3_bucket_producer', 'dataset_alias_example_alias_producer' retrieved from /home/airflow/.local/lib/python3.12/site-packages/airflow/example_dags/example_dataset_alias.py
[2026-07-01T09:33:10.621+0000] {logging_mixin.py:190} INFO - [2026-07-01T09:33:10.621+0000] {dag.py:3211} INFO - Sync 4 DAGs
[2026-07-01T09:33:10.633+0000] {logging_mixin.py:190} INFO - [2026-07-01T09:33:10.633+0000] {dag.py:4138} INFO - Setting next_dagrun for dataset_alias_example_alias_consumer to None, run_after=None
[2026-07-01T09:33:10.634+0000] {logging_mixin.py:190} INFO - [2026-07-01T09:33:10.634+0000] {dag.py:4138} INFO - Setting next_dagrun for dataset_alias_example_alias_producer to None, run_after=None
[2026-07-01T09:33:10.635+0000] {logging_mixin.py:190} INFO - [2026-07-01T09:33:10.635+0000] {dag.py:4138} INFO - Setting next_dagrun for dataset_s3_bucket_consumer to None, run_after=None
[2026-07-01T09:33:10.637+0000] {logging_mixin.py:190} INFO - [2026-07-01T09:33:10.637+0000] {dag.py:4138} INFO - Setting next_dagrun for dataset_s3_bucket_producer to None, run_after=None
[2026-07-01T09:33:10.649+0000] {processor.py:208} INFO - Processing /home/airflow/.local/lib/python3.12/site-packages/airflow/example_dags/example_dataset_alias.py took 0.300 seconds
[2026-07-01T09:33:40.950+0000] {processor.py:186} INFO - Started process (PID=2495) to work on /home/airflow/.local/lib/python3.12/site-packages/airflow/example_dags/example_dataset_alias.py
[2026-07-01T09:33:40.951+0000] {processor.py:914} INFO - Processing file /home/airflow/.local/lib/python3.12/site-packages/airflow/example_dags/example_dataset_alias.py for tasks to queue
[2026-07-01T09:33:40.953+0000] {logging_mixin.py:190} INFO - [2026-07-01T09:33:40.953+0000] {dagbag.py:587} INFO - Filling up the DagBag from /home/airflow/.local/lib/python3.12/site-packages/airflow/example_dags/example_dataset_alias.py
[2026-07-01T09:33:41.249+0000] {processor.py:925} INFO - DAG(s) 'dataset_alias_example_alias_consumer', 'dataset_s3_bucket_consumer', 'dataset_s3_bucket_producer', 'dataset_alias_example_alias_producer' retrieved from /home/airflow/.local/lib/python3.12/site-packages/airflow/example_dags/example_dataset_alias.py
[2026-07-01T09:33:41.265+0000] {logging_mixin.py:190} INFO - [2026-07-01T09:33:41.265+0000] {dag.py:3211} INFO - Sync 4 DAGs
[2026-07-01T09:33:41.282+0000] {logging_mixin.py:190} INFO - [2026-07-01T09:33:41.282+0000] {dag.py:4138} INFO - Setting next_dagrun for dataset_alias_example_alias_consumer to None, run_after=None
[2026-07-01T09:33:41.284+0000] {logging_mixin.py:190} INFO - [2026-07-01T09:33:41.284+0000] {dag.py:4138} INFO - Setting next_dagrun for dataset_alias_example_alias_producer to None, run_after=None
[2026-07-01T09:33:41.285+0000] {logging_mixin.py:190} INFO - [2026-07-01T09:33:41.285+0000] {dag.py:4138} INFO - Setting next_dagrun for dataset_s3_bucket_consumer to None, run_after=None
[2026-07-01T09:33:41.286+0000] {logging_mixin.py:190} INFO - [2026-07-01T09:33:41.286+0000] {dag.py:4138} INFO - Setting next_dagrun for dataset_s3_bucket_producer to None, run_after=None
[2026-07-01T09:33:41.303+0000] {processor.py:208} INFO - Processing /home/airflow/.local/lib/python3.12/site-packages/airflow/example_dags/example_dataset_alias.py took 0.358 seconds
[2026-07-01T09:34:11.853+0000] {processor.py:186} INFO - Started process (PID=2556) to work on /home/airflow/.local/lib/python3.12/site-packages/airflow/example_dags/example_dataset_alias.py
[2026-07-01T09:34:11.854+0000] {processor.py:914} INFO - Processing file /home/airflow/.local/lib/python3.12/site-packages/airflow/example_dags/example_dataset_alias.py for tasks to queue
[2026-07-01T09:34:11.856+0000] {logging_mixin.py:190} INFO - [2026-07-01T09:34:11.856+0000] {dagbag.py:587} INFO - Filling up the DagBag from /home/airflow/.local/lib/python3.12/site-packages/airflow/example_dags/example_dataset_alias.py
[2026-07-01T09:34:12.199+0000] {processor.py:925} INFO - DAG(s) 'dataset_alias_example_alias_producer', 'dataset_alias_example_alias_consumer', 'dataset_s3_bucket_consumer', 'dataset_s3_bucket_producer' retrieved from /home/airflow/.local/lib/python3.12/site-packages/airflow/example_dags/example_dataset_alias.py
[2026-07-01T09:34:12.214+0000] {logging_mixin.py:190} INFO - [2026-07-01T09:34:12.214+0000] {dag.py:3211} INFO - Sync 4 DAGs
[2026-07-01T09:34:12.228+0000] {logging_mixin.py:190} INFO - [2026-07-01T09:34:12.228+0000] {dag.py:4138} INFO - Setting next_dagrun for dataset_alias_example_alias_consumer to None, run_after=None
[2026-07-01T09:34:12.230+0000] {logging_mixin.py:190} INFO - [2026-07-01T09:34:12.229+0000] {dag.py:4138} INFO - Setting next_dagrun for dataset_alias_example_alias_producer to None, run_after=None
[2026-07-01T09:34:12.231+0000] {logging_mixin.py:190} INFO - [2026-07-01T09:34:12.231+0000] {dag.py:4138} INFO - Setting next_dagrun for dataset_s3_bucket_consumer to None, run_after=None
[2026-07-01T09:34:12.232+0000] {logging_mixin.py:190} INFO - [2026-07-01T09:34:12.232+0000] {dag.py:4138} INFO - Setting next_dagrun for dataset_s3_bucket_producer to None, run_after=None
[2026-07-01T09:34:12.245+0000] {processor.py:208} INFO - Processing /home/airflow/.local/lib/python3.12/site-packages/airflow/example_dags/example_dataset_alias.py took 0.397 seconds
[2026-07-01T09:34:42.689+0000] {processor.py:186} INFO - Started process (PID=2616) to work on /home/airflow/.local/lib/python3.12/site-packages/airflow/example_dags/example_dataset_alias.py
[2026-07-01T09:34:42.691+0000] {processor.py:914} INFO - Processing file /home/airflow/.local/lib/python3.12/site-packages/airflow/example_dags/example_dataset_alias.py for tasks to queue
[2026-07-01T09:34:42.692+0000] {logging_mixin.py:190} INFO - [2026-07-01T09:34:42.692+0000] {dagbag.py:587} INFO - Filling up the DagBag from /home/airflow/.local/lib/python3.12/site-packages/airflow/example_dags/example_dataset_alias.py
[2026-07-01T09:34:42.948+0000] {processor.py:925} INFO - DAG(s) 'dataset_s3_bucket_producer', 'dataset_alias_example_alias_consumer', 'dataset_alias_example_alias_producer', 'dataset_s3_bucket_consumer' retrieved from /home/airflow/.local/lib/python3.12/site-packages/airflow/example_dags/example_dataset_alias.py
[2026-07-01T09:34:42.969+0000] {logging_mixin.py:190} INFO - [2026-07-01T09:34:42.969+0000] {dag.py:3211} INFO - Sync 4 DAGs
[2026-07-01T09:34:42.987+0000] {logging_mixin.py:190} INFO - [2026-07-01T09:34:42.986+0000] {dag.py:4138} INFO - Setting next_dagrun for dataset_alias_example_alias_consumer to None, run_after=None
[2026-07-01T09:34:42.989+0000] {logging_mixin.py:190} INFO - [2026-07-01T09:34:42.989+0000] {dag.py:4138} INFO - Setting next_dagrun for dataset_alias_example_alias_producer to None, run_after=None
[2026-07-01T09:34:42.991+0000] {logging_mixin.py:190} INFO - [2026-07-01T09:34:42.991+0000] {dag.py:4138} INFO - Setting next_dagrun for dataset_s3_bucket_consumer to None, run_after=None
[2026-07-01T09:34:42.992+0000] {logging_mixin.py:190} INFO - [2026-07-01T09:34:42.992+0000] {dag.py:4138} INFO - Setting next_dagrun for dataset_s3_bucket_producer to None, run_after=None
[2026-07-01T09:34:43.011+0000] {processor.py:208} INFO - Processing /home/airflow/.local/lib/python3.12/site-packages/airflow/example_dags/example_dataset_alias.py took 0.326 seconds
[2026-07-01T09:35:13.417+0000] {processor.py:186} INFO - Started process (PID=2677) to work on /home/airflow/.local/lib/python3.12/site-packages/airflow/example_dags/example_dataset_alias.py
[2026-07-01T09:35:13.418+0000] {processor.py:914} INFO - Processing file /home/airflow/.local/lib/python3.12/site-packages/airflow/example_dags/example_dataset_alias.py for tasks to queue
[2026-07-01T09:35:13.420+0000] {logging_mixin.py:190} INFO - [2026-07-01T09:35:13.420+0000] {dagbag.py:587} INFO - Filling up the DagBag from /home/airflow/.local/lib/python3.12/site-packages/airflow/example_dags/example_dataset_alias.py
[2026-07-01T09:35:13.658+0000] {processor.py:925} INFO - DAG(s) 'dataset_s3_bucket_producer', 'dataset_s3_bucket_consumer', 'dataset_alias_example_alias_producer', 'dataset_alias_example_alias_consumer' retrieved from /home/airflow/.local/lib/python3.12/site-packages/airflow/example_dags/example_dataset_alias.py
[2026-07-01T09:35:13.674+0000] {logging_mixin.py:190} INFO - [2026-07-01T09:35:13.674+0000] {dag.py:3211} INFO - Sync 4 DAGs
[2026-07-01T09:35:13.688+0000] {logging_mixin.py:190} INFO - [2026-07-01T09:35:13.688+0000] {dag.py:4138} INFO - Setting next_dagrun for dataset_alias_example_alias_consumer to None, run_after=None
[2026-07-01T09:35:13.691+0000] {logging_mixin.py:190} INFO - [2026-07-01T09:35:13.690+0000] {dag.py:4138} INFO - Setting next_dagrun for dataset_alias_example_alias_producer to None, run_after=None
[2026-07-01T09:35:13.692+0000] {logging_mixin.py:190} INFO - [2026-07-01T09:35:13.692+0000] {dag.py:4138} INFO - Setting next_dagrun for dataset_s3_bucket_consumer to None, run_after=None
[2026-07-01T09:35:13.693+0000] {logging_mixin.py:190} INFO - [2026-07-01T09:35:13.693+0000] {dag.py:4138} INFO - Setting next_dagrun for dataset_s3_bucket_producer to None, run_after=None
[2026-07-01T09:35:13.708+0000] {processor.py:208} INFO - Processing /home/airflow/.local/lib/python3.12/site-packages/airflow/example_dags/example_dataset_alias.py took 0.295 seconds
[2026-07-01T09:35:44.028+0000] {processor.py:186} INFO - Started process (PID=2739) to work on /home/airflow/.local/lib/python3.12/site-packages/airflow/example_dags/example_dataset_alias.py
[2026-07-01T09:35:44.029+0000] {processor.py:914} INFO - Processing file /home/airflow/.local/lib/python3.12/site-packages/airflow/example_dags/example_dataset_alias.py for tasks to queue
[2026-07-01T09:35:44.033+0000] {logging_mixin.py:190} INFO - [2026-07-01T09:35:44.032+0000] {dagbag.py:587} INFO - Filling up the DagBag from /home/airflow/.local/lib/python3.12/site-packages/airflow/example_dags/example_dataset_alias.py
[2026-07-01T09:35:44.320+0000] {processor.py:925} INFO - DAG(s) 'dataset_alias_example_alias_consumer', 'dataset_s3_bucket_producer', 'dataset_s3_bucket_consumer', 'dataset_alias_example_alias_producer' retrieved from /home/airflow/.local/lib/python3.12/site-packages/airflow/example_dags/example_dataset_alias.py
[2026-07-01T09:35:44.338+0000] {logging_mixin.py:190} INFO - [2026-07-01T09:35:44.337+0000] {dag.py:3211} INFO - Sync 4 DAGs
[2026-07-01T09:35:44.356+0000] {logging_mixin.py:190} INFO - [2026-07-01T09:35:44.355+0000] {dag.py:4138} INFO - Setting next_dagrun for dataset_alias_example_alias_consumer to None, run_after=None
[2026-07-01T09:35:44.358+0000] {logging_mixin.py:190} INFO - [2026-07-01T09:35:44.358+0000] {dag.py:4138} INFO - Setting next_dagrun for dataset_alias_example_alias_producer to None, run_after=None
[2026-07-01T09:35:44.359+0000] {logging_mixin.py:190} INFO - [2026-07-01T09:35:44.359+0000] {dag.py:4138} INFO - Setting next_dagrun for dataset_s3_bucket_consumer to None, run_after=None
[2026-07-01T09:35:44.360+0000] {logging_mixin.py:190} INFO - [2026-07-01T09:35:44.360+0000] {dag.py:4138} INFO - Setting next_dagrun for dataset_s3_bucket_producer to None, run_after=None
[2026-07-01T09:35:44.377+0000] {processor.py:208} INFO - Processing /home/airflow/.local/lib/python3.12/site-packages/airflow/example_dags/example_dataset_alias.py took 0.354 seconds
[2026-07-01T09:36:14.551+0000] {processor.py:186} INFO - Started process (PID=2801) to work on /home/airflow/.local/lib/python3.12/site-packages/airflow/example_dags/example_dataset_alias.py
[2026-07-01T09:36:14.552+0000] {processor.py:914} INFO - Processing file /home/airflow/.local/lib/python3.12/site-packages/airflow/example_dags/example_dataset_alias.py for tasks to queue
[2026-07-01T09:36:14.555+0000] {logging_mixin.py:190} INFO - [2026-07-01T09:36:14.554+0000] {dagbag.py:587} INFO - Filling up the DagBag from /home/airflow/.local/lib/python3.12/site-packages/airflow/example_dags/example_dataset_alias.py
[2026-07-01T09:36:14.950+0000] {processor.py:925} INFO - DAG(s) 'dataset_alias_example_alias_consumer', 'dataset_s3_bucket_producer', 'dataset_s3_bucket_consumer', 'dataset_alias_example_alias_producer' retrieved from /home/airflow/.local/lib/python3.12/site-packages/airflow/example_dags/example_dataset_alias.py
[2026-07-01T09:36:14.986+0000] {logging_mixin.py:190} INFO - [2026-07-01T09:36:14.985+0000] {dag.py:3211} INFO - Sync 4 DAGs
[2026-07-01T09:36:15.008+0000] {logging_mixin.py:190} INFO - [2026-07-01T09:36:15.008+0000] {dag.py:4138} INFO - Setting next_dagrun for dataset_alias_example_alias_consumer to None, run_after=None
[2026-07-01T09:36:15.016+0000] {logging_mixin.py:190} INFO - [2026-07-01T09:36:15.016+0000] {dag.py:4138} INFO - Setting next_dagrun for dataset_alias_example_alias_producer to None, run_after=None
[2026-07-01T09:36:15.021+0000] {logging_mixin.py:190} INFO - [2026-07-01T09:36:15.021+0000] {dag.py:4138} INFO - Setting next_dagrun for dataset_s3_bucket_consumer to None, run_after=None
[2026-07-01T09:36:15.022+0000] {logging_mixin.py:190} INFO - [2026-07-01T09:36:15.022+0000] {dag.py:4138} INFO - Setting next_dagrun for dataset_s3_bucket_producer to None, run_after=None
[2026-07-01T09:36:15.039+0000] {processor.py:208} INFO - Processing /home/airflow/.local/lib/python3.12/site-packages/airflow/example_dags/example_dataset_alias.py took 0.493 seconds
[2026-07-01T09:36:45.553+0000] {processor.py:186} INFO - Started process (PID=2863) to work on /home/airflow/.local/lib/python3.12/site-packages/airflow/example_dags/example_dataset_alias.py
[2026-07-01T09:36:45.555+0000] {processor.py:914} INFO - Processing file /home/airflow/.local/lib/python3.12/site-packages/airflow/example_dags/example_dataset_alias.py for tasks to queue
[2026-07-01T09:36:45.558+0000] {logging_mixin.py:190} INFO - [2026-07-01T09:36:45.558+0000] {dagbag.py:587} INFO - Filling up the DagBag from /home/airflow/.local/lib/python3.12/site-packages/airflow/example_dags/example_dataset_alias.py
[2026-07-01T09:36:45.896+0000] {processor.py:925} INFO - DAG(s) 'dataset_s3_bucket_consumer', 'dataset_alias_example_alias_producer', 'dataset_s3_bucket_producer', 'dataset_alias_example_alias_consumer' retrieved from /home/airflow/.local/lib/python3.12/site-packages/airflow/example_dags/example_dataset_alias.py
[2026-07-01T09:36:45.923+0000] {logging_mixin.py:190} INFO - [2026-07-01T09:36:45.922+0000] {dag.py:3211} INFO - Sync 4 DAGs
[2026-07-01T09:36:45.944+0000] {logging_mixin.py:190} INFO - [2026-07-01T09:36:45.944+0000] {dag.py:4138} INFO - Setting next_dagrun for dataset_alias_example_alias_consumer to None, run_after=None
[2026-07-01T09:36:45.947+0000] {logging_mixin.py:190} INFO - [2026-07-01T09:36:45.947+0000] {dag.py:4138} INFO - Setting next_dagrun for dataset_alias_example_alias_producer to None, run_after=None
[2026-07-01T09:36:45.948+0000] {logging_mixin.py:190} INFO - [2026-07-01T09:36:45.948+0000] {dag.py:4138} INFO - Setting next_dagrun for dataset_s3_bucket_consumer to None, run_after=None
[2026-07-01T09:36:45.950+0000] {logging_mixin.py:190} INFO - [2026-07-01T09:36:45.949+0000] {dag.py:4138} INFO - Setting next_dagrun for dataset_s3_bucket_producer to None, run_after=None
[2026-07-01T09:36:45.968+0000] {processor.py:208} INFO - Processing /home/airflow/.local/lib/python3.12/site-packages/airflow/example_dags/example_dataset_alias.py took 0.420 seconds
[2026-07-01T09:37:16.995+0000] {processor.py:186} INFO - Started process (PID=2925) to work on /home/airflow/.local/lib/python3.12/site-packages/airflow/example_dags/example_dataset_alias.py
[2026-07-01T09:37:16.999+0000] {processor.py:914} INFO - Processing file /home/airflow/.local/lib/python3.12/site-packages/airflow/example_dags/example_dataset_alias.py for tasks to queue
[2026-07-01T09:37:17.001+0000] {logging_mixin.py:190} INFO - [2026-07-01T09:37:17.001+0000] {dagbag.py:587} INFO - Filling up the DagBag from /home/airflow/.local/lib/python3.12/site-packages/airflow/example_dags/example_dataset_alias.py
[2026-07-01T09:37:17.305+0000] {processor.py:925} INFO - DAG(s) 'dataset_alias_example_alias_consumer', 'dataset_alias_example_alias_producer', 'dataset_s3_bucket_producer', 'dataset_s3_bucket_consumer' retrieved from /home/airflow/.local/lib/python3.12/site-packages/airflow/example_dags/example_dataset_alias.py
[2026-07-01T09:37:17.324+0000] {logging_mixin.py:190} INFO - [2026-07-01T09:37:17.323+0000] {dag.py:3211} INFO - Sync 4 DAGs
[2026-07-01T09:37:17.343+0000] {logging_mixin.py:190} INFO - [2026-07-01T09:37:17.342+0000] {dag.py:4138} INFO - Setting next_dagrun for dataset_alias_example_alias_consumer to None, run_after=None
[2026-07-01T09:37:17.345+0000] {logging_mixin.py:190} INFO - [2026-07-01T09:37:17.345+0000] {dag.py:4138} INFO - Setting next_dagrun for dataset_alias_example_alias_producer to None, run_after=None
[2026-07-01T09:37:17.347+0000] {logging_mixin.py:190} INFO - [2026-07-01T09:37:17.347+0000] {dag.py:4138} INFO - Setting next_dagrun for dataset_s3_bucket_consumer to None, run_after=None
[2026-07-01T09:37:17.348+0000] {logging_mixin.py:190} INFO - [2026-07-01T09:37:17.348+0000] {dag.py:4138} INFO - Setting next_dagrun for dataset_s3_bucket_producer to None, run_after=None
[2026-07-01T09:37:17.369+0000] {processor.py:208} INFO - Processing /home/airflow/.local/lib/python3.12/site-packages/airflow/example_dags/example_dataset_alias.py took 0.378 seconds
[2026-07-01T09:37:47.712+0000] {processor.py:186} INFO - Started process (PID=2987) to work on /home/airflow/.local/lib/python3.12/site-packages/airflow/example_dags/example_dataset_alias.py
[2026-07-01T09:37:47.713+0000] {processor.py:914} INFO - Processing file /home/airflow/.local/lib/python3.12/site-packages/airflow/example_dags/example_dataset_alias.py for tasks to queue
[2026-07-01T09:37:47.716+0000] {logging_mixin.py:190} INFO - [2026-07-01T09:37:47.716+0000] {dagbag.py:587} INFO - Filling up the DagBag from /home/airflow/.local/lib/python3.12/site-packages/airflow/example_dags/example_dataset_alias.py
[2026-07-01T09:37:48.028+0000] {processor.py:925} INFO - DAG(s) 'dataset_s3_bucket_consumer', 'dataset_s3_bucket_producer', 'dataset_alias_example_alias_producer', 'dataset_alias_example_alias_consumer' retrieved from /home/airflow/.local/lib/python3.12/site-packages/airflow/example_dags/example_dataset_alias.py
[2026-07-01T09:37:48.051+0000] {logging_mixin.py:190} INFO - [2026-07-01T09:37:48.051+0000] {dag.py:3211} INFO - Sync 4 DAGs
[2026-07-01T09:37:48.070+0000] {logging_mixin.py:190} INFO - [2026-07-01T09:37:48.069+0000] {dag.py:4138} INFO - Setting next_dagrun for dataset_alias_example_alias_consumer to None, run_after=None
[2026-07-01T09:37:48.073+0000] {logging_mixin.py:190} INFO - [2026-07-01T09:37:48.073+0000] {dag.py:4138} INFO - Setting next_dagrun for dataset_alias_example_alias_producer to None, run_after=None
[2026-07-01T09:37:48.075+0000] {logging_mixin.py:190} INFO - [2026-07-01T09:37:48.075+0000] {dag.py:4138} INFO - Setting next_dagrun for dataset_s3_bucket_consumer to None, run_after=None
[2026-07-01T09:37:48.077+0000] {logging_mixin.py:190} INFO - [2026-07-01T09:37:48.076+0000] {dag.py:4138} INFO - Setting next_dagrun for dataset_s3_bucket_producer to None, run_after=None
[2026-07-01T09:37:48.098+0000] {processor.py:208} INFO - Processing /home/airflow/.local/lib/python3.12/site-packages/airflow/example_dags/example_dataset_alias.py took 0.391 seconds
[2026-07-01T09:38:18.441+0000] {processor.py:186} INFO - Started process (PID=3050) to work on /home/airflow/.local/lib/python3.12/site-packages/airflow/example_dags/example_dataset_alias.py
[2026-07-01T09:38:18.443+0000] {processor.py:914} INFO - Processing file /home/airflow/.local/lib/python3.12/site-packages/airflow/example_dags/example_dataset_alias.py for tasks to queue
[2026-07-01T09:38:18.445+0000] {logging_mixin.py:190} INFO - [2026-07-01T09:38:18.444+0000] {dagbag.py:587} INFO - Filling up the DagBag from /home/airflow/.local/lib/python3.12/site-packages/airflow/example_dags/example_dataset_alias.py
[2026-07-01T09:38:18.702+0000] {processor.py:925} INFO - DAG(s) 'dataset_s3_bucket_producer', 'dataset_s3_bucket_consumer', 'dataset_alias_example_alias_producer', 'dataset_alias_example_alias_consumer' retrieved from /home/airflow/.local/lib/python3.12/site-packages/airflow/example_dags/example_dataset_alias.py
[2026-07-01T09:38:18.713+0000] {logging_mixin.py:190} INFO - [2026-07-01T09:38:18.713+0000] {dag.py:3211} INFO - Sync 4 DAGs
[2026-07-01T09:38:18.725+0000] {logging_mixin.py:190} INFO - [2026-07-01T09:38:18.725+0000] {dag.py:4138} INFO - Setting next_dagrun for dataset_alias_example_alias_consumer to None, run_after=None
[2026-07-01T09:38:18.727+0000] {logging_mixin.py:190} INFO - [2026-07-01T09:38:18.726+0000] {dag.py:4138} INFO - Setting next_dagrun for dataset_alias_example_alias_producer to None, run_after=None
[2026-07-01T09:38:18.727+0000] {logging_mixin.py:190} INFO - [2026-07-01T09:38:18.727+0000] {dag.py:4138} INFO - Setting next_dagrun for dataset_s3_bucket_consumer to None, run_after=None
[2026-07-01T09:38:18.728+0000] {logging_mixin.py:190} INFO - [2026-07-01T09:38:18.728+0000] {dag.py:4138} INFO - Setting next_dagrun for dataset_s3_bucket_producer to None, run_after=None
[2026-07-01T09:38:18.741+0000] {processor.py:208} INFO - Processing /home/airflow/.local/lib/python3.12/site-packages/airflow/example_dags/example_dataset_alias.py took 0.305 seconds
[2026-07-01T09:38:49.570+0000] {processor.py:186} INFO - Started process (PID=3118) to work on /home/airflow/.local/lib/python3.12/site-packages/airflow/example_dags/example_dataset_alias.py
[2026-07-01T09:38:49.572+0000] {processor.py:914} INFO - Processing file /home/airflow/.local/lib/python3.12/site-packages/airflow/example_dags/example_dataset_alias.py for tasks to queue
[2026-07-01T09:38:49.576+0000] {logging_mixin.py:190} INFO - [2026-07-01T09:38:49.576+0000] {dagbag.py:587} INFO - Filling up the DagBag from /home/airflow/.local/lib/python3.12/site-packages/airflow/example_dags/example_dataset_alias.py
[2026-07-01T09:38:49.859+0000] {processor.py:925} INFO - DAG(s) 'dataset_alias_example_alias_producer', 'dataset_alias_example_alias_consumer', 'dataset_s3_bucket_consumer', 'dataset_s3_bucket_producer' retrieved from /home/airflow/.local/lib/python3.12/site-packages/airflow/example_dags/example_dataset_alias.py
[2026-07-01T09:38:49.872+0000] {logging_mixin.py:190} INFO - [2026-07-01T09:38:49.872+0000] {dag.py:3211} INFO - Sync 4 DAGs
[2026-07-01T09:38:49.885+0000] {logging_mixin.py:190} INFO - [2026-07-01T09:38:49.885+0000] {dag.py:4138} INFO - Setting next_dagrun for dataset_alias_example_alias_consumer to None, run_after=None
[2026-07-01T09:38:49.887+0000] {logging_mixin.py:190} INFO - [2026-07-01T09:38:49.887+0000] {dag.py:4138} INFO - Setting next_dagrun for dataset_alias_example_alias_producer to None, run_after=None
[2026-07-01T09:38:49.888+0000] {logging_mixin.py:190} INFO - [2026-07-01T09:38:49.888+0000] {dag.py:4138} INFO - Setting next_dagrun for dataset_s3_bucket_consumer to None, run_after=None
[2026-07-01T09:38:49.889+0000] {logging_mixin.py:190} INFO - [2026-07-01T09:38:49.889+0000] {dag.py:4138} INFO - Setting next_dagrun for dataset_s3_bucket_producer to None, run_after=None
[2026-07-01T09:38:49.903+0000] {processor.py:208} INFO - Processing /home/airflow/.local/lib/python3.12/site-packages/airflow/example_dags/example_dataset_alias.py took 0.340 seconds
[2026-07-01T09:39:20.227+0000] {processor.py:186} INFO - Started process (PID=3180) to work on /home/airflow/.local/lib/python3.12/site-packages/airflow/example_dags/example_dataset_alias.py
[2026-07-01T09:39:20.228+0000] {processor.py:914} INFO - Processing file /home/airflow/.local/lib/python3.12/site-packages/airflow/example_dags/example_dataset_alias.py for tasks to queue
[2026-07-01T09:39:20.229+0000] {logging_mixin.py:190} INFO - [2026-07-01T09:39:20.229+0000] {dagbag.py:587} INFO - Filling up the DagBag from /home/airflow/.local/lib/python3.12/site-packages/airflow/example_dags/example_dataset_alias.py
[2026-07-01T09:39:20.472+0000] {processor.py:925} INFO - DAG(s) 'dataset_alias_example_alias_consumer', 'dataset_alias_example_alias_producer', 'dataset_s3_bucket_producer', 'dataset_s3_bucket_consumer' retrieved from /home/airflow/.local/lib/python3.12/site-packages/airflow/example_dags/example_dataset_alias.py
[2026-07-01T09:39:20.488+0000] {logging_mixin.py:190} INFO - [2026-07-01T09:39:20.488+0000] {dag.py:3211} INFO - Sync 4 DAGs
[2026-07-01T09:39:20.502+0000] {logging_mixin.py:190} INFO - [2026-07-01T09:39:20.502+0000] {dag.py:4138} INFO - Setting next_dagrun for dataset_alias_example_alias_consumer to None, run_after=None
[2026-07-01T09:39:20.504+0000] {logging_mixin.py:190} INFO - [2026-07-01T09:39:20.504+0000] {dag.py:4138} INFO - Setting next_dagrun for dataset_alias_example_alias_producer to None, run_after=None
[2026-07-01T09:39:20.505+0000] {logging_mixin.py:190} INFO - [2026-07-01T09:39:20.505+0000] {dag.py:4138} INFO - Setting next_dagrun for dataset_s3_bucket_consumer to None, run_after=None
[2026-07-01T09:39:20.505+0000] {logging_mixin.py:190} INFO - [2026-07-01T09:39:20.505+0000] {dag.py:4138} INFO - Setting next_dagrun for dataset_s3_bucket_producer to None, run_after=None
[2026-07-01T09:39:20.520+0000] {processor.py:208} INFO - Processing /home/airflow/.local/lib/python3.12/site-packages/airflow/example_dags/example_dataset_alias.py took 0.298 seconds
[2026-07-01T09:39:50.719+0000] {processor.py:186} INFO - Started process (PID=3242) to work on /home/airflow/.local/lib/python3.12/site-packages/airflow/example_dags/example_dataset_alias.py
[2026-07-01T09:39:50.720+0000] {processor.py:914} INFO - Processing file /home/airflow/.local/lib/python3.12/site-packages/airflow/example_dags/example_dataset_alias.py for tasks to queue
[2026-07-01T09:39:50.722+0000] {logging_mixin.py:190} INFO - [2026-07-01T09:39:50.722+0000] {dagbag.py:587} INFO - Filling up the DagBag from /home/airflow/.local/lib/python3.12/site-packages/airflow/example_dags/example_dataset_alias.py
[2026-07-01T09:39:50.955+0000] {processor.py:925} INFO - DAG(s) 'dataset_alias_example_alias_producer', 'dataset_alias_example_alias_consumer', 'dataset_s3_bucket_producer', 'dataset_s3_bucket_consumer' retrieved from /home/airflow/.local/lib/python3.12/site-packages/airflow/example_dags/example_dataset_alias.py
[2026-07-01T09:39:50.969+0000] {logging_mixin.py:190} INFO - [2026-07-01T09:39:50.969+0000] {dag.py:3211} INFO - Sync 4 DAGs
[2026-07-01T09:39:50.982+0000] {logging_mixin.py:190} INFO - [2026-07-01T09:39:50.981+0000] {dag.py:4138} INFO - Setting next_dagrun for dataset_alias_example_alias_consumer to None, run_after=None
[2026-07-01T09:39:50.983+0000] {logging_mixin.py:190} INFO - [2026-07-01T09:39:50.983+0000] {dag.py:4138} INFO - Setting next_dagrun for dataset_alias_example_alias_producer to None, run_after=None
[2026-07-01T09:39:50.984+0000] {logging_mixin.py:190} INFO - [2026-07-01T09:39:50.984+0000] {dag.py:4138} INFO - Setting next_dagrun for dataset_s3_bucket_consumer to None, run_after=None
[2026-07-01T09:39:50.985+0000] {logging_mixin.py:190} INFO - [2026-07-01T09:39:50.985+0000] {dag.py:4138} INFO - Setting next_dagrun for dataset_s3_bucket_producer to None, run_after=None
[2026-07-01T09:39:50.998+0000] {processor.py:208} INFO - Processing /home/airflow/.local/lib/python3.12/site-packages/airflow/example_dags/example_dataset_alias.py took 0.284 seconds
[2026-07-01T09:40:21.953+0000] {processor.py:186} INFO - Started process (PID=3303) to work on /home/airflow/.local/lib/python3.12/site-packages/airflow/example_dags/example_dataset_alias.py
[2026-07-01T09:40:21.955+0000] {processor.py:914} INFO - Processing file /home/airflow/.local/lib/python3.12/site-packages/airflow/example_dags/example_dataset_alias.py for tasks to queue
[2026-07-01T09:40:21.957+0000] {logging_mixin.py:190} INFO - [2026-07-01T09:40:21.957+0000] {dagbag.py:587} INFO - Filling up the DagBag from /home/airflow/.local/lib/python3.12/site-packages/airflow/example_dags/example_dataset_alias.py
[2026-07-01T09:40:22.064+0000] {processor.py:925} INFO - DAG(s) 'dataset_s3_bucket_producer', 'dataset_alias_example_alias_producer', 'dataset_s3_bucket_consumer', 'dataset_alias_example_alias_consumer' retrieved from /home/airflow/.local/lib/python3.12/site-packages/airflow/example_dags/example_dataset_alias.py
[2026-07-01T09:40:22.112+0000] {logging_mixin.py:190} INFO - [2026-07-01T09:40:22.112+0000] {dag.py:3211} INFO - Sync 4 DAGs
[2026-07-01T09:40:22.139+0000] {logging_mixin.py:190} INFO - [2026-07-01T09:40:22.139+0000] {dag.py:4138} INFO - Setting next_dagrun for dataset_alias_example_alias_consumer to None, run_after=None
[2026-07-01T09:40:22.147+0000] {logging_mixin.py:190} INFO - [2026-07-01T09:40:22.147+0000] {dag.py:4138} INFO - Setting next_dagrun for dataset_alias_example_alias_producer to None, run_after=None
[2026-07-01T09:40:22.152+0000] {logging_mixin.py:190} INFO - [2026-07-01T09:40:22.151+0000] {dag.py:4138} INFO - Setting next_dagrun for dataset_s3_bucket_consumer to None, run_after=None
[2026-07-01T09:40:22.158+0000] {logging_mixin.py:190} INFO - [2026-07-01T09:40:22.157+0000] {dag.py:4138} INFO - Setting next_dagrun for dataset_s3_bucket_producer to None, run_after=None
[2026-07-01T09:40:22.177+0000] {processor.py:208} INFO - Processing /home/airflow/.local/lib/python3.12/site-packages/airflow/example_dags/example_dataset_alias.py took 0.229 seconds
[2026-07-01T09:40:52.231+0000] {processor.py:186} INFO - Started process (PID=3365) to work on /home/airflow/.local/lib/python3.12/site-packages/airflow/example_dags/example_dataset_alias.py
[2026-07-01T09:40:52.232+0000] {processor.py:914} INFO - Processing file /home/airflow/.local/lib/python3.12/site-packages/airflow/example_dags/example_dataset_alias.py for tasks to queue
[2026-07-01T09:40:52.234+0000] {logging_mixin.py:190} INFO - [2026-07-01T09:40:52.234+0000] {dagbag.py:587} INFO - Filling up the DagBag from /home/airflow/.local/lib/python3.12/site-packages/airflow/example_dags/example_dataset_alias.py
[2026-07-01T09:40:52.357+0000] {processor.py:925} INFO - DAG(s) 'dataset_alias_example_alias_producer', 'dataset_s3_bucket_consumer', 'dataset_alias_example_alias_consumer', 'dataset_s3_bucket_producer' retrieved from /home/airflow/.local/lib/python3.12/site-packages/airflow/example_dags/example_dataset_alias.py
[2026-07-01T09:40:52.376+0000] {logging_mixin.py:190} INFO - [2026-07-01T09:40:52.376+0000] {dag.py:3211} INFO - Sync 4 DAGs
[2026-07-01T09:40:52.393+0000] {logging_mixin.py:190} INFO - [2026-07-01T09:40:52.393+0000] {dag.py:4138} INFO - Setting next_dagrun for dataset_alias_example_alias_consumer to None, run_after=None
[2026-07-01T09:40:52.397+0000] {logging_mixin.py:190} INFO - [2026-07-01T09:40:52.397+0000] {dag.py:4138} INFO - Setting next_dagrun for dataset_alias_example_alias_producer to None, run_after=None
[2026-07-01T09:40:52.398+0000] {logging_mixin.py:190} INFO - [2026-07-01T09:40:52.398+0000] {dag.py:4138} INFO - Setting next_dagrun for dataset_s3_bucket_consumer to None, run_after=None
[2026-07-01T09:40:52.399+0000] {logging_mixin.py:190} INFO - [2026-07-01T09:40:52.399+0000] {dag.py:4138} INFO - Setting next_dagrun for dataset_s3_bucket_producer to None, run_after=None
[2026-07-01T09:40:52.415+0000] {processor.py:208} INFO - Processing /home/airflow/.local/lib/python3.12/site-packages/airflow/example_dags/example_dataset_alias.py took 0.189 seconds
[2026-07-01T09:41:22.658+0000] {processor.py:186} INFO - Started process (PID=3427) to work on /home/airflow/.local/lib/python3.12/site-packages/airflow/example_dags/example_dataset_alias.py
[2026-07-01T09:41:22.659+0000] {processor.py:914} INFO - Processing file /home/airflow/.local/lib/python3.12/site-packages/airflow/example_dags/example_dataset_alias.py for tasks to queue
[2026-07-01T09:41:22.661+0000] {logging_mixin.py:190} INFO - [2026-07-01T09:41:22.660+0000] {dagbag.py:587} INFO - Filling up the DagBag from /home/airflow/.local/lib/python3.12/site-packages/airflow/example_dags/example_dataset_alias.py
[2026-07-01T09:41:22.764+0000] {processor.py:925} INFO - DAG(s) 'dataset_s3_bucket_consumer', 'dataset_alias_example_alias_consumer', 'dataset_s3_bucket_producer', 'dataset_alias_example_alias_producer' retrieved from /home/airflow/.local/lib/python3.12/site-packages/airflow/example_dags/example_dataset_alias.py
[2026-07-01T09:41:22.779+0000] {logging_mixin.py:190} INFO - [2026-07-01T09:41:22.779+0000] {dag.py:3211} INFO - Sync 4 DAGs
[2026-07-01T09:41:22.795+0000] {logging_mixin.py:190} INFO - [2026-07-01T09:41:22.794+0000] {dag.py:4138} INFO - Setting next_dagrun for dataset_alias_example_alias_consumer to None, run_after=None
[2026-07-01T09:41:22.796+0000] {logging_mixin.py:190} INFO - [2026-07-01T09:41:22.796+0000] {dag.py:4138} INFO - Setting next_dagrun for dataset_alias_example_alias_producer to None, run_after=None
[2026-07-01T09:41:22.797+0000] {logging_mixin.py:190} INFO - [2026-07-01T09:41:22.797+0000] {dag.py:4138} INFO - Setting next_dagrun for dataset_s3_bucket_consumer to None, run_after=None
[2026-07-01T09:41:22.798+0000] {logging_mixin.py:190} INFO - [2026-07-01T09:41:22.798+0000] {dag.py:4138} INFO - Setting next_dagrun for dataset_s3_bucket_producer to None, run_after=None
[2026-07-01T09:41:22.814+0000] {processor.py:208} INFO - Processing /home/airflow/.local/lib/python3.12/site-packages/airflow/example_dags/example_dataset_alias.py took 0.161 seconds
[2026-07-01T09:41:52.974+0000] {processor.py:186} INFO - Started process (PID=3490) to work on /home/airflow/.local/lib/python3.12/site-packages/airflow/example_dags/example_dataset_alias.py
[2026-07-01T09:41:52.975+0000] {processor.py:914} INFO - Processing file /home/airflow/.local/lib/python3.12/site-packages/airflow/example_dags/example_dataset_alias.py for tasks to queue
[2026-07-01T09:41:52.977+0000] {logging_mixin.py:190} INFO - [2026-07-01T09:41:52.977+0000] {dagbag.py:587} INFO - Filling up the DagBag from /home/airflow/.local/lib/python3.12/site-packages/airflow/example_dags/example_dataset_alias.py
[2026-07-01T09:41:53.088+0000] {processor.py:925} INFO - DAG(s) 'dataset_alias_example_alias_producer', 'dataset_s3_bucket_producer', 'dataset_alias_example_alias_consumer', 'dataset_s3_bucket_consumer' retrieved from /home/airflow/.local/lib/python3.12/site-packages/airflow/example_dags/example_dataset_alias.py
[2026-07-01T09:41:53.105+0000] {logging_mixin.py:190} INFO - [2026-07-01T09:41:53.105+0000] {dag.py:3211} INFO - Sync 4 DAGs
[2026-07-01T09:41:53.125+0000] {logging_mixin.py:190} INFO - [2026-07-01T09:41:53.125+0000] {dag.py:4138} INFO - Setting next_dagrun for dataset_alias_example_alias_consumer to None, run_after=None
[2026-07-01T09:41:53.127+0000] {logging_mixin.py:190} INFO - [2026-07-01T09:41:53.127+0000] {dag.py:4138} INFO - Setting next_dagrun for dataset_alias_example_alias_producer to None, run_after=None
[2026-07-01T09:41:53.128+0000] {logging_mixin.py:190} INFO - [2026-07-01T09:41:53.128+0000] {dag.py:4138} INFO - Setting next_dagrun for dataset_s3_bucket_consumer to None, run_after=None
[2026-07-01T09:41:53.129+0000] {logging_mixin.py:190} INFO - [2026-07-01T09:41:53.129+0000] {dag.py:4138} INFO - Setting next_dagrun for dataset_s3_bucket_producer to None, run_after=None
[2026-07-01T09:41:53.145+0000] {processor.py:208} INFO - Processing /home/airflow/.local/lib/python3.12/site-packages/airflow/example_dags/example_dataset_alias.py took 0.177 seconds
[2026-07-01T09:42:23.213+0000] {processor.py:186} INFO - Started process (PID=3552) to work on /home/airflow/.local/lib/python3.12/site-packages/airflow/example_dags/example_dataset_alias.py
[2026-07-01T09:42:23.214+0000] {processor.py:914} INFO - Processing file /home/airflow/.local/lib/python3.12/site-packages/airflow/example_dags/example_dataset_alias.py for tasks to queue
[2026-07-01T09:42:23.216+0000] {logging_mixin.py:190} INFO - [2026-07-01T09:42:23.215+0000] {dagbag.py:587} INFO - Filling up the DagBag from /home/airflow/.local/lib/python3.12/site-packages/airflow/example_dags/example_dataset_alias.py
[2026-07-01T09:42:23.336+0000] {processor.py:925} INFO - DAG(s) 'dataset_alias_example_alias_producer', 'dataset_s3_bucket_consumer', 'dataset_alias_example_alias_consumer', 'dataset_s3_bucket_producer' retrieved from /home/airflow/.local/lib/python3.12/site-packages/airflow/example_dags/example_dataset_alias.py
[2026-07-01T09:42:23.350+0000] {logging_mixin.py:190} INFO - [2026-07-01T09:42:23.350+0000] {dag.py:3211} INFO - Sync 4 DAGs
[2026-07-01T09:42:23.365+0000] {logging_mixin.py:190} INFO - [2026-07-01T09:42:23.365+0000] {dag.py:4138} INFO - Setting next_dagrun for dataset_alias_example_alias_consumer to None, run_after=None
[2026-07-01T09:42:23.367+0000] {logging_mixin.py:190} INFO - [2026-07-01T09:42:23.367+0000] {dag.py:4138} INFO - Setting next_dagrun for dataset_alias_example_alias_producer to None, run_after=None
[2026-07-01T09:42:23.369+0000] {logging_mixin.py:190} INFO - [2026-07-01T09:42:23.368+0000] {dag.py:4138} INFO - Setting next_dagrun for dataset_s3_bucket_consumer to None, run_after=None
[2026-07-01T09:42:23.370+0000] {logging_mixin.py:190} INFO - [2026-07-01T09:42:23.370+0000] {dag.py:4138} INFO - Setting next_dagrun for dataset_s3_bucket_producer to None, run_after=None
[2026-07-01T09:42:23.383+0000] {processor.py:208} INFO - Processing /home/airflow/.local/lib/python3.12/site-packages/airflow/example_dags/example_dataset_alias.py took 0.175 seconds
[2026-07-01T09:42:53.614+0000] {processor.py:186} INFO - Started process (PID=3614) to work on /home/airflow/.local/lib/python3.12/site-packages/airflow/example_dags/example_dataset_alias.py
[2026-07-01T09:42:53.615+0000] {processor.py:914} INFO - Processing file /home/airflow/.local/lib/python3.12/site-packages/airflow/example_dags/example_dataset_alias.py for tasks to queue
[2026-07-01T09:42:53.617+0000] {logging_mixin.py:190} INFO - [2026-07-01T09:42:53.616+0000] {dagbag.py:587} INFO - Filling up the DagBag from /home/airflow/.local/lib/python3.12/site-packages/airflow/example_dags/example_dataset_alias.py
[2026-07-01T09:42:53.733+0000] {processor.py:925} INFO - DAG(s) 'dataset_alias_example_alias_consumer', 'dataset_s3_bucket_producer', 'dataset_s3_bucket_consumer', 'dataset_alias_example_alias_producer' retrieved from /home/airflow/.local/lib/python3.12/site-packages/airflow/example_dags/example_dataset_alias.py
[2026-07-01T09:42:53.747+0000] {logging_mixin.py:190} INFO - [2026-07-01T09:42:53.747+0000] {dag.py:3211} INFO - Sync 4 DAGs
[2026-07-01T09:42:53.762+0000] {logging_mixin.py:190} INFO - [2026-07-01T09:42:53.762+0000] {dag.py:4138} INFO - Setting next_dagrun for dataset_alias_example_alias_consumer to None, run_after=None
[2026-07-01T09:42:53.764+0000] {logging_mixin.py:190} INFO - [2026-07-01T09:42:53.764+0000] {dag.py:4138} INFO - Setting next_dagrun for dataset_alias_example_alias_producer to None, run_after=None
[2026-07-01T09:42:53.765+0000] {logging_mixin.py:190} INFO - [2026-07-01T09:42:53.765+0000] {dag.py:4138} INFO - Setting next_dagrun for dataset_s3_bucket_consumer to None, run_after=None
[2026-07-01T09:42:53.766+0000] {logging_mixin.py:190} INFO - [2026-07-01T09:42:53.766+0000] {dag.py:4138} INFO - Setting next_dagrun for dataset_s3_bucket_producer to None, run_after=None
[2026-07-01T09:42:53.781+0000] {processor.py:208} INFO - Processing /home/airflow/.local/lib/python3.12/site-packages/airflow/example_dags/example_dataset_alias.py took 0.173 seconds
[2026-07-01T09:43:23.930+0000] {processor.py:186} INFO - Started process (PID=3676) to work on /home/airflow/.local/lib/python3.12/site-packages/airflow/example_dags/example_dataset_alias.py
[2026-07-01T09:43:23.931+0000] {processor.py:914} INFO - Processing file /home/airflow/.local/lib/python3.12/site-packages/airflow/example_dags/example_dataset_alias.py for tasks to queue
[2026-07-01T09:43:23.933+0000] {logging_mixin.py:190} INFO - [2026-07-01T09:43:23.933+0000] {dagbag.py:587} INFO - Filling up the DagBag from /home/airflow/.local/lib/python3.12/site-packages/airflow/example_dags/example_dataset_alias.py
[2026-07-01T09:43:24.044+0000] {processor.py:925} INFO - DAG(s) 'dataset_alias_example_alias_consumer', 'dataset_alias_example_alias_producer', 'dataset_s3_bucket_consumer', 'dataset_s3_bucket_producer' retrieved from /home/airflow/.local/lib/python3.12/site-packages/airflow/example_dags/example_dataset_alias.py
[2026-07-01T09:43:24.059+0000] {logging_mixin.py:190} INFO - [2026-07-01T09:43:24.059+0000] {dag.py:3211} INFO - Sync 4 DAGs
[2026-07-01T09:43:24.075+0000] {logging_mixin.py:190} INFO - [2026-07-01T09:43:24.075+0000] {dag.py:4138} INFO - Setting next_dagrun for dataset_alias_example_alias_consumer to None, run_after=None
[2026-07-01T09:43:24.078+0000] {logging_mixin.py:190} INFO - [2026-07-01T09:43:24.077+0000] {dag.py:4138} INFO - Setting next_dagrun for dataset_alias_example_alias_producer to None, run_after=None
[2026-07-01T09:43:24.079+0000] {logging_mixin.py:190} INFO - [2026-07-01T09:43:24.079+0000] {dag.py:4138} INFO - Setting next_dagrun for dataset_s3_bucket_consumer to None, run_after=None
[2026-07-01T09:43:24.080+0000] {logging_mixin.py:190} INFO - [2026-07-01T09:43:24.079+0000] {dag.py:4138} INFO - Setting next_dagrun for dataset_s3_bucket_producer to None, run_after=None
[2026-07-01T09:43:24.095+0000] {processor.py:208} INFO - Processing /home/airflow/.local/lib/python3.12/site-packages/airflow/example_dags/example_dataset_alias.py took 0.170 seconds
[2026-07-01T09:43:54.282+0000] {processor.py:186} INFO - Started process (PID=3738) to work on /home/airflow/.local/lib/python3.12/site-packages/airflow/example_dags/example_dataset_alias.py
[2026-07-01T09:43:54.284+0000] {processor.py:914} INFO - Processing file /home/airflow/.local/lib/python3.12/site-packages/airflow/example_dags/example_dataset_alias.py for tasks to queue
[2026-07-01T09:43:54.287+0000] {logging_mixin.py:190} INFO - [2026-07-01T09:43:54.287+0000] {dagbag.py:587} INFO - Filling up the DagBag from /home/airflow/.local/lib/python3.12/site-packages/airflow/example_dags/example_dataset_alias.py
[2026-07-01T09:43:54.396+0000] {processor.py:925} INFO - DAG(s) 'dataset_alias_example_alias_consumer', 'dataset_alias_example_alias_producer', 'dataset_s3_bucket_producer', 'dataset_s3_bucket_consumer' retrieved from /home/airflow/.local/lib/python3.12/site-packages/airflow/example_dags/example_dataset_alias.py
[2026-07-01T09:43:54.412+0000] {logging_mixin.py:190} INFO - [2026-07-01T09:43:54.411+0000] {dag.py:3211} INFO - Sync 4 DAGs
[2026-07-01T09:43:54.425+0000] {logging_mixin.py:190} INFO - [2026-07-01T09:43:54.425+0000] {dag.py:4138} INFO - Setting next_dagrun for dataset_alias_example_alias_consumer to None, run_after=None
[2026-07-01T09:43:54.427+0000] {logging_mixin.py:190} INFO - [2026-07-01T09:43:54.427+0000] {dag.py:4138} INFO - Setting next_dagrun for dataset_alias_example_alias_producer to None, run_after=None
[2026-07-01T09:43:54.428+0000] {logging_mixin.py:190} INFO - [2026-07-01T09:43:54.428+0000] {dag.py:4138} INFO - Setting next_dagrun for dataset_s3_bucket_consumer to None, run_after=None
[2026-07-01T09:43:54.429+0000] {logging_mixin.py:190} INFO - [2026-07-01T09:43:54.429+0000] {dag.py:4138} INFO - Setting next_dagrun for dataset_s3_bucket_producer to None, run_after=None
[2026-07-01T09:43:54.444+0000] {processor.py:208} INFO - Processing /home/airflow/.local/lib/python3.12/site-packages/airflow/example_dags/example_dataset_alias.py took 0.171 seconds
[2026-07-01T09:44:24.651+0000] {processor.py:186} INFO - Started process (PID=3800) to work on /home/airflow/.local/lib/python3.12/site-packages/airflow/example_dags/example_dataset_alias.py
[2026-07-01T09:44:24.652+0000] {processor.py:914} INFO - Processing file /home/airflow/.local/lib/python3.12/site-packages/airflow/example_dags/example_dataset_alias.py for tasks to queue
[2026-07-01T09:44:24.654+0000] {logging_mixin.py:190} INFO - [2026-07-01T09:44:24.654+0000] {dagbag.py:587} INFO - Filling up the DagBag from /home/airflow/.local/lib/python3.12/site-packages/airflow/example_dags/example_dataset_alias.py
[2026-07-01T09:44:24.759+0000] {processor.py:925} INFO - DAG(s) 'dataset_s3_bucket_producer', 'dataset_s3_bucket_consumer', 'dataset_alias_example_alias_producer', 'dataset_alias_example_alias_consumer' retrieved from /home/airflow/.local/lib/python3.12/site-packages/airflow/example_dags/example_dataset_alias.py
[2026-07-01T09:44:24.775+0000] {logging_mixin.py:190} INFO - [2026-07-01T09:44:24.775+0000] {dag.py:3211} INFO - Sync 4 DAGs
[2026-07-01T09:44:24.791+0000] {logging_mixin.py:190} INFO - [2026-07-01T09:44:24.791+0000] {dag.py:4138} INFO - Setting next_dagrun for dataset_alias_example_alias_consumer to None, run_after=None
[2026-07-01T09:44:24.794+0000] {logging_mixin.py:190} INFO - [2026-07-01T09:44:24.794+0000] {dag.py:4138} INFO - Setting next_dagrun for dataset_alias_example_alias_producer to None, run_after=None
[2026-07-01T09:44:24.795+0000] {logging_mixin.py:190} INFO - [2026-07-01T09:44:24.795+0000] {dag.py:4138} INFO - Setting next_dagrun for dataset_s3_bucket_consumer to None, run_after=None
[2026-07-01T09:44:24.796+0000] {logging_mixin.py:190} INFO - [2026-07-01T09:44:24.796+0000] {dag.py:4138} INFO - Setting next_dagrun for dataset_s3_bucket_producer to None, run_after=None
[2026-07-01T09:44:24.811+0000] {processor.py:208} INFO - Processing /home/airflow/.local/lib/python3.12/site-packages/airflow/example_dags/example_dataset_alias.py took 0.165 seconds
[2026-07-01T09:44:54.901+0000] {processor.py:186} INFO - Started process (PID=3862) to work on /home/airflow/.local/lib/python3.12/site-packages/airflow/example_dags/example_dataset_alias.py
[2026-07-01T09:44:54.902+0000] {processor.py:914} INFO - Processing file /home/airflow/.local/lib/python3.12/site-packages/airflow/example_dags/example_dataset_alias.py for tasks to queue
[2026-07-01T09:44:54.904+0000] {logging_mixin.py:190} INFO - [2026-07-01T09:44:54.904+0000] {dagbag.py:587} INFO - Filling up the DagBag from /home/airflow/.local/lib/python3.12/site-packages/airflow/example_dags/example_dataset_alias.py
[2026-07-01T09:44:55.030+0000] {processor.py:925} INFO - DAG(s) 'dataset_s3_bucket_producer', 'dataset_alias_example_alias_producer', 'dataset_alias_example_alias_consumer', 'dataset_s3_bucket_consumer' retrieved from /home/airflow/.local/lib/python3.12/site-packages/airflow/example_dags/example_dataset_alias.py
[2026-07-01T09:44:55.056+0000] {logging_mixin.py:190} INFO - [2026-07-01T09:44:55.056+0000] {dag.py:3211} INFO - Sync 4 DAGs
[2026-07-01T09:44:55.084+0000] {logging_mixin.py:190} INFO - [2026-07-01T09:44:55.084+0000] {dag.py:4138} INFO - Setting next_dagrun for dataset_alias_example_alias_consumer to None, run_after=None
[2026-07-01T09:44:55.087+0000] {logging_mixin.py:190} INFO - [2026-07-01T09:44:55.087+0000] {dag.py:4138} INFO - Setting next_dagrun for dataset_alias_example_alias_producer to None, run_after=None
[2026-07-01T09:44:55.089+0000] {logging_mixin.py:190} INFO - [2026-07-01T09:44:55.089+0000] {dag.py:4138} INFO - Setting next_dagrun for dataset_s3_bucket_consumer to None, run_after=None
[2026-07-01T09:44:55.092+0000] {logging_mixin.py:190} INFO - [2026-07-01T09:44:55.092+0000] {dag.py:4138} INFO - Setting next_dagrun for dataset_s3_bucket_producer to None, run_after=None
[2026-07-01T09:44:55.119+0000] {processor.py:208} INFO - Processing /home/airflow/.local/lib/python3.12/site-packages/airflow/example_dags/example_dataset_alias.py took 0.222 seconds
[2026-07-01T09:45:25.373+0000] {processor.py:186} INFO - Started process (PID=3923) to work on /home/airflow/.local/lib/python3.12/site-packages/airflow/example_dags/example_dataset_alias.py
[2026-07-01T09:45:25.375+0000] {processor.py:914} INFO - Processing file /home/airflow/.local/lib/python3.12/site-packages/airflow/example_dags/example_dataset_alias.py for tasks to queue
[2026-07-01T09:45:25.377+0000] {logging_mixin.py:190} INFO - [2026-07-01T09:45:25.377+0000] {dagbag.py:587} INFO - Filling up the DagBag from /home/airflow/.local/lib/python3.12/site-packages/airflow/example_dags/example_dataset_alias.py
[2026-07-01T09:45:25.485+0000] {processor.py:925} INFO - DAG(s) 'dataset_alias_example_alias_consumer', 'dataset_s3_bucket_consumer', 'dataset_s3_bucket_producer', 'dataset_alias_example_alias_producer' retrieved from /home/airflow/.local/lib/python3.12/site-packages/airflow/example_dags/example_dataset_alias.py
[2026-07-01T09:45:25.499+0000] {logging_mixin.py:190} INFO - [2026-07-01T09:45:25.499+0000] {dag.py:3211} INFO - Sync 4 DAGs
[2026-07-01T09:45:25.516+0000] {logging_mixin.py:190} INFO - [2026-07-01T09:45:25.516+0000] {dag.py:4138} INFO - Setting next_dagrun for dataset_alias_example_alias_consumer to None, run_after=None
[2026-07-01T09:45:25.518+0000] {logging_mixin.py:190} INFO - [2026-07-01T09:45:25.518+0000] {dag.py:4138} INFO - Setting next_dagrun for dataset_alias_example_alias_producer to None, run_after=None
[2026-07-01T09:45:25.519+0000] {logging_mixin.py:190} INFO - [2026-07-01T09:45:25.519+0000] {dag.py:4138} INFO - Setting next_dagrun for dataset_s3_bucket_consumer to None, run_after=None
[2026-07-01T09:45:25.520+0000] {logging_mixin.py:190} INFO - [2026-07-01T09:45:25.520+0000] {dag.py:4138} INFO - Setting next_dagrun for dataset_s3_bucket_producer to None, run_after=None
[2026-07-01T09:45:25.536+0000] {processor.py:208} INFO - Processing /home/airflow/.local/lib/python3.12/site-packages/airflow/example_dags/example_dataset_alias.py took 0.168 seconds
