[2026-07-01T09:09:37.915+0000] {processor.py:186} INFO - Started process (PID=64) to work on /home/airflow/.local/lib/python3.12/site-packages/airflow/example_dags/example_datasets.py
[2026-07-01T09:09:37.917+0000] {processor.py:914} INFO - Processing file /home/airflow/.local/lib/python3.12/site-packages/airflow/example_dags/example_datasets.py for tasks to queue
[2026-07-01T09:09:37.923+0000] {logging_mixin.py:190} INFO - [2026-07-01T09:09:37.922+0000] {dagbag.py:587} INFO - Filling up the DagBag from /home/airflow/.local/lib/python3.12/site-packages/airflow/example_dags/example_datasets.py
[2026-07-01T09:09:38.456+0000] {processor.py:925} INFO - DAG(s) 'dataset_produces_2', 'dataset_produces_1', 'dataset_consumes_1', 'dataset_consumes_1_never_scheduled', 'consume_1_or_2_with_dataset_expressions', 'dataset_consumes_unknown_never_scheduled', 'dataset_consumes_1_and_2', 'consume_1_and_2_with_dataset_expressions', 'consume_1_or_both_2_and_3_with_dataset_expressions', 'conditional_dataset_and_time_based_timetable' retrieved from /home/airflow/.local/lib/python3.12/site-packages/airflow/example_dags/example_datasets.py
[2026-07-01T09:09:38.561+0000] {logging_mixin.py:190} INFO - [2026-07-01T09:09:38.560+0000] {override.py:1858} INFO - Created Permission View: can read on DAG:dataset_produces_2
[2026-07-01T09:09:38.572+0000] {logging_mixin.py:190} INFO - [2026-07-01T09:09:38.571+0000] {override.py:1858} INFO - Created Permission View: can delete on DAG:dataset_produces_2
[2026-07-01T09:09:38.578+0000] {logging_mixin.py:190} INFO - [2026-07-01T09:09:38.578+0000] {override.py:1858} INFO - Created Permission View: can edit on DAG:dataset_produces_2
[2026-07-01T09:09:38.589+0000] {logging_mixin.py:190} INFO - [2026-07-01T09:09:38.588+0000] {override.py:1858} INFO - Created Permission View: can read on DAG:dataset_produces_1
[2026-07-01T09:09:38.594+0000] {logging_mixin.py:190} INFO - [2026-07-01T09:09:38.594+0000] {override.py:1858} INFO - Created Permission View: can delete on DAG:dataset_produces_1
[2026-07-01T09:09:38.600+0000] {logging_mixin.py:190} INFO - [2026-07-01T09:09:38.600+0000] {override.py:1858} INFO - Created Permission View: can edit on DAG:dataset_produces_1
[2026-07-01T09:09:38.612+0000] {logging_mixin.py:190} INFO - [2026-07-01T09:09:38.611+0000] {override.py:1858} INFO - Created Permission View: can read on DAG:dataset_consumes_1
[2026-07-01T09:09:38.618+0000] {logging_mixin.py:190} INFO - [2026-07-01T09:09:38.618+0000] {override.py:1858} INFO - Created Permission View: can delete on DAG:dataset_consumes_1
[2026-07-01T09:09:38.624+0000] {logging_mixin.py:190} INFO - [2026-07-01T09:09:38.624+0000] {override.py:1858} INFO - Created Permission View: can edit on DAG:dataset_consumes_1
[2026-07-01T09:09:38.635+0000] {logging_mixin.py:190} INFO - [2026-07-01T09:09:38.635+0000] {override.py:1858} INFO - Created Permission View: can read on DAG:dataset_consumes_1_never_scheduled
[2026-07-01T09:09:38.642+0000] {logging_mixin.py:190} INFO - [2026-07-01T09:09:38.642+0000] {override.py:1858} INFO - Created Permission View: can delete on DAG:dataset_consumes_1_never_scheduled
[2026-07-01T09:09:38.649+0000] {logging_mixin.py:190} INFO - [2026-07-01T09:09:38.648+0000] {override.py:1858} INFO - Created Permission View: can edit on DAG:dataset_consumes_1_never_scheduled
[2026-07-01T09:09:38.659+0000] {logging_mixin.py:190} INFO - [2026-07-01T09:09:38.659+0000] {override.py:1858} INFO - Created Permission View: can read on DAG:consume_1_or_2_with_dataset_expressions
[2026-07-01T09:09:38.665+0000] {logging_mixin.py:190} INFO - [2026-07-01T09:09:38.665+0000] {override.py:1858} INFO - Created Permission View: can delete on DAG:consume_1_or_2_with_dataset_expressions
[2026-07-01T09:09:38.671+0000] {logging_mixin.py:190} INFO - [2026-07-01T09:09:38.671+0000] {override.py:1858} INFO - Created Permission View: can edit on DAG:consume_1_or_2_with_dataset_expressions
[2026-07-01T09:09:38.682+0000] {logging_mixin.py:190} INFO - [2026-07-01T09:09:38.682+0000] {override.py:1858} INFO - Created Permission View: can read on DAG:dataset_consumes_unknown_never_scheduled
[2026-07-01T09:09:38.689+0000] {logging_mixin.py:190} INFO - [2026-07-01T09:09:38.689+0000] {override.py:1858} INFO - Created Permission View: can delete on DAG:dataset_consumes_unknown_never_scheduled
[2026-07-01T09:09:38.695+0000] {logging_mixin.py:190} INFO - [2026-07-01T09:09:38.695+0000] {override.py:1858} INFO - Created Permission View: can edit on DAG:dataset_consumes_unknown_never_scheduled
[2026-07-01T09:09:38.705+0000] {logging_mixin.py:190} INFO - [2026-07-01T09:09:38.705+0000] {override.py:1858} INFO - Created Permission View: can read on DAG:dataset_consumes_1_and_2
[2026-07-01T09:09:38.711+0000] {logging_mixin.py:190} INFO - [2026-07-01T09:09:38.711+0000] {override.py:1858} INFO - Created Permission View: can delete on DAG:dataset_consumes_1_and_2
[2026-07-01T09:09:38.716+0000] {logging_mixin.py:190} INFO - [2026-07-01T09:09:38.716+0000] {override.py:1858} INFO - Created Permission View: can edit on DAG:dataset_consumes_1_and_2
[2026-07-01T09:09:38.725+0000] {logging_mixin.py:190} INFO - [2026-07-01T09:09:38.725+0000] {override.py:1858} INFO - Created Permission View: can read on DAG:consume_1_and_2_with_dataset_expressions
[2026-07-01T09:09:38.733+0000] {logging_mixin.py:190} INFO - [2026-07-01T09:09:38.733+0000] {override.py:1858} INFO - Created Permission View: can delete on DAG:consume_1_and_2_with_dataset_expressions
[2026-07-01T09:09:38.739+0000] {logging_mixin.py:190} INFO - [2026-07-01T09:09:38.738+0000] {override.py:1858} INFO - Created Permission View: can edit on DAG:consume_1_and_2_with_dataset_expressions
[2026-07-01T09:09:38.751+0000] {logging_mixin.py:190} INFO - [2026-07-01T09:09:38.751+0000] {override.py:1858} INFO - Created Permission View: can read on DAG:consume_1_or_both_2_and_3_with_dataset_expressions
[2026-07-01T09:09:38.758+0000] {logging_mixin.py:190} INFO - [2026-07-01T09:09:38.758+0000] {override.py:1858} INFO - Created Permission View: can delete on DAG:consume_1_or_both_2_and_3_with_dataset_expressions
[2026-07-01T09:09:38.764+0000] {logging_mixin.py:190} INFO - [2026-07-01T09:09:38.763+0000] {override.py:1858} INFO - Created Permission View: can edit on DAG:consume_1_or_both_2_and_3_with_dataset_expressions
[2026-07-01T09:09:38.775+0000] {logging_mixin.py:190} INFO - [2026-07-01T09:09:38.774+0000] {override.py:1858} INFO - Created Permission View: can read on DAG:conditional_dataset_and_time_based_timetable
[2026-07-01T09:09:38.780+0000] {logging_mixin.py:190} INFO - [2026-07-01T09:09:38.780+0000] {override.py:1858} INFO - Created Permission View: can delete on DAG:conditional_dataset_and_time_based_timetable
[2026-07-01T09:09:38.787+0000] {logging_mixin.py:190} INFO - [2026-07-01T09:09:38.786+0000] {override.py:1858} INFO - Created Permission View: can edit on DAG:conditional_dataset_and_time_based_timetable
[2026-07-01T09:09:38.787+0000] {logging_mixin.py:190} INFO - [2026-07-01T09:09:38.787+0000] {dag.py:3211} INFO - Sync 10 DAGs
[2026-07-01T09:09:38.802+0000] {logging_mixin.py:190} INFO - [2026-07-01T09:09:38.801+0000] {dag.py:3234} INFO - Creating ORM DAG for consume_1_and_2_with_dataset_expressions
[2026-07-01T09:09:38.803+0000] {logging_mixin.py:190} INFO - [2026-07-01T09:09:38.802+0000] {dag.py:3234} INFO - Creating ORM DAG for conditional_dataset_and_time_based_timetable
[2026-07-01T09:09:38.803+0000] {logging_mixin.py:190} INFO - [2026-07-01T09:09:38.803+0000] {dag.py:3234} INFO - Creating ORM DAG for dataset_produces_1
[2026-07-01T09:09:38.804+0000] {logging_mixin.py:190} INFO - [2026-07-01T09:09:38.804+0000] {dag.py:3234} INFO - Creating ORM DAG for consume_1_or_both_2_and_3_with_dataset_expressions
[2026-07-01T09:09:38.805+0000] {logging_mixin.py:190} INFO - [2026-07-01T09:09:38.805+0000] {dag.py:3234} INFO - Creating ORM DAG for dataset_consumes_1_and_2
[2026-07-01T09:09:38.806+0000] {logging_mixin.py:190} INFO - [2026-07-01T09:09:38.806+0000] {dag.py:3234} INFO - Creating ORM DAG for consume_1_or_2_with_dataset_expressions
[2026-07-01T09:09:38.807+0000] {logging_mixin.py:190} INFO - [2026-07-01T09:09:38.807+0000] {dag.py:3234} INFO - Creating ORM DAG for dataset_produces_2
[2026-07-01T09:09:38.808+0000] {logging_mixin.py:190} INFO - [2026-07-01T09:09:38.808+0000] {dag.py:3234} INFO - Creating ORM DAG for dataset_consumes_1_never_scheduled
[2026-07-01T09:09:38.809+0000] {logging_mixin.py:190} INFO - [2026-07-01T09:09:38.808+0000] {dag.py:3234} INFO - Creating ORM DAG for dataset_consumes_unknown_never_scheduled
[2026-07-01T09:09:38.810+0000] {logging_mixin.py:190} INFO - [2026-07-01T09:09:38.809+0000] {dag.py:3234} INFO - Creating ORM DAG for dataset_consumes_1
[2026-07-01T09:09:38.820+0000] {logging_mixin.py:190} INFO - [2026-07-01T09:09:38.819+0000] {dag.py:4138} INFO - Setting next_dagrun for conditional_dataset_and_time_based_timetable to 2026-07-01 01:00:00+00:00, run_after=2026-07-01 01:00:00+00:00
[2026-07-01T09:09:38.821+0000] {logging_mixin.py:190} INFO - [2026-07-01T09:09:38.821+0000] {dag.py:4138} INFO - Setting next_dagrun for consume_1_and_2_with_dataset_expressions to None, run_after=None
[2026-07-01T09:09:38.822+0000] {logging_mixin.py:190} INFO - [2026-07-01T09:09:38.822+0000] {dag.py:4138} INFO - Setting next_dagrun for consume_1_or_2_with_dataset_expressions to None, run_after=None
[2026-07-01T09:09:38.823+0000] {logging_mixin.py:190} INFO - [2026-07-01T09:09:38.823+0000] {dag.py:4138} INFO - Setting next_dagrun for consume_1_or_both_2_and_3_with_dataset_expressions to None, run_after=None
[2026-07-01T09:09:38.823+0000] {logging_mixin.py:190} INFO - [2026-07-01T09:09:38.823+0000] {dag.py:4138} INFO - Setting next_dagrun for dataset_consumes_1 to None, run_after=None
[2026-07-01T09:09:38.824+0000] {logging_mixin.py:190} INFO - [2026-07-01T09:09:38.824+0000] {dag.py:4138} INFO - Setting next_dagrun for dataset_consumes_1_and_2 to None, run_after=None
[2026-07-01T09:09:38.826+0000] {logging_mixin.py:190} INFO - [2026-07-01T09:09:38.825+0000] {dag.py:4138} INFO - Setting next_dagrun for dataset_consumes_1_never_scheduled to None, run_after=None
[2026-07-01T09:09:38.826+0000] {logging_mixin.py:190} INFO - [2026-07-01T09:09:38.826+0000] {dag.py:4138} INFO - Setting next_dagrun for dataset_consumes_unknown_never_scheduled to None, run_after=None
[2026-07-01T09:09:38.828+0000] {logging_mixin.py:190} INFO - [2026-07-01T09:09:38.828+0000] {dag.py:4138} INFO - Setting next_dagrun for dataset_produces_1 to 2026-06-30 00:00:00+00:00, run_after=2026-07-01 00:00:00+00:00
[2026-07-01T09:09:38.829+0000] {logging_mixin.py:190} INFO - [2026-07-01T09:09:38.829+0000] {dag.py:4138} INFO - Setting next_dagrun for dataset_produces_2 to None, run_after=None
[2026-07-01T09:09:38.866+0000] {processor.py:208} INFO - Processing /home/airflow/.local/lib/python3.12/site-packages/airflow/example_dags/example_datasets.py took 0.959 seconds
[2026-07-01T09:10:08.968+0000] {processor.py:186} INFO - Started process (PID=129) to work on /home/airflow/.local/lib/python3.12/site-packages/airflow/example_dags/example_datasets.py
[2026-07-01T09:10:08.969+0000] {processor.py:914} INFO - Processing file /home/airflow/.local/lib/python3.12/site-packages/airflow/example_dags/example_datasets.py for tasks to queue
[2026-07-01T09:10:08.971+0000] {logging_mixin.py:190} INFO - [2026-07-01T09:10:08.971+0000] {dagbag.py:587} INFO - Filling up the DagBag from /home/airflow/.local/lib/python3.12/site-packages/airflow/example_dags/example_datasets.py
[2026-07-01T09:10:09.065+0000] {processor.py:925} INFO - DAG(s) 'dataset_consumes_1', 'dataset_consumes_1_and_2', 'dataset_consumes_1_never_scheduled', 'dataset_produces_2', 'consume_1_or_2_with_dataset_expressions', 'dataset_consumes_unknown_never_scheduled', 'consume_1_and_2_with_dataset_expressions', 'conditional_dataset_and_time_based_timetable', 'consume_1_or_both_2_and_3_with_dataset_expressions', 'dataset_produces_1' retrieved from /home/airflow/.local/lib/python3.12/site-packages/airflow/example_dags/example_datasets.py
[2026-07-01T09:10:09.093+0000] {logging_mixin.py:190} INFO - [2026-07-01T09:10:09.093+0000] {dag.py:3211} INFO - Sync 10 DAGs
[2026-07-01T09:10:09.108+0000] {logging_mixin.py:190} INFO - [2026-07-01T09:10:09.108+0000] {dag.py:4138} INFO - Setting next_dagrun for conditional_dataset_and_time_based_timetable to 2026-07-01 01:00:00+00:00, run_after=2026-07-01 01:00:00+00:00
[2026-07-01T09:10:09.110+0000] {logging_mixin.py:190} INFO - [2026-07-01T09:10:09.110+0000] {dag.py:4138} INFO - Setting next_dagrun for consume_1_and_2_with_dataset_expressions to None, run_after=None
[2026-07-01T09:10:09.112+0000] {logging_mixin.py:190} INFO - [2026-07-01T09:10:09.112+0000] {dag.py:4138} INFO - Setting next_dagrun for consume_1_or_2_with_dataset_expressions to None, run_after=None
[2026-07-01T09:10:09.113+0000] {logging_mixin.py:190} INFO - [2026-07-01T09:10:09.113+0000] {dag.py:4138} INFO - Setting next_dagrun for consume_1_or_both_2_and_3_with_dataset_expressions to None, run_after=None
[2026-07-01T09:10:09.114+0000] {logging_mixin.py:190} INFO - [2026-07-01T09:10:09.114+0000] {dag.py:4138} INFO - Setting next_dagrun for dataset_consumes_1 to None, run_after=None
[2026-07-01T09:10:09.115+0000] {logging_mixin.py:190} INFO - [2026-07-01T09:10:09.115+0000] {dag.py:4138} INFO - Setting next_dagrun for dataset_consumes_1_and_2 to None, run_after=None
[2026-07-01T09:10:09.115+0000] {logging_mixin.py:190} INFO - [2026-07-01T09:10:09.115+0000] {dag.py:4138} INFO - Setting next_dagrun for dataset_consumes_1_never_scheduled to None, run_after=None
[2026-07-01T09:10:09.116+0000] {logging_mixin.py:190} INFO - [2026-07-01T09:10:09.116+0000] {dag.py:4138} INFO - Setting next_dagrun for dataset_consumes_unknown_never_scheduled to None, run_after=None
[2026-07-01T09:10:09.118+0000] {logging_mixin.py:190} INFO - [2026-07-01T09:10:09.118+0000] {dag.py:4138} INFO - Setting next_dagrun for dataset_produces_1 to 2026-06-30 00:00:00+00:00, run_after=2026-07-01 00:00:00+00:00
[2026-07-01T09:10:09.118+0000] {logging_mixin.py:190} INFO - [2026-07-01T09:10:09.118+0000] {dag.py:4138} INFO - Setting next_dagrun for dataset_produces_2 to None, run_after=None
[2026-07-01T09:10:09.138+0000] {processor.py:208} INFO - Processing /home/airflow/.local/lib/python3.12/site-packages/airflow/example_dags/example_datasets.py took 0.174 seconds
[2026-07-01T09:10:39.370+0000] {processor.py:186} INFO - Started process (PID=188) to work on /home/airflow/.local/lib/python3.12/site-packages/airflow/example_dags/example_datasets.py
[2026-07-01T09:10:39.371+0000] {processor.py:914} INFO - Processing file /home/airflow/.local/lib/python3.12/site-packages/airflow/example_dags/example_datasets.py for tasks to queue
[2026-07-01T09:10:39.373+0000] {logging_mixin.py:190} INFO - [2026-07-01T09:10:39.372+0000] {dagbag.py:587} INFO - Filling up the DagBag from /home/airflow/.local/lib/python3.12/site-packages/airflow/example_dags/example_datasets.py
[2026-07-01T09:10:39.478+0000] {processor.py:925} INFO - DAG(s) 'conditional_dataset_and_time_based_timetable', 'dataset_consumes_unknown_never_scheduled', 'dataset_produces_2', 'consume_1_and_2_with_dataset_expressions', 'consume_1_or_both_2_and_3_with_dataset_expressions', 'dataset_produces_1', 'dataset_consumes_1_and_2', 'consume_1_or_2_with_dataset_expressions', 'dataset_consumes_1', 'dataset_consumes_1_never_scheduled' retrieved from /home/airflow/.local/lib/python3.12/site-packages/airflow/example_dags/example_datasets.py
[2026-07-01T09:10:39.507+0000] {logging_mixin.py:190} INFO - [2026-07-01T09:10:39.506+0000] {dag.py:3211} INFO - Sync 10 DAGs
[2026-07-01T09:10:39.533+0000] {logging_mixin.py:190} INFO - [2026-07-01T09:10:39.533+0000] {dag.py:4138} INFO - Setting next_dagrun for conditional_dataset_and_time_based_timetable to 2026-07-01 01:00:00+00:00, run_after=2026-07-01 01:00:00+00:00
[2026-07-01T09:10:39.537+0000] {logging_mixin.py:190} INFO - [2026-07-01T09:10:39.536+0000] {dag.py:4138} INFO - Setting next_dagrun for consume_1_and_2_with_dataset_expressions to None, run_after=None
[2026-07-01T09:10:39.538+0000] {logging_mixin.py:190} INFO - [2026-07-01T09:10:39.538+0000] {dag.py:4138} INFO - Setting next_dagrun for consume_1_or_2_with_dataset_expressions to None, run_after=None
[2026-07-01T09:10:39.539+0000] {logging_mixin.py:190} INFO - [2026-07-01T09:10:39.539+0000] {dag.py:4138} INFO - Setting next_dagrun for consume_1_or_both_2_and_3_with_dataset_expressions to None, run_after=None
[2026-07-01T09:10:39.540+0000] {logging_mixin.py:190} INFO - [2026-07-01T09:10:39.540+0000] {dag.py:4138} INFO - Setting next_dagrun for dataset_consumes_1 to None, run_after=None
[2026-07-01T09:10:39.543+0000] {logging_mixin.py:190} INFO - [2026-07-01T09:10:39.543+0000] {dag.py:4138} INFO - Setting next_dagrun for dataset_consumes_1_and_2 to None, run_after=None
[2026-07-01T09:10:39.545+0000] {logging_mixin.py:190} INFO - [2026-07-01T09:10:39.544+0000] {dag.py:4138} INFO - Setting next_dagrun for dataset_consumes_1_never_scheduled to None, run_after=None
[2026-07-01T09:10:39.546+0000] {logging_mixin.py:190} INFO - [2026-07-01T09:10:39.546+0000] {dag.py:4138} INFO - Setting next_dagrun for dataset_consumes_unknown_never_scheduled to None, run_after=None
[2026-07-01T09:10:39.549+0000] {logging_mixin.py:190} INFO - [2026-07-01T09:10:39.549+0000] {dag.py:4138} INFO - Setting next_dagrun for dataset_produces_1 to 2026-06-30 00:00:00+00:00, run_after=2026-07-01 00:00:00+00:00
[2026-07-01T09:10:39.551+0000] {logging_mixin.py:190} INFO - [2026-07-01T09:10:39.551+0000] {dag.py:4138} INFO - Setting next_dagrun for dataset_produces_2 to None, run_after=None
[2026-07-01T09:10:39.573+0000] {processor.py:208} INFO - Processing /home/airflow/.local/lib/python3.12/site-packages/airflow/example_dags/example_datasets.py took 0.208 seconds
[2026-07-01T09:11:09.647+0000] {processor.py:186} INFO - Started process (PID=251) to work on /home/airflow/.local/lib/python3.12/site-packages/airflow/example_dags/example_datasets.py
[2026-07-01T09:11:09.648+0000] {processor.py:914} INFO - Processing file /home/airflow/.local/lib/python3.12/site-packages/airflow/example_dags/example_datasets.py for tasks to queue
[2026-07-01T09:11:09.650+0000] {logging_mixin.py:190} INFO - [2026-07-01T09:11:09.650+0000] {dagbag.py:587} INFO - Filling up the DagBag from /home/airflow/.local/lib/python3.12/site-packages/airflow/example_dags/example_datasets.py
[2026-07-01T09:11:09.752+0000] {processor.py:925} INFO - DAG(s) 'consume_1_or_2_with_dataset_expressions', 'dataset_produces_2', 'consume_1_or_both_2_and_3_with_dataset_expressions', 'dataset_consumes_1', 'dataset_consumes_1_and_2', 'dataset_produces_1', 'dataset_consumes_unknown_never_scheduled', 'consume_1_and_2_with_dataset_expressions', 'conditional_dataset_and_time_based_timetable', 'dataset_consumes_1_never_scheduled' retrieved from /home/airflow/.local/lib/python3.12/site-packages/airflow/example_dags/example_datasets.py
[2026-07-01T09:11:09.778+0000] {logging_mixin.py:190} INFO - [2026-07-01T09:11:09.778+0000] {dag.py:3211} INFO - Sync 10 DAGs
[2026-07-01T09:11:09.795+0000] {logging_mixin.py:190} INFO - [2026-07-01T09:11:09.795+0000] {dag.py:4138} INFO - Setting next_dagrun for conditional_dataset_and_time_based_timetable to 2026-07-01 01:00:00+00:00, run_after=2026-07-01 01:00:00+00:00
[2026-07-01T09:11:09.797+0000] {logging_mixin.py:190} INFO - [2026-07-01T09:11:09.797+0000] {dag.py:4138} INFO - Setting next_dagrun for consume_1_and_2_with_dataset_expressions to None, run_after=None
[2026-07-01T09:11:09.798+0000] {logging_mixin.py:190} INFO - [2026-07-01T09:11:09.798+0000] {dag.py:4138} INFO - Setting next_dagrun for consume_1_or_2_with_dataset_expressions to None, run_after=None
[2026-07-01T09:11:09.799+0000] {logging_mixin.py:190} INFO - [2026-07-01T09:11:09.799+0000] {dag.py:4138} INFO - Setting next_dagrun for consume_1_or_both_2_and_3_with_dataset_expressions to None, run_after=None
[2026-07-01T09:11:09.800+0000] {logging_mixin.py:190} INFO - [2026-07-01T09:11:09.800+0000] {dag.py:4138} INFO - Setting next_dagrun for dataset_consumes_1 to None, run_after=None
[2026-07-01T09:11:09.801+0000] {logging_mixin.py:190} INFO - [2026-07-01T09:11:09.801+0000] {dag.py:4138} INFO - Setting next_dagrun for dataset_consumes_1_and_2 to None, run_after=None
[2026-07-01T09:11:09.801+0000] {logging_mixin.py:190} INFO - [2026-07-01T09:11:09.801+0000] {dag.py:4138} INFO - Setting next_dagrun for dataset_consumes_1_never_scheduled to None, run_after=None
[2026-07-01T09:11:09.802+0000] {logging_mixin.py:190} INFO - [2026-07-01T09:11:09.802+0000] {dag.py:4138} INFO - Setting next_dagrun for dataset_consumes_unknown_never_scheduled to None, run_after=None
[2026-07-01T09:11:09.803+0000] {logging_mixin.py:190} INFO - [2026-07-01T09:11:09.803+0000] {dag.py:4138} INFO - Setting next_dagrun for dataset_produces_1 to 2026-06-30 00:00:00+00:00, run_after=2026-07-01 00:00:00+00:00
[2026-07-01T09:11:09.804+0000] {logging_mixin.py:190} INFO - [2026-07-01T09:11:09.804+0000] {dag.py:4138} INFO - Setting next_dagrun for dataset_produces_2 to None, run_after=None
[2026-07-01T09:11:09.823+0000] {processor.py:208} INFO - Processing /home/airflow/.local/lib/python3.12/site-packages/airflow/example_dags/example_datasets.py took 0.180 seconds
[2026-07-01T09:11:39.893+0000] {processor.py:186} INFO - Started process (PID=314) to work on /home/airflow/.local/lib/python3.12/site-packages/airflow/example_dags/example_datasets.py
[2026-07-01T09:11:39.894+0000] {processor.py:914} INFO - Processing file /home/airflow/.local/lib/python3.12/site-packages/airflow/example_dags/example_datasets.py for tasks to queue
[2026-07-01T09:11:39.896+0000] {logging_mixin.py:190} INFO - [2026-07-01T09:11:39.896+0000] {dagbag.py:587} INFO - Filling up the DagBag from /home/airflow/.local/lib/python3.12/site-packages/airflow/example_dags/example_datasets.py
[2026-07-01T09:11:40.013+0000] {processor.py:925} INFO - DAG(s) 'dataset_produces_2', 'dataset_consumes_1', 'dataset_consumes_1_and_2', 'consume_1_or_both_2_and_3_with_dataset_expressions', 'dataset_consumes_1_never_scheduled', 'consume_1_and_2_with_dataset_expressions', 'conditional_dataset_and_time_based_timetable', 'consume_1_or_2_with_dataset_expressions', 'dataset_produces_1', 'dataset_consumes_unknown_never_scheduled' retrieved from /home/airflow/.local/lib/python3.12/site-packages/airflow/example_dags/example_datasets.py
[2026-07-01T09:11:40.048+0000] {logging_mixin.py:190} INFO - [2026-07-01T09:11:40.047+0000] {dag.py:3211} INFO - Sync 10 DAGs
[2026-07-01T09:11:40.071+0000] {logging_mixin.py:190} INFO - [2026-07-01T09:11:40.070+0000] {dag.py:4138} INFO - Setting next_dagrun for conditional_dataset_and_time_based_timetable to 2026-07-01 01:00:00+00:00, run_after=2026-07-01 01:00:00+00:00
[2026-07-01T09:11:40.074+0000] {logging_mixin.py:190} INFO - [2026-07-01T09:11:40.074+0000] {dag.py:4138} INFO - Setting next_dagrun for consume_1_and_2_with_dataset_expressions to None, run_after=None
[2026-07-01T09:11:40.076+0000] {logging_mixin.py:190} INFO - [2026-07-01T09:11:40.076+0000] {dag.py:4138} INFO - Setting next_dagrun for consume_1_or_2_with_dataset_expressions to None, run_after=None
[2026-07-01T09:11:40.077+0000] {logging_mixin.py:190} INFO - [2026-07-01T09:11:40.077+0000] {dag.py:4138} INFO - Setting next_dagrun for consume_1_or_both_2_and_3_with_dataset_expressions to None, run_after=None
[2026-07-01T09:11:40.078+0000] {logging_mixin.py:190} INFO - [2026-07-01T09:11:40.078+0000] {dag.py:4138} INFO - Setting next_dagrun for dataset_consumes_1 to None, run_after=None
[2026-07-01T09:11:40.079+0000] {logging_mixin.py:190} INFO - [2026-07-01T09:11:40.079+0000] {dag.py:4138} INFO - Setting next_dagrun for dataset_consumes_1_and_2 to None, run_after=None
[2026-07-01T09:11:40.080+0000] {logging_mixin.py:190} INFO - [2026-07-01T09:11:40.080+0000] {dag.py:4138} INFO - Setting next_dagrun for dataset_consumes_1_never_scheduled to None, run_after=None
[2026-07-01T09:11:40.082+0000] {logging_mixin.py:190} INFO - [2026-07-01T09:11:40.082+0000] {dag.py:4138} INFO - Setting next_dagrun for dataset_consumes_unknown_never_scheduled to None, run_after=None
[2026-07-01T09:11:40.083+0000] {logging_mixin.py:190} INFO - [2026-07-01T09:11:40.083+0000] {dag.py:4138} INFO - Setting next_dagrun for dataset_produces_1 to 2026-06-30 00:00:00+00:00, run_after=2026-07-01 00:00:00+00:00
[2026-07-01T09:11:40.085+0000] {logging_mixin.py:190} INFO - [2026-07-01T09:11:40.084+0000] {dag.py:4138} INFO - Setting next_dagrun for dataset_produces_2 to None, run_after=None
[2026-07-01T09:11:40.112+0000] {processor.py:208} INFO - Processing /home/airflow/.local/lib/python3.12/site-packages/airflow/example_dags/example_datasets.py took 0.225 seconds
[2026-07-01T09:12:10.284+0000] {processor.py:186} INFO - Started process (PID=374) to work on /home/airflow/.local/lib/python3.12/site-packages/airflow/example_dags/example_datasets.py
[2026-07-01T09:12:10.285+0000] {processor.py:914} INFO - Processing file /home/airflow/.local/lib/python3.12/site-packages/airflow/example_dags/example_datasets.py for tasks to queue
[2026-07-01T09:12:10.287+0000] {logging_mixin.py:190} INFO - [2026-07-01T09:12:10.287+0000] {dagbag.py:587} INFO - Filling up the DagBag from /home/airflow/.local/lib/python3.12/site-packages/airflow/example_dags/example_datasets.py
[2026-07-01T09:12:10.388+0000] {processor.py:925} INFO - DAG(s) 'dataset_consumes_1', 'consume_1_and_2_with_dataset_expressions', 'consume_1_or_2_with_dataset_expressions', 'conditional_dataset_and_time_based_timetable', 'dataset_produces_2', 'consume_1_or_both_2_and_3_with_dataset_expressions', 'dataset_consumes_1_and_2', 'dataset_produces_1', 'dataset_consumes_unknown_never_scheduled', 'dataset_consumes_1_never_scheduled' retrieved from /home/airflow/.local/lib/python3.12/site-packages/airflow/example_dags/example_datasets.py
[2026-07-01T09:12:10.415+0000] {logging_mixin.py:190} INFO - [2026-07-01T09:12:10.414+0000] {dag.py:3211} INFO - Sync 10 DAGs
[2026-07-01T09:12:10.431+0000] {logging_mixin.py:190} INFO - [2026-07-01T09:12:10.431+0000] {dag.py:4138} INFO - Setting next_dagrun for conditional_dataset_and_time_based_timetable to 2026-07-01 01:00:00+00:00, run_after=2026-07-01 01:00:00+00:00
[2026-07-01T09:12:10.435+0000] {logging_mixin.py:190} INFO - [2026-07-01T09:12:10.435+0000] {dag.py:4138} INFO - Setting next_dagrun for consume_1_and_2_with_dataset_expressions to None, run_after=None
[2026-07-01T09:12:10.438+0000] {logging_mixin.py:190} INFO - [2026-07-01T09:12:10.438+0000] {dag.py:4138} INFO - Setting next_dagrun for consume_1_or_2_with_dataset_expressions to None, run_after=None
[2026-07-01T09:12:10.439+0000] {logging_mixin.py:190} INFO - [2026-07-01T09:12:10.439+0000] {dag.py:4138} INFO - Setting next_dagrun for consume_1_or_both_2_and_3_with_dataset_expressions to None, run_after=None
[2026-07-01T09:12:10.440+0000] {logging_mixin.py:190} INFO - [2026-07-01T09:12:10.439+0000] {dag.py:4138} INFO - Setting next_dagrun for dataset_consumes_1 to None, run_after=None
[2026-07-01T09:12:10.440+0000] {logging_mixin.py:190} INFO - [2026-07-01T09:12:10.440+0000] {dag.py:4138} INFO - Setting next_dagrun for dataset_consumes_1_and_2 to None, run_after=None
[2026-07-01T09:12:10.441+0000] {logging_mixin.py:190} INFO - [2026-07-01T09:12:10.441+0000] {dag.py:4138} INFO - Setting next_dagrun for dataset_consumes_1_never_scheduled to None, run_after=None
[2026-07-01T09:12:10.442+0000] {logging_mixin.py:190} INFO - [2026-07-01T09:12:10.442+0000] {dag.py:4138} INFO - Setting next_dagrun for dataset_consumes_unknown_never_scheduled to None, run_after=None
[2026-07-01T09:12:10.443+0000] {logging_mixin.py:190} INFO - [2026-07-01T09:12:10.443+0000] {dag.py:4138} INFO - Setting next_dagrun for dataset_produces_1 to 2026-06-30 00:00:00+00:00, run_after=2026-07-01 00:00:00+00:00
[2026-07-01T09:12:10.444+0000] {logging_mixin.py:190} INFO - [2026-07-01T09:12:10.444+0000] {dag.py:4138} INFO - Setting next_dagrun for dataset_produces_2 to None, run_after=None
[2026-07-01T09:12:10.465+0000] {processor.py:208} INFO - Processing /home/airflow/.local/lib/python3.12/site-packages/airflow/example_dags/example_datasets.py took 0.185 seconds
[2026-07-01T09:12:40.807+0000] {processor.py:186} INFO - Started process (PID=436) to work on /home/airflow/.local/lib/python3.12/site-packages/airflow/example_dags/example_datasets.py
[2026-07-01T09:12:40.808+0000] {processor.py:914} INFO - Processing file /home/airflow/.local/lib/python3.12/site-packages/airflow/example_dags/example_datasets.py for tasks to queue
[2026-07-01T09:12:40.811+0000] {logging_mixin.py:190} INFO - [2026-07-01T09:12:40.810+0000] {dagbag.py:587} INFO - Filling up the DagBag from /home/airflow/.local/lib/python3.12/site-packages/airflow/example_dags/example_datasets.py
[2026-07-01T09:12:40.939+0000] {processor.py:925} INFO - DAG(s) 'consume_1_and_2_with_dataset_expressions', 'dataset_consumes_unknown_never_scheduled', 'conditional_dataset_and_time_based_timetable', 'dataset_produces_2', 'dataset_consumes_1_and_2', 'dataset_consumes_1', 'dataset_consumes_1_never_scheduled', 'consume_1_or_2_with_dataset_expressions', 'dataset_produces_1', 'consume_1_or_both_2_and_3_with_dataset_expressions' retrieved from /home/airflow/.local/lib/python3.12/site-packages/airflow/example_dags/example_datasets.py
[2026-07-01T09:12:40.971+0000] {logging_mixin.py:190} INFO - [2026-07-01T09:12:40.971+0000] {dag.py:3211} INFO - Sync 10 DAGs
[2026-07-01T09:12:40.992+0000] {logging_mixin.py:190} INFO - [2026-07-01T09:12:40.992+0000] {dag.py:4138} INFO - Setting next_dagrun for conditional_dataset_and_time_based_timetable to 2026-07-01 01:00:00+00:00, run_after=2026-07-01 01:00:00+00:00
[2026-07-01T09:12:40.996+0000] {logging_mixin.py:190} INFO - [2026-07-01T09:12:40.995+0000] {dag.py:4138} INFO - Setting next_dagrun for consume_1_and_2_with_dataset_expressions to None, run_after=None
[2026-07-01T09:12:40.997+0000] {logging_mixin.py:190} INFO - [2026-07-01T09:12:40.997+0000] {dag.py:4138} INFO - Setting next_dagrun for consume_1_or_2_with_dataset_expressions to None, run_after=None
[2026-07-01T09:12:40.998+0000] {logging_mixin.py:190} INFO - [2026-07-01T09:12:40.998+0000] {dag.py:4138} INFO - Setting next_dagrun for consume_1_or_both_2_and_3_with_dataset_expressions to None, run_after=None
[2026-07-01T09:12:40.999+0000] {logging_mixin.py:190} INFO - [2026-07-01T09:12:40.999+0000] {dag.py:4138} INFO - Setting next_dagrun for dataset_consumes_1 to None, run_after=None
[2026-07-01T09:12:41.000+0000] {logging_mixin.py:190} INFO - [2026-07-01T09:12:41.000+0000] {dag.py:4138} INFO - Setting next_dagrun for dataset_consumes_1_and_2 to None, run_after=None
[2026-07-01T09:12:41.001+0000] {logging_mixin.py:190} INFO - [2026-07-01T09:12:41.001+0000] {dag.py:4138} INFO - Setting next_dagrun for dataset_consumes_1_never_scheduled to None, run_after=None
[2026-07-01T09:12:41.002+0000] {logging_mixin.py:190} INFO - [2026-07-01T09:12:41.002+0000] {dag.py:4138} INFO - Setting next_dagrun for dataset_consumes_unknown_never_scheduled to None, run_after=None
[2026-07-01T09:12:41.004+0000] {logging_mixin.py:190} INFO - [2026-07-01T09:12:41.004+0000] {dag.py:4138} INFO - Setting next_dagrun for dataset_produces_1 to 2026-06-30 00:00:00+00:00, run_after=2026-07-01 00:00:00+00:00
[2026-07-01T09:12:41.005+0000] {logging_mixin.py:190} INFO - [2026-07-01T09:12:41.005+0000] {dag.py:4138} INFO - Setting next_dagrun for dataset_produces_2 to None, run_after=None
[2026-07-01T09:12:41.029+0000] {processor.py:208} INFO - Processing /home/airflow/.local/lib/python3.12/site-packages/airflow/example_dags/example_datasets.py took 0.230 seconds
[2026-07-01T09:13:11.090+0000] {processor.py:186} INFO - Started process (PID=499) to work on /home/airflow/.local/lib/python3.12/site-packages/airflow/example_dags/example_datasets.py
[2026-07-01T09:13:11.091+0000] {processor.py:914} INFO - Processing file /home/airflow/.local/lib/python3.12/site-packages/airflow/example_dags/example_datasets.py for tasks to queue
[2026-07-01T09:13:11.094+0000] {logging_mixin.py:190} INFO - [2026-07-01T09:13:11.094+0000] {dagbag.py:587} INFO - Filling up the DagBag from /home/airflow/.local/lib/python3.12/site-packages/airflow/example_dags/example_datasets.py
[2026-07-01T09:13:11.252+0000] {processor.py:925} INFO - DAG(s) 'dataset_consumes_unknown_never_scheduled', 'dataset_produces_1', 'consume_1_or_both_2_and_3_with_dataset_expressions', 'dataset_produces_2', 'dataset_consumes_1_never_scheduled', 'dataset_consumes_1', 'consume_1_or_2_with_dataset_expressions', 'consume_1_and_2_with_dataset_expressions', 'dataset_consumes_1_and_2', 'conditional_dataset_and_time_based_timetable' retrieved from /home/airflow/.local/lib/python3.12/site-packages/airflow/example_dags/example_datasets.py
[2026-07-01T09:13:11.295+0000] {logging_mixin.py:190} INFO - [2026-07-01T09:13:11.295+0000] {dag.py:3211} INFO - Sync 10 DAGs
[2026-07-01T09:13:11.318+0000] {logging_mixin.py:190} INFO - [2026-07-01T09:13:11.318+0000] {dag.py:4138} INFO - Setting next_dagrun for conditional_dataset_and_time_based_timetable to 2026-07-01 01:00:00+00:00, run_after=2026-07-01 01:00:00+00:00
[2026-07-01T09:13:11.322+0000] {logging_mixin.py:190} INFO - [2026-07-01T09:13:11.322+0000] {dag.py:4138} INFO - Setting next_dagrun for consume_1_and_2_with_dataset_expressions to None, run_after=None
[2026-07-01T09:13:11.325+0000] {logging_mixin.py:190} INFO - [2026-07-01T09:13:11.324+0000] {dag.py:4138} INFO - Setting next_dagrun for consume_1_or_2_with_dataset_expressions to None, run_after=None
[2026-07-01T09:13:11.327+0000] {logging_mixin.py:190} INFO - [2026-07-01T09:13:11.327+0000] {dag.py:4138} INFO - Setting next_dagrun for consume_1_or_both_2_and_3_with_dataset_expressions to None, run_after=None
[2026-07-01T09:13:11.328+0000] {logging_mixin.py:190} INFO - [2026-07-01T09:13:11.328+0000] {dag.py:4138} INFO - Setting next_dagrun for dataset_consumes_1 to None, run_after=None
[2026-07-01T09:13:11.330+0000] {logging_mixin.py:190} INFO - [2026-07-01T09:13:11.329+0000] {dag.py:4138} INFO - Setting next_dagrun for dataset_consumes_1_and_2 to None, run_after=None
[2026-07-01T09:13:11.332+0000] {logging_mixin.py:190} INFO - [2026-07-01T09:13:11.331+0000] {dag.py:4138} INFO - Setting next_dagrun for dataset_consumes_1_never_scheduled to None, run_after=None
[2026-07-01T09:13:11.333+0000] {logging_mixin.py:190} INFO - [2026-07-01T09:13:11.333+0000] {dag.py:4138} INFO - Setting next_dagrun for dataset_consumes_unknown_never_scheduled to None, run_after=None
[2026-07-01T09:13:11.336+0000] {logging_mixin.py:190} INFO - [2026-07-01T09:13:11.335+0000] {dag.py:4138} INFO - Setting next_dagrun for dataset_produces_1 to 2026-06-30 00:00:00+00:00, run_after=2026-07-01 00:00:00+00:00
[2026-07-01T09:13:11.338+0000] {logging_mixin.py:190} INFO - [2026-07-01T09:13:11.337+0000] {dag.py:4138} INFO - Setting next_dagrun for dataset_produces_2 to None, run_after=None
[2026-07-01T09:13:11.383+0000] {processor.py:208} INFO - Processing /home/airflow/.local/lib/python3.12/site-packages/airflow/example_dags/example_datasets.py took 0.299 seconds
[2026-07-01T09:13:42.385+0000] {processor.py:186} INFO - Started process (PID=568) to work on /home/airflow/.local/lib/python3.12/site-packages/airflow/example_dags/example_datasets.py
[2026-07-01T09:13:42.386+0000] {processor.py:914} INFO - Processing file /home/airflow/.local/lib/python3.12/site-packages/airflow/example_dags/example_datasets.py for tasks to queue
[2026-07-01T09:13:42.388+0000] {logging_mixin.py:190} INFO - [2026-07-01T09:13:42.388+0000] {dagbag.py:587} INFO - Filling up the DagBag from /home/airflow/.local/lib/python3.12/site-packages/airflow/example_dags/example_datasets.py
[2026-07-01T09:13:42.505+0000] {processor.py:925} INFO - DAG(s) 'dataset_produces_2', 'dataset_consumes_unknown_never_scheduled', 'conditional_dataset_and_time_based_timetable', 'consume_1_and_2_with_dataset_expressions', 'dataset_consumes_1_and_2', 'consume_1_or_both_2_and_3_with_dataset_expressions', 'dataset_consumes_1', 'dataset_consumes_1_never_scheduled', 'consume_1_or_2_with_dataset_expressions', 'dataset_produces_1' retrieved from /home/airflow/.local/lib/python3.12/site-packages/airflow/example_dags/example_datasets.py
[2026-07-01T09:13:42.543+0000] {logging_mixin.py:190} INFO - [2026-07-01T09:13:42.543+0000] {dag.py:3211} INFO - Sync 10 DAGs
[2026-07-01T09:13:42.563+0000] {logging_mixin.py:190} INFO - [2026-07-01T09:13:42.563+0000] {dag.py:4138} INFO - Setting next_dagrun for conditional_dataset_and_time_based_timetable to 2026-07-01 01:00:00+00:00, run_after=2026-07-01 01:00:00+00:00
[2026-07-01T09:13:42.566+0000] {logging_mixin.py:190} INFO - [2026-07-01T09:13:42.566+0000] {dag.py:4138} INFO - Setting next_dagrun for consume_1_and_2_with_dataset_expressions to None, run_after=None
[2026-07-01T09:13:42.568+0000] {logging_mixin.py:190} INFO - [2026-07-01T09:13:42.568+0000] {dag.py:4138} INFO - Setting next_dagrun for consume_1_or_2_with_dataset_expressions to None, run_after=None
[2026-07-01T09:13:42.569+0000] {logging_mixin.py:190} INFO - [2026-07-01T09:13:42.569+0000] {dag.py:4138} INFO - Setting next_dagrun for consume_1_or_both_2_and_3_with_dataset_expressions to None, run_after=None
[2026-07-01T09:13:42.570+0000] {logging_mixin.py:190} INFO - [2026-07-01T09:13:42.570+0000] {dag.py:4138} INFO - Setting next_dagrun for dataset_consumes_1 to None, run_after=None
[2026-07-01T09:13:42.571+0000] {logging_mixin.py:190} INFO - [2026-07-01T09:13:42.571+0000] {dag.py:4138} INFO - Setting next_dagrun for dataset_consumes_1_and_2 to None, run_after=None
[2026-07-01T09:13:42.572+0000] {logging_mixin.py:190} INFO - [2026-07-01T09:13:42.572+0000] {dag.py:4138} INFO - Setting next_dagrun for dataset_consumes_1_never_scheduled to None, run_after=None
[2026-07-01T09:13:42.573+0000] {logging_mixin.py:190} INFO - [2026-07-01T09:13:42.573+0000] {dag.py:4138} INFO - Setting next_dagrun for dataset_consumes_unknown_never_scheduled to None, run_after=None
[2026-07-01T09:13:42.575+0000] {logging_mixin.py:190} INFO - [2026-07-01T09:13:42.574+0000] {dag.py:4138} INFO - Setting next_dagrun for dataset_produces_1 to 2026-06-30 00:00:00+00:00, run_after=2026-07-01 00:00:00+00:00
[2026-07-01T09:13:42.576+0000] {logging_mixin.py:190} INFO - [2026-07-01T09:13:42.576+0000] {dag.py:4138} INFO - Setting next_dagrun for dataset_produces_2 to None, run_after=None
[2026-07-01T09:13:42.600+0000] {processor.py:208} INFO - Processing /home/airflow/.local/lib/python3.12/site-packages/airflow/example_dags/example_datasets.py took 0.219 seconds
[2026-07-01T09:14:13.551+0000] {processor.py:186} INFO - Started process (PID=631) to work on /home/airflow/.local/lib/python3.12/site-packages/airflow/example_dags/example_datasets.py
[2026-07-01T09:14:13.552+0000] {processor.py:914} INFO - Processing file /home/airflow/.local/lib/python3.12/site-packages/airflow/example_dags/example_datasets.py for tasks to queue
[2026-07-01T09:14:13.554+0000] {logging_mixin.py:190} INFO - [2026-07-01T09:14:13.554+0000] {dagbag.py:587} INFO - Filling up the DagBag from /home/airflow/.local/lib/python3.12/site-packages/airflow/example_dags/example_datasets.py
[2026-07-01T09:14:13.664+0000] {processor.py:925} INFO - DAG(s) 'conditional_dataset_and_time_based_timetable', 'dataset_consumes_1_and_2', 'dataset_consumes_1_never_scheduled', 'consume_1_or_2_with_dataset_expressions', 'dataset_produces_1', 'consume_1_and_2_with_dataset_expressions', 'consume_1_or_both_2_and_3_with_dataset_expressions', 'dataset_produces_2', 'dataset_consumes_unknown_never_scheduled', 'dataset_consumes_1' retrieved from /home/airflow/.local/lib/python3.12/site-packages/airflow/example_dags/example_datasets.py
[2026-07-01T09:14:13.695+0000] {logging_mixin.py:190} INFO - [2026-07-01T09:14:13.695+0000] {dag.py:3211} INFO - Sync 10 DAGs
[2026-07-01T09:14:13.717+0000] {logging_mixin.py:190} INFO - [2026-07-01T09:14:13.716+0000] {dag.py:4138} INFO - Setting next_dagrun for conditional_dataset_and_time_based_timetable to 2026-07-01 01:00:00+00:00, run_after=2026-07-01 01:00:00+00:00
[2026-07-01T09:14:13.723+0000] {logging_mixin.py:190} INFO - [2026-07-01T09:14:13.722+0000] {dag.py:4138} INFO - Setting next_dagrun for consume_1_and_2_with_dataset_expressions to None, run_after=None
[2026-07-01T09:14:13.724+0000] {logging_mixin.py:190} INFO - [2026-07-01T09:14:13.724+0000] {dag.py:4138} INFO - Setting next_dagrun for consume_1_or_2_with_dataset_expressions to None, run_after=None
[2026-07-01T09:14:13.726+0000] {logging_mixin.py:190} INFO - [2026-07-01T09:14:13.725+0000] {dag.py:4138} INFO - Setting next_dagrun for consume_1_or_both_2_and_3_with_dataset_expressions to None, run_after=None
[2026-07-01T09:14:13.727+0000] {logging_mixin.py:190} INFO - [2026-07-01T09:14:13.727+0000] {dag.py:4138} INFO - Setting next_dagrun for dataset_consumes_1 to None, run_after=None
[2026-07-01T09:14:13.728+0000] {logging_mixin.py:190} INFO - [2026-07-01T09:14:13.728+0000] {dag.py:4138} INFO - Setting next_dagrun for dataset_consumes_1_and_2 to None, run_after=None
[2026-07-01T09:14:13.730+0000] {logging_mixin.py:190} INFO - [2026-07-01T09:14:13.729+0000] {dag.py:4138} INFO - Setting next_dagrun for dataset_consumes_1_never_scheduled to None, run_after=None
[2026-07-01T09:14:13.730+0000] {logging_mixin.py:190} INFO - [2026-07-01T09:14:13.730+0000] {dag.py:4138} INFO - Setting next_dagrun for dataset_consumes_unknown_never_scheduled to None, run_after=None
[2026-07-01T09:14:13.732+0000] {logging_mixin.py:190} INFO - [2026-07-01T09:14:13.732+0000] {dag.py:4138} INFO - Setting next_dagrun for dataset_produces_1 to 2026-06-30 00:00:00+00:00, run_after=2026-07-01 00:00:00+00:00
[2026-07-01T09:14:13.733+0000] {logging_mixin.py:190} INFO - [2026-07-01T09:14:13.733+0000] {dag.py:4138} INFO - Setting next_dagrun for dataset_produces_2 to None, run_after=None
[2026-07-01T09:14:13.754+0000] {processor.py:208} INFO - Processing /home/airflow/.local/lib/python3.12/site-packages/airflow/example_dags/example_datasets.py took 0.208 seconds
[2026-07-01T09:14:43.862+0000] {processor.py:186} INFO - Started process (PID=695) to work on /home/airflow/.local/lib/python3.12/site-packages/airflow/example_dags/example_datasets.py
[2026-07-01T09:14:43.864+0000] {processor.py:914} INFO - Processing file /home/airflow/.local/lib/python3.12/site-packages/airflow/example_dags/example_datasets.py for tasks to queue
[2026-07-01T09:14:43.867+0000] {logging_mixin.py:190} INFO - [2026-07-01T09:14:43.866+0000] {dagbag.py:587} INFO - Filling up the DagBag from /home/airflow/.local/lib/python3.12/site-packages/airflow/example_dags/example_datasets.py
[2026-07-01T09:14:43.987+0000] {processor.py:925} INFO - DAG(s) 'conditional_dataset_and_time_based_timetable', 'dataset_consumes_1_and_2', 'consume_1_and_2_with_dataset_expressions', 'dataset_produces_2', 'dataset_consumes_1_never_scheduled', 'consume_1_or_2_with_dataset_expressions', 'dataset_consumes_unknown_never_scheduled', 'dataset_consumes_1', 'dataset_produces_1', 'consume_1_or_both_2_and_3_with_dataset_expressions' retrieved from /home/airflow/.local/lib/python3.12/site-packages/airflow/example_dags/example_datasets.py
[2026-07-01T09:14:44.022+0000] {logging_mixin.py:190} INFO - [2026-07-01T09:14:44.022+0000] {dag.py:3211} INFO - Sync 10 DAGs
[2026-07-01T09:14:44.046+0000] {logging_mixin.py:190} INFO - [2026-07-01T09:14:44.046+0000] {dag.py:4138} INFO - Setting next_dagrun for conditional_dataset_and_time_based_timetable to 2026-07-01 01:00:00+00:00, run_after=2026-07-01 01:00:00+00:00
[2026-07-01T09:14:44.049+0000] {logging_mixin.py:190} INFO - [2026-07-01T09:14:44.049+0000] {dag.py:4138} INFO - Setting next_dagrun for consume_1_and_2_with_dataset_expressions to None, run_after=None
[2026-07-01T09:14:44.051+0000] {logging_mixin.py:190} INFO - [2026-07-01T09:14:44.051+0000] {dag.py:4138} INFO - Setting next_dagrun for consume_1_or_2_with_dataset_expressions to None, run_after=None
[2026-07-01T09:14:44.052+0000] {logging_mixin.py:190} INFO - [2026-07-01T09:14:44.052+0000] {dag.py:4138} INFO - Setting next_dagrun for consume_1_or_both_2_and_3_with_dataset_expressions to None, run_after=None
[2026-07-01T09:14:44.053+0000] {logging_mixin.py:190} INFO - [2026-07-01T09:14:44.053+0000] {dag.py:4138} INFO - Setting next_dagrun for dataset_consumes_1 to None, run_after=None
[2026-07-01T09:14:44.054+0000] {logging_mixin.py:190} INFO - [2026-07-01T09:14:44.054+0000] {dag.py:4138} INFO - Setting next_dagrun for dataset_consumes_1_and_2 to None, run_after=None
[2026-07-01T09:14:44.055+0000] {logging_mixin.py:190} INFO - [2026-07-01T09:14:44.055+0000] {dag.py:4138} INFO - Setting next_dagrun for dataset_consumes_1_never_scheduled to None, run_after=None
[2026-07-01T09:14:44.056+0000] {logging_mixin.py:190} INFO - [2026-07-01T09:14:44.056+0000] {dag.py:4138} INFO - Setting next_dagrun for dataset_consumes_unknown_never_scheduled to None, run_after=None
[2026-07-01T09:14:44.058+0000] {logging_mixin.py:190} INFO - [2026-07-01T09:14:44.058+0000] {dag.py:4138} INFO - Setting next_dagrun for dataset_produces_1 to 2026-06-30 00:00:00+00:00, run_after=2026-07-01 00:00:00+00:00
[2026-07-01T09:14:44.059+0000] {logging_mixin.py:190} INFO - [2026-07-01T09:14:44.059+0000] {dag.py:4138} INFO - Setting next_dagrun for dataset_produces_2 to None, run_after=None
[2026-07-01T09:14:44.085+0000] {processor.py:208} INFO - Processing /home/airflow/.local/lib/python3.12/site-packages/airflow/example_dags/example_datasets.py took 0.228 seconds
[2026-07-01T09:15:14.636+0000] {processor.py:186} INFO - Started process (PID=755) to work on /home/airflow/.local/lib/python3.12/site-packages/airflow/example_dags/example_datasets.py
[2026-07-01T09:15:14.637+0000] {processor.py:914} INFO - Processing file /home/airflow/.local/lib/python3.12/site-packages/airflow/example_dags/example_datasets.py for tasks to queue
[2026-07-01T09:15:14.640+0000] {logging_mixin.py:190} INFO - [2026-07-01T09:15:14.639+0000] {dagbag.py:587} INFO - Filling up the DagBag from /home/airflow/.local/lib/python3.12/site-packages/airflow/example_dags/example_datasets.py
[2026-07-01T09:15:14.768+0000] {processor.py:925} INFO - DAG(s) 'dataset_produces_1', 'conditional_dataset_and_time_based_timetable', 'dataset_consumes_1_and_2', 'consume_1_and_2_with_dataset_expressions', 'consume_1_or_both_2_and_3_with_dataset_expressions', 'dataset_consumes_1_never_scheduled', 'consume_1_or_2_with_dataset_expressions', 'dataset_produces_2', 'dataset_consumes_1', 'dataset_consumes_unknown_never_scheduled' retrieved from /home/airflow/.local/lib/python3.12/site-packages/airflow/example_dags/example_datasets.py
[2026-07-01T09:15:14.807+0000] {logging_mixin.py:190} INFO - [2026-07-01T09:15:14.807+0000] {dag.py:3211} INFO - Sync 10 DAGs
[2026-07-01T09:15:14.840+0000] {logging_mixin.py:190} INFO - [2026-07-01T09:15:14.840+0000] {dag.py:4138} INFO - Setting next_dagrun for conditional_dataset_and_time_based_timetable to 2026-07-01 01:00:00+00:00, run_after=2026-07-01 01:00:00+00:00
[2026-07-01T09:15:14.846+0000] {logging_mixin.py:190} INFO - [2026-07-01T09:15:14.846+0000] {dag.py:4138} INFO - Setting next_dagrun for consume_1_and_2_with_dataset_expressions to None, run_after=None
[2026-07-01T09:15:14.848+0000] {logging_mixin.py:190} INFO - [2026-07-01T09:15:14.848+0000] {dag.py:4138} INFO - Setting next_dagrun for consume_1_or_2_with_dataset_expressions to None, run_after=None
[2026-07-01T09:15:14.849+0000] {logging_mixin.py:190} INFO - [2026-07-01T09:15:14.849+0000] {dag.py:4138} INFO - Setting next_dagrun for consume_1_or_both_2_and_3_with_dataset_expressions to None, run_after=None
[2026-07-01T09:15:14.851+0000] {logging_mixin.py:190} INFO - [2026-07-01T09:15:14.850+0000] {dag.py:4138} INFO - Setting next_dagrun for dataset_consumes_1 to None, run_after=None
[2026-07-01T09:15:14.852+0000] {logging_mixin.py:190} INFO - [2026-07-01T09:15:14.852+0000] {dag.py:4138} INFO - Setting next_dagrun for dataset_consumes_1_and_2 to None, run_after=None
[2026-07-01T09:15:14.853+0000] {logging_mixin.py:190} INFO - [2026-07-01T09:15:14.853+0000] {dag.py:4138} INFO - Setting next_dagrun for dataset_consumes_1_never_scheduled to None, run_after=None
[2026-07-01T09:15:14.854+0000] {logging_mixin.py:190} INFO - [2026-07-01T09:15:14.854+0000] {dag.py:4138} INFO - Setting next_dagrun for dataset_consumes_unknown_never_scheduled to None, run_after=None
[2026-07-01T09:15:14.856+0000] {logging_mixin.py:190} INFO - [2026-07-01T09:15:14.856+0000] {dag.py:4138} INFO - Setting next_dagrun for dataset_produces_1 to 2026-06-30 00:00:00+00:00, run_after=2026-07-01 00:00:00+00:00
[2026-07-01T09:15:14.857+0000] {logging_mixin.py:190} INFO - [2026-07-01T09:15:14.857+0000] {dag.py:4138} INFO - Setting next_dagrun for dataset_produces_2 to None, run_after=None
[2026-07-01T09:15:14.881+0000] {processor.py:208} INFO - Processing /home/airflow/.local/lib/python3.12/site-packages/airflow/example_dags/example_datasets.py took 0.251 seconds
[2026-07-01T09:15:45.593+0000] {processor.py:186} INFO - Started process (PID=817) to work on /home/airflow/.local/lib/python3.12/site-packages/airflow/example_dags/example_datasets.py
[2026-07-01T09:15:45.594+0000] {processor.py:914} INFO - Processing file /home/airflow/.local/lib/python3.12/site-packages/airflow/example_dags/example_datasets.py for tasks to queue
[2026-07-01T09:15:45.596+0000] {logging_mixin.py:190} INFO - [2026-07-01T09:15:45.596+0000] {dagbag.py:587} INFO - Filling up the DagBag from /home/airflow/.local/lib/python3.12/site-packages/airflow/example_dags/example_datasets.py
[2026-07-01T09:15:45.705+0000] {processor.py:925} INFO - DAG(s) 'dataset_produces_1', 'consume_1_or_2_with_dataset_expressions', 'conditional_dataset_and_time_based_timetable', 'dataset_produces_2', 'dataset_consumes_1', 'consume_1_or_both_2_and_3_with_dataset_expressions', 'dataset_consumes_unknown_never_scheduled', 'dataset_consumes_1_and_2', 'dataset_consumes_1_never_scheduled', 'consume_1_and_2_with_dataset_expressions' retrieved from /home/airflow/.local/lib/python3.12/site-packages/airflow/example_dags/example_datasets.py
[2026-07-01T09:15:45.731+0000] {logging_mixin.py:190} INFO - [2026-07-01T09:15:45.731+0000] {dag.py:3211} INFO - Sync 10 DAGs
[2026-07-01T09:15:45.750+0000] {logging_mixin.py:190} INFO - [2026-07-01T09:15:45.750+0000] {dag.py:4138} INFO - Setting next_dagrun for conditional_dataset_and_time_based_timetable to 2026-07-01 01:00:00+00:00, run_after=2026-07-01 01:00:00+00:00
[2026-07-01T09:15:45.753+0000] {logging_mixin.py:190} INFO - [2026-07-01T09:15:45.753+0000] {dag.py:4138} INFO - Setting next_dagrun for consume_1_and_2_with_dataset_expressions to None, run_after=None
[2026-07-01T09:15:45.755+0000] {logging_mixin.py:190} INFO - [2026-07-01T09:15:45.755+0000] {dag.py:4138} INFO - Setting next_dagrun for consume_1_or_2_with_dataset_expressions to None, run_after=None
[2026-07-01T09:15:45.757+0000] {logging_mixin.py:190} INFO - [2026-07-01T09:15:45.757+0000] {dag.py:4138} INFO - Setting next_dagrun for consume_1_or_both_2_and_3_with_dataset_expressions to None, run_after=None
[2026-07-01T09:15:45.761+0000] {logging_mixin.py:190} INFO - [2026-07-01T09:15:45.761+0000] {dag.py:4138} INFO - Setting next_dagrun for dataset_consumes_1 to None, run_after=None
[2026-07-01T09:15:45.763+0000] {logging_mixin.py:190} INFO - [2026-07-01T09:15:45.763+0000] {dag.py:4138} INFO - Setting next_dagrun for dataset_consumes_1_and_2 to None, run_after=None
[2026-07-01T09:15:45.764+0000] {logging_mixin.py:190} INFO - [2026-07-01T09:15:45.764+0000] {dag.py:4138} INFO - Setting next_dagrun for dataset_consumes_1_never_scheduled to None, run_after=None
[2026-07-01T09:15:45.765+0000] {logging_mixin.py:190} INFO - [2026-07-01T09:15:45.765+0000] {dag.py:4138} INFO - Setting next_dagrun for dataset_consumes_unknown_never_scheduled to None, run_after=None
[2026-07-01T09:15:45.767+0000] {logging_mixin.py:190} INFO - [2026-07-01T09:15:45.767+0000] {dag.py:4138} INFO - Setting next_dagrun for dataset_produces_1 to 2026-06-30 00:00:00+00:00, run_after=2026-07-01 00:00:00+00:00
[2026-07-01T09:15:45.768+0000] {logging_mixin.py:190} INFO - [2026-07-01T09:15:45.768+0000] {dag.py:4138} INFO - Setting next_dagrun for dataset_produces_2 to None, run_after=None
[2026-07-01T09:15:45.789+0000] {processor.py:208} INFO - Processing /home/airflow/.local/lib/python3.12/site-packages/airflow/example_dags/example_datasets.py took 0.200 seconds
[2026-07-01T09:16:15.890+0000] {processor.py:186} INFO - Started process (PID=881) to work on /home/airflow/.local/lib/python3.12/site-packages/airflow/example_dags/example_datasets.py
[2026-07-01T09:16:15.891+0000] {processor.py:914} INFO - Processing file /home/airflow/.local/lib/python3.12/site-packages/airflow/example_dags/example_datasets.py for tasks to queue
[2026-07-01T09:16:15.894+0000] {logging_mixin.py:190} INFO - [2026-07-01T09:16:15.893+0000] {dagbag.py:587} INFO - Filling up the DagBag from /home/airflow/.local/lib/python3.12/site-packages/airflow/example_dags/example_datasets.py
[2026-07-01T09:16:16.014+0000] {processor.py:925} INFO - DAG(s) 'consume_1_or_both_2_and_3_with_dataset_expressions', 'conditional_dataset_and_time_based_timetable', 'dataset_produces_2', 'dataset_produces_1', 'dataset_consumes_1_never_scheduled', 'dataset_consumes_unknown_never_scheduled', 'consume_1_or_2_with_dataset_expressions', 'consume_1_and_2_with_dataset_expressions', 'dataset_consumes_1_and_2', 'dataset_consumes_1' retrieved from /home/airflow/.local/lib/python3.12/site-packages/airflow/example_dags/example_datasets.py
[2026-07-01T09:16:16.044+0000] {logging_mixin.py:190} INFO - [2026-07-01T09:16:16.044+0000] {dag.py:3211} INFO - Sync 10 DAGs
[2026-07-01T09:16:16.066+0000] {logging_mixin.py:190} INFO - [2026-07-01T09:16:16.066+0000] {dag.py:4138} INFO - Setting next_dagrun for conditional_dataset_and_time_based_timetable to 2026-07-01 01:00:00+00:00, run_after=2026-07-01 01:00:00+00:00
[2026-07-01T09:16:16.070+0000] {logging_mixin.py:190} INFO - [2026-07-01T09:16:16.069+0000] {dag.py:4138} INFO - Setting next_dagrun for consume_1_and_2_with_dataset_expressions to None, run_after=None
[2026-07-01T09:16:16.072+0000] {logging_mixin.py:190} INFO - [2026-07-01T09:16:16.071+0000] {dag.py:4138} INFO - Setting next_dagrun for consume_1_or_2_with_dataset_expressions to None, run_after=None
[2026-07-01T09:16:16.073+0000] {logging_mixin.py:190} INFO - [2026-07-01T09:16:16.073+0000] {dag.py:4138} INFO - Setting next_dagrun for consume_1_or_both_2_and_3_with_dataset_expressions to None, run_after=None
[2026-07-01T09:16:16.075+0000] {logging_mixin.py:190} INFO - [2026-07-01T09:16:16.074+0000] {dag.py:4138} INFO - Setting next_dagrun for dataset_consumes_1 to None, run_after=None
[2026-07-01T09:16:16.076+0000] {logging_mixin.py:190} INFO - [2026-07-01T09:16:16.076+0000] {dag.py:4138} INFO - Setting next_dagrun for dataset_consumes_1_and_2 to None, run_after=None
[2026-07-01T09:16:16.077+0000] {logging_mixin.py:190} INFO - [2026-07-01T09:16:16.077+0000] {dag.py:4138} INFO - Setting next_dagrun for dataset_consumes_1_never_scheduled to None, run_after=None
[2026-07-01T09:16:16.078+0000] {logging_mixin.py:190} INFO - [2026-07-01T09:16:16.078+0000] {dag.py:4138} INFO - Setting next_dagrun for dataset_consumes_unknown_never_scheduled to None, run_after=None
[2026-07-01T09:16:16.080+0000] {logging_mixin.py:190} INFO - [2026-07-01T09:16:16.080+0000] {dag.py:4138} INFO - Setting next_dagrun for dataset_produces_1 to 2026-06-30 00:00:00+00:00, run_after=2026-07-01 00:00:00+00:00
[2026-07-01T09:16:16.081+0000] {logging_mixin.py:190} INFO - [2026-07-01T09:16:16.081+0000] {dag.py:4138} INFO - Setting next_dagrun for dataset_produces_2 to None, run_after=None
[2026-07-01T09:16:16.110+0000] {processor.py:208} INFO - Processing /home/airflow/.local/lib/python3.12/site-packages/airflow/example_dags/example_datasets.py took 0.224 seconds
[2026-07-01T09:16:46.199+0000] {processor.py:186} INFO - Started process (PID=945) to work on /home/airflow/.local/lib/python3.12/site-packages/airflow/example_dags/example_datasets.py
[2026-07-01T09:16:46.200+0000] {processor.py:914} INFO - Processing file /home/airflow/.local/lib/python3.12/site-packages/airflow/example_dags/example_datasets.py for tasks to queue
[2026-07-01T09:16:46.203+0000] {logging_mixin.py:190} INFO - [2026-07-01T09:16:46.203+0000] {dagbag.py:587} INFO - Filling up the DagBag from /home/airflow/.local/lib/python3.12/site-packages/airflow/example_dags/example_datasets.py
[2026-07-01T09:16:46.324+0000] {processor.py:925} INFO - DAG(s) 'consume_1_or_both_2_and_3_with_dataset_expressions', 'dataset_consumes_1', 'dataset_produces_2', 'consume_1_or_2_with_dataset_expressions', 'dataset_consumes_1_and_2', 'conditional_dataset_and_time_based_timetable', 'dataset_produces_1', 'consume_1_and_2_with_dataset_expressions', 'dataset_consumes_unknown_never_scheduled', 'dataset_consumes_1_never_scheduled' retrieved from /home/airflow/.local/lib/python3.12/site-packages/airflow/example_dags/example_datasets.py
[2026-07-01T09:16:46.363+0000] {logging_mixin.py:190} INFO - [2026-07-01T09:16:46.362+0000] {dag.py:3211} INFO - Sync 10 DAGs
[2026-07-01T09:16:46.386+0000] {logging_mixin.py:190} INFO - [2026-07-01T09:16:46.386+0000] {dag.py:4138} INFO - Setting next_dagrun for conditional_dataset_and_time_based_timetable to 2026-07-01 01:00:00+00:00, run_after=2026-07-01 01:00:00+00:00
[2026-07-01T09:16:46.390+0000] {logging_mixin.py:190} INFO - [2026-07-01T09:16:46.390+0000] {dag.py:4138} INFO - Setting next_dagrun for consume_1_and_2_with_dataset_expressions to None, run_after=None
[2026-07-01T09:16:46.392+0000] {logging_mixin.py:190} INFO - [2026-07-01T09:16:46.392+0000] {dag.py:4138} INFO - Setting next_dagrun for consume_1_or_2_with_dataset_expressions to None, run_after=None
[2026-07-01T09:16:46.394+0000] {logging_mixin.py:190} INFO - [2026-07-01T09:16:46.394+0000] {dag.py:4138} INFO - Setting next_dagrun for consume_1_or_both_2_and_3_with_dataset_expressions to None, run_after=None
[2026-07-01T09:16:46.396+0000] {logging_mixin.py:190} INFO - [2026-07-01T09:16:46.395+0000] {dag.py:4138} INFO - Setting next_dagrun for dataset_consumes_1 to None, run_after=None
[2026-07-01T09:16:46.397+0000] {logging_mixin.py:190} INFO - [2026-07-01T09:16:46.397+0000] {dag.py:4138} INFO - Setting next_dagrun for dataset_consumes_1_and_2 to None, run_after=None
[2026-07-01T09:16:46.400+0000] {logging_mixin.py:190} INFO - [2026-07-01T09:16:46.400+0000] {dag.py:4138} INFO - Setting next_dagrun for dataset_consumes_1_never_scheduled to None, run_after=None
[2026-07-01T09:16:46.401+0000] {logging_mixin.py:190} INFO - [2026-07-01T09:16:46.401+0000] {dag.py:4138} INFO - Setting next_dagrun for dataset_consumes_unknown_never_scheduled to None, run_after=None
[2026-07-01T09:16:46.403+0000] {logging_mixin.py:190} INFO - [2026-07-01T09:16:46.402+0000] {dag.py:4138} INFO - Setting next_dagrun for dataset_produces_1 to 2026-06-30 00:00:00+00:00, run_after=2026-07-01 00:00:00+00:00
[2026-07-01T09:16:46.407+0000] {logging_mixin.py:190} INFO - [2026-07-01T09:16:46.407+0000] {dag.py:4138} INFO - Setting next_dagrun for dataset_produces_2 to None, run_after=None
[2026-07-01T09:16:46.435+0000] {processor.py:208} INFO - Processing /home/airflow/.local/lib/python3.12/site-packages/airflow/example_dags/example_datasets.py took 0.241 seconds
[2026-07-01T09:17:16.514+0000] {processor.py:186} INFO - Started process (PID=1008) to work on /home/airflow/.local/lib/python3.12/site-packages/airflow/example_dags/example_datasets.py
[2026-07-01T09:17:16.516+0000] {processor.py:914} INFO - Processing file /home/airflow/.local/lib/python3.12/site-packages/airflow/example_dags/example_datasets.py for tasks to queue
[2026-07-01T09:17:16.519+0000] {logging_mixin.py:190} INFO - [2026-07-01T09:17:16.518+0000] {dagbag.py:587} INFO - Filling up the DagBag from /home/airflow/.local/lib/python3.12/site-packages/airflow/example_dags/example_datasets.py
[2026-07-01T09:17:16.645+0000] {processor.py:925} INFO - DAG(s) 'consume_1_or_both_2_and_3_with_dataset_expressions', 'dataset_consumes_unknown_never_scheduled', 'consume_1_and_2_with_dataset_expressions', 'dataset_consumes_1_and_2', 'dataset_consumes_1', 'consume_1_or_2_with_dataset_expressions', 'dataset_consumes_1_never_scheduled', 'dataset_produces_2', 'conditional_dataset_and_time_based_timetable', 'dataset_produces_1' retrieved from /home/airflow/.local/lib/python3.12/site-packages/airflow/example_dags/example_datasets.py
[2026-07-01T09:17:16.687+0000] {logging_mixin.py:190} INFO - [2026-07-01T09:17:16.686+0000] {dag.py:3211} INFO - Sync 10 DAGs
[2026-07-01T09:17:16.708+0000] {logging_mixin.py:190} INFO - [2026-07-01T09:17:16.708+0000] {dag.py:4138} INFO - Setting next_dagrun for conditional_dataset_and_time_based_timetable to 2026-07-01 01:00:00+00:00, run_after=2026-07-01 01:00:00+00:00
[2026-07-01T09:17:16.712+0000] {logging_mixin.py:190} INFO - [2026-07-01T09:17:16.711+0000] {dag.py:4138} INFO - Setting next_dagrun for consume_1_and_2_with_dataset_expressions to None, run_after=None
[2026-07-01T09:17:16.713+0000] {logging_mixin.py:190} INFO - [2026-07-01T09:17:16.713+0000] {dag.py:4138} INFO - Setting next_dagrun for consume_1_or_2_with_dataset_expressions to None, run_after=None
[2026-07-01T09:17:16.715+0000] {logging_mixin.py:190} INFO - [2026-07-01T09:17:16.715+0000] {dag.py:4138} INFO - Setting next_dagrun for consume_1_or_both_2_and_3_with_dataset_expressions to None, run_after=None
[2026-07-01T09:17:16.716+0000] {logging_mixin.py:190} INFO - [2026-07-01T09:17:16.716+0000] {dag.py:4138} INFO - Setting next_dagrun for dataset_consumes_1 to None, run_after=None
[2026-07-01T09:17:16.717+0000] {logging_mixin.py:190} INFO - [2026-07-01T09:17:16.717+0000] {dag.py:4138} INFO - Setting next_dagrun for dataset_consumes_1_and_2 to None, run_after=None
[2026-07-01T09:17:16.719+0000] {logging_mixin.py:190} INFO - [2026-07-01T09:17:16.718+0000] {dag.py:4138} INFO - Setting next_dagrun for dataset_consumes_1_never_scheduled to None, run_after=None
[2026-07-01T09:17:16.720+0000] {logging_mixin.py:190} INFO - [2026-07-01T09:17:16.720+0000] {dag.py:4138} INFO - Setting next_dagrun for dataset_consumes_unknown_never_scheduled to None, run_after=None
[2026-07-01T09:17:16.723+0000] {logging_mixin.py:190} INFO - [2026-07-01T09:17:16.723+0000] {dag.py:4138} INFO - Setting next_dagrun for dataset_produces_1 to 2026-06-30 00:00:00+00:00, run_after=2026-07-01 00:00:00+00:00
[2026-07-01T09:17:16.726+0000] {logging_mixin.py:190} INFO - [2026-07-01T09:17:16.726+0000] {dag.py:4138} INFO - Setting next_dagrun for dataset_produces_2 to None, run_after=None
[2026-07-01T09:17:16.755+0000] {processor.py:208} INFO - Processing /home/airflow/.local/lib/python3.12/site-packages/airflow/example_dags/example_datasets.py took 0.247 seconds
[2026-07-01T09:17:46.907+0000] {processor.py:186} INFO - Started process (PID=1070) to work on /home/airflow/.local/lib/python3.12/site-packages/airflow/example_dags/example_datasets.py
[2026-07-01T09:17:46.909+0000] {processor.py:914} INFO - Processing file /home/airflow/.local/lib/python3.12/site-packages/airflow/example_dags/example_datasets.py for tasks to queue
[2026-07-01T09:17:46.911+0000] {logging_mixin.py:190} INFO - [2026-07-01T09:17:46.911+0000] {dagbag.py:587} INFO - Filling up the DagBag from /home/airflow/.local/lib/python3.12/site-packages/airflow/example_dags/example_datasets.py
[2026-07-01T09:17:47.030+0000] {processor.py:925} INFO - DAG(s) 'dataset_produces_2', 'dataset_consumes_1_never_scheduled', 'consume_1_and_2_with_dataset_expressions', 'dataset_consumes_1', 'conditional_dataset_and_time_based_timetable', 'dataset_produces_1', 'consume_1_or_2_with_dataset_expressions', 'dataset_consumes_1_and_2', 'dataset_consumes_unknown_never_scheduled', 'consume_1_or_both_2_and_3_with_dataset_expressions' retrieved from /home/airflow/.local/lib/python3.12/site-packages/airflow/example_dags/example_datasets.py
[2026-07-01T09:17:47.058+0000] {logging_mixin.py:190} INFO - [2026-07-01T09:17:47.058+0000] {dag.py:3211} INFO - Sync 10 DAGs
[2026-07-01T09:17:47.076+0000] {logging_mixin.py:190} INFO - [2026-07-01T09:17:47.075+0000] {dag.py:4138} INFO - Setting next_dagrun for conditional_dataset_and_time_based_timetable to 2026-07-01 01:00:00+00:00, run_after=2026-07-01 01:00:00+00:00
[2026-07-01T09:17:47.078+0000] {logging_mixin.py:190} INFO - [2026-07-01T09:17:47.078+0000] {dag.py:4138} INFO - Setting next_dagrun for consume_1_and_2_with_dataset_expressions to None, run_after=None
[2026-07-01T09:17:47.080+0000] {logging_mixin.py:190} INFO - [2026-07-01T09:17:47.080+0000] {dag.py:4138} INFO - Setting next_dagrun for consume_1_or_2_with_dataset_expressions to None, run_after=None
[2026-07-01T09:17:47.081+0000] {logging_mixin.py:190} INFO - [2026-07-01T09:17:47.081+0000] {dag.py:4138} INFO - Setting next_dagrun for consume_1_or_both_2_and_3_with_dataset_expressions to None, run_after=None
[2026-07-01T09:17:47.082+0000] {logging_mixin.py:190} INFO - [2026-07-01T09:17:47.082+0000] {dag.py:4138} INFO - Setting next_dagrun for dataset_consumes_1 to None, run_after=None
[2026-07-01T09:17:47.083+0000] {logging_mixin.py:190} INFO - [2026-07-01T09:17:47.083+0000] {dag.py:4138} INFO - Setting next_dagrun for dataset_consumes_1_and_2 to None, run_after=None
[2026-07-01T09:17:47.084+0000] {logging_mixin.py:190} INFO - [2026-07-01T09:17:47.084+0000] {dag.py:4138} INFO - Setting next_dagrun for dataset_consumes_1_never_scheduled to None, run_after=None
[2026-07-01T09:17:47.085+0000] {logging_mixin.py:190} INFO - [2026-07-01T09:17:47.085+0000] {dag.py:4138} INFO - Setting next_dagrun for dataset_consumes_unknown_never_scheduled to None, run_after=None
[2026-07-01T09:17:47.087+0000] {logging_mixin.py:190} INFO - [2026-07-01T09:17:47.087+0000] {dag.py:4138} INFO - Setting next_dagrun for dataset_produces_1 to 2026-06-30 00:00:00+00:00, run_after=2026-07-01 00:00:00+00:00
[2026-07-01T09:17:47.088+0000] {logging_mixin.py:190} INFO - [2026-07-01T09:17:47.088+0000] {dag.py:4138} INFO - Setting next_dagrun for dataset_produces_2 to None, run_after=None
[2026-07-01T09:17:47.108+0000] {processor.py:208} INFO - Processing /home/airflow/.local/lib/python3.12/site-packages/airflow/example_dags/example_datasets.py took 0.207 seconds
[2026-07-01T09:18:17.151+0000] {processor.py:186} INFO - Started process (PID=1133) to work on /home/airflow/.local/lib/python3.12/site-packages/airflow/example_dags/example_datasets.py
[2026-07-01T09:18:17.152+0000] {processor.py:914} INFO - Processing file /home/airflow/.local/lib/python3.12/site-packages/airflow/example_dags/example_datasets.py for tasks to queue
[2026-07-01T09:18:17.154+0000] {logging_mixin.py:190} INFO - [2026-07-01T09:18:17.154+0000] {dagbag.py:587} INFO - Filling up the DagBag from /home/airflow/.local/lib/python3.12/site-packages/airflow/example_dags/example_datasets.py
[2026-07-01T09:18:17.248+0000] {processor.py:925} INFO - DAG(s) 'dataset_consumes_1_never_scheduled', 'consume_1_and_2_with_dataset_expressions', 'dataset_consumes_1', 'dataset_produces_1', 'dataset_consumes_1_and_2', 'conditional_dataset_and_time_based_timetable', 'consume_1_or_both_2_and_3_with_dataset_expressions', 'dataset_consumes_unknown_never_scheduled', 'dataset_produces_2', 'consume_1_or_2_with_dataset_expressions' retrieved from /home/airflow/.local/lib/python3.12/site-packages/airflow/example_dags/example_datasets.py
[2026-07-01T09:18:17.275+0000] {logging_mixin.py:190} INFO - [2026-07-01T09:18:17.275+0000] {dag.py:3211} INFO - Sync 10 DAGs
[2026-07-01T09:18:17.291+0000] {logging_mixin.py:190} INFO - [2026-07-01T09:18:17.291+0000] {dag.py:4138} INFO - Setting next_dagrun for conditional_dataset_and_time_based_timetable to 2026-07-01 01:00:00+00:00, run_after=2026-07-01 01:00:00+00:00
[2026-07-01T09:18:17.294+0000] {logging_mixin.py:190} INFO - [2026-07-01T09:18:17.294+0000] {dag.py:4138} INFO - Setting next_dagrun for consume_1_and_2_with_dataset_expressions to None, run_after=None
[2026-07-01T09:18:17.295+0000] {logging_mixin.py:190} INFO - [2026-07-01T09:18:17.295+0000] {dag.py:4138} INFO - Setting next_dagrun for consume_1_or_2_with_dataset_expressions to None, run_after=None
[2026-07-01T09:18:17.296+0000] {logging_mixin.py:190} INFO - [2026-07-01T09:18:17.296+0000] {dag.py:4138} INFO - Setting next_dagrun for consume_1_or_both_2_and_3_with_dataset_expressions to None, run_after=None
[2026-07-01T09:18:17.297+0000] {logging_mixin.py:190} INFO - [2026-07-01T09:18:17.297+0000] {dag.py:4138} INFO - Setting next_dagrun for dataset_consumes_1 to None, run_after=None
[2026-07-01T09:18:17.298+0000] {logging_mixin.py:190} INFO - [2026-07-01T09:18:17.298+0000] {dag.py:4138} INFO - Setting next_dagrun for dataset_consumes_1_and_2 to None, run_after=None
[2026-07-01T09:18:17.299+0000] {logging_mixin.py:190} INFO - [2026-07-01T09:18:17.299+0000] {dag.py:4138} INFO - Setting next_dagrun for dataset_consumes_1_never_scheduled to None, run_after=None
[2026-07-01T09:18:17.299+0000] {logging_mixin.py:190} INFO - [2026-07-01T09:18:17.299+0000] {dag.py:4138} INFO - Setting next_dagrun for dataset_consumes_unknown_never_scheduled to None, run_after=None
[2026-07-01T09:18:17.301+0000] {logging_mixin.py:190} INFO - [2026-07-01T09:18:17.301+0000] {dag.py:4138} INFO - Setting next_dagrun for dataset_produces_1 to 2026-06-30 00:00:00+00:00, run_after=2026-07-01 00:00:00+00:00
[2026-07-01T09:18:17.302+0000] {logging_mixin.py:190} INFO - [2026-07-01T09:18:17.302+0000] {dag.py:4138} INFO - Setting next_dagrun for dataset_produces_2 to None, run_after=None
[2026-07-01T09:18:17.323+0000] {processor.py:208} INFO - Processing /home/airflow/.local/lib/python3.12/site-packages/airflow/example_dags/example_datasets.py took 0.176 seconds
[2026-07-01T09:18:47.601+0000] {processor.py:186} INFO - Started process (PID=1195) to work on /home/airflow/.local/lib/python3.12/site-packages/airflow/example_dags/example_datasets.py
[2026-07-01T09:18:47.602+0000] {processor.py:914} INFO - Processing file /home/airflow/.local/lib/python3.12/site-packages/airflow/example_dags/example_datasets.py for tasks to queue
[2026-07-01T09:18:47.604+0000] {logging_mixin.py:190} INFO - [2026-07-01T09:18:47.604+0000] {dagbag.py:587} INFO - Filling up the DagBag from /home/airflow/.local/lib/python3.12/site-packages/airflow/example_dags/example_datasets.py
[2026-07-01T09:18:47.699+0000] {processor.py:925} INFO - DAG(s) 'dataset_consumes_unknown_never_scheduled', 'dataset_consumes_1', 'consume_1_or_both_2_and_3_with_dataset_expressions', 'consume_1_or_2_with_dataset_expressions', 'dataset_consumes_1_and_2', 'conditional_dataset_and_time_based_timetable', 'dataset_produces_2', 'dataset_consumes_1_never_scheduled', 'consume_1_and_2_with_dataset_expressions', 'dataset_produces_1' retrieved from /home/airflow/.local/lib/python3.12/site-packages/airflow/example_dags/example_datasets.py
[2026-07-01T09:18:47.725+0000] {logging_mixin.py:190} INFO - [2026-07-01T09:18:47.725+0000] {dag.py:3211} INFO - Sync 10 DAGs
[2026-07-01T09:18:47.740+0000] {logging_mixin.py:190} INFO - [2026-07-01T09:18:47.740+0000] {dag.py:4138} INFO - Setting next_dagrun for conditional_dataset_and_time_based_timetable to 2026-07-01 01:00:00+00:00, run_after=2026-07-01 01:00:00+00:00
[2026-07-01T09:18:47.743+0000] {logging_mixin.py:190} INFO - [2026-07-01T09:18:47.743+0000] {dag.py:4138} INFO - Setting next_dagrun for consume_1_and_2_with_dataset_expressions to None, run_after=None
[2026-07-01T09:18:47.744+0000] {logging_mixin.py:190} INFO - [2026-07-01T09:18:47.744+0000] {dag.py:4138} INFO - Setting next_dagrun for consume_1_or_2_with_dataset_expressions to None, run_after=None
[2026-07-01T09:18:47.745+0000] {logging_mixin.py:190} INFO - [2026-07-01T09:18:47.745+0000] {dag.py:4138} INFO - Setting next_dagrun for consume_1_or_both_2_and_3_with_dataset_expressions to None, run_after=None
[2026-07-01T09:18:47.746+0000] {logging_mixin.py:190} INFO - [2026-07-01T09:18:47.746+0000] {dag.py:4138} INFO - Setting next_dagrun for dataset_consumes_1 to None, run_after=None
[2026-07-01T09:18:47.746+0000] {logging_mixin.py:190} INFO - [2026-07-01T09:18:47.746+0000] {dag.py:4138} INFO - Setting next_dagrun for dataset_consumes_1_and_2 to None, run_after=None
[2026-07-01T09:18:47.747+0000] {logging_mixin.py:190} INFO - [2026-07-01T09:18:47.747+0000] {dag.py:4138} INFO - Setting next_dagrun for dataset_consumes_1_never_scheduled to None, run_after=None
[2026-07-01T09:18:47.748+0000] {logging_mixin.py:190} INFO - [2026-07-01T09:18:47.748+0000] {dag.py:4138} INFO - Setting next_dagrun for dataset_consumes_unknown_never_scheduled to None, run_after=None
[2026-07-01T09:18:47.749+0000] {logging_mixin.py:190} INFO - [2026-07-01T09:18:47.749+0000] {dag.py:4138} INFO - Setting next_dagrun for dataset_produces_1 to 2026-06-30 00:00:00+00:00, run_after=2026-07-01 00:00:00+00:00
[2026-07-01T09:18:47.750+0000] {logging_mixin.py:190} INFO - [2026-07-01T09:18:47.750+0000] {dag.py:4138} INFO - Setting next_dagrun for dataset_produces_2 to None, run_after=None
[2026-07-01T09:18:47.768+0000] {processor.py:208} INFO - Processing /home/airflow/.local/lib/python3.12/site-packages/airflow/example_dags/example_datasets.py took 0.172 seconds
[2026-07-01T09:19:18.141+0000] {processor.py:186} INFO - Started process (PID=1251) to work on /home/airflow/.local/lib/python3.12/site-packages/airflow/example_dags/example_datasets.py
[2026-07-01T09:19:18.142+0000] {processor.py:914} INFO - Processing file /home/airflow/.local/lib/python3.12/site-packages/airflow/example_dags/example_datasets.py for tasks to queue
[2026-07-01T09:19:18.143+0000] {logging_mixin.py:190} INFO - [2026-07-01T09:19:18.143+0000] {dagbag.py:587} INFO - Filling up the DagBag from /home/airflow/.local/lib/python3.12/site-packages/airflow/example_dags/example_datasets.py
[2026-07-01T09:19:18.242+0000] {processor.py:925} INFO - DAG(s) 'dataset_produces_2', 'dataset_consumes_1', 'dataset_consumes_1_never_scheduled', 'conditional_dataset_and_time_based_timetable', 'consume_1_and_2_with_dataset_expressions', 'dataset_consumes_unknown_never_scheduled', 'dataset_consumes_1_and_2', 'consume_1_or_2_with_dataset_expressions', 'dataset_produces_1', 'consume_1_or_both_2_and_3_with_dataset_expressions' retrieved from /home/airflow/.local/lib/python3.12/site-packages/airflow/example_dags/example_datasets.py
[2026-07-01T09:19:18.269+0000] {logging_mixin.py:190} INFO - [2026-07-01T09:19:18.269+0000] {dag.py:3211} INFO - Sync 10 DAGs
[2026-07-01T09:19:18.287+0000] {logging_mixin.py:190} INFO - [2026-07-01T09:19:18.287+0000] {dag.py:4138} INFO - Setting next_dagrun for conditional_dataset_and_time_based_timetable to 2026-07-01 01:00:00+00:00, run_after=2026-07-01 01:00:00+00:00
[2026-07-01T09:19:18.290+0000] {logging_mixin.py:190} INFO - [2026-07-01T09:19:18.290+0000] {dag.py:4138} INFO - Setting next_dagrun for consume_1_and_2_with_dataset_expressions to None, run_after=None
[2026-07-01T09:19:18.293+0000] {logging_mixin.py:190} INFO - [2026-07-01T09:19:18.293+0000] {dag.py:4138} INFO - Setting next_dagrun for consume_1_or_2_with_dataset_expressions to None, run_after=None
[2026-07-01T09:19:18.294+0000] {logging_mixin.py:190} INFO - [2026-07-01T09:19:18.294+0000] {dag.py:4138} INFO - Setting next_dagrun for consume_1_or_both_2_and_3_with_dataset_expressions to None, run_after=None
[2026-07-01T09:19:18.296+0000] {logging_mixin.py:190} INFO - [2026-07-01T09:19:18.296+0000] {dag.py:4138} INFO - Setting next_dagrun for dataset_consumes_1 to None, run_after=None
[2026-07-01T09:19:18.298+0000] {logging_mixin.py:190} INFO - [2026-07-01T09:19:18.298+0000] {dag.py:4138} INFO - Setting next_dagrun for dataset_consumes_1_and_2 to None, run_after=None
[2026-07-01T09:19:18.300+0000] {logging_mixin.py:190} INFO - [2026-07-01T09:19:18.299+0000] {dag.py:4138} INFO - Setting next_dagrun for dataset_consumes_1_never_scheduled to None, run_after=None
[2026-07-01T09:19:18.301+0000] {logging_mixin.py:190} INFO - [2026-07-01T09:19:18.301+0000] {dag.py:4138} INFO - Setting next_dagrun for dataset_consumes_unknown_never_scheduled to None, run_after=None
[2026-07-01T09:19:18.303+0000] {logging_mixin.py:190} INFO - [2026-07-01T09:19:18.303+0000] {dag.py:4138} INFO - Setting next_dagrun for dataset_produces_1 to 2026-06-30 00:00:00+00:00, run_after=2026-07-01 00:00:00+00:00
[2026-07-01T09:19:18.304+0000] {logging_mixin.py:190} INFO - [2026-07-01T09:19:18.304+0000] {dag.py:4138} INFO - Setting next_dagrun for dataset_produces_2 to None, run_after=None
[2026-07-01T09:19:18.328+0000] {processor.py:208} INFO - Processing /home/airflow/.local/lib/python3.12/site-packages/airflow/example_dags/example_datasets.py took 0.192 seconds
[2026-07-01T09:19:48.864+0000] {processor.py:186} INFO - Started process (PID=1313) to work on /home/airflow/.local/lib/python3.12/site-packages/airflow/example_dags/example_datasets.py
[2026-07-01T09:19:48.866+0000] {processor.py:914} INFO - Processing file /home/airflow/.local/lib/python3.12/site-packages/airflow/example_dags/example_datasets.py for tasks to queue
[2026-07-01T09:19:48.868+0000] {logging_mixin.py:190} INFO - [2026-07-01T09:19:48.868+0000] {dagbag.py:587} INFO - Filling up the DagBag from /home/airflow/.local/lib/python3.12/site-packages/airflow/example_dags/example_datasets.py
[2026-07-01T09:19:48.986+0000] {processor.py:925} INFO - DAG(s) 'dataset_consumes_unknown_never_scheduled', 'dataset_produces_1', 'dataset_consumes_1_never_scheduled', 'consume_1_or_2_with_dataset_expressions', 'consume_1_and_2_with_dataset_expressions', 'dataset_produces_2', 'conditional_dataset_and_time_based_timetable', 'consume_1_or_both_2_and_3_with_dataset_expressions', 'dataset_consumes_1', 'dataset_consumes_1_and_2' retrieved from /home/airflow/.local/lib/python3.12/site-packages/airflow/example_dags/example_datasets.py
[2026-07-01T09:19:49.016+0000] {logging_mixin.py:190} INFO - [2026-07-01T09:19:49.016+0000] {dag.py:3211} INFO - Sync 10 DAGs
[2026-07-01T09:19:49.037+0000] {logging_mixin.py:190} INFO - [2026-07-01T09:19:49.037+0000] {dag.py:4138} INFO - Setting next_dagrun for conditional_dataset_and_time_based_timetable to 2026-07-01 01:00:00+00:00, run_after=2026-07-01 01:00:00+00:00
[2026-07-01T09:19:49.040+0000] {logging_mixin.py:190} INFO - [2026-07-01T09:19:49.040+0000] {dag.py:4138} INFO - Setting next_dagrun for consume_1_and_2_with_dataset_expressions to None, run_after=None
[2026-07-01T09:19:49.041+0000] {logging_mixin.py:190} INFO - [2026-07-01T09:19:49.041+0000] {dag.py:4138} INFO - Setting next_dagrun for consume_1_or_2_with_dataset_expressions to None, run_after=None
[2026-07-01T09:19:49.042+0000] {logging_mixin.py:190} INFO - [2026-07-01T09:19:49.042+0000] {dag.py:4138} INFO - Setting next_dagrun for consume_1_or_both_2_and_3_with_dataset_expressions to None, run_after=None
[2026-07-01T09:19:49.044+0000] {logging_mixin.py:190} INFO - [2026-07-01T09:19:49.043+0000] {dag.py:4138} INFO - Setting next_dagrun for dataset_consumes_1 to None, run_after=None
[2026-07-01T09:19:49.045+0000] {logging_mixin.py:190} INFO - [2026-07-01T09:19:49.044+0000] {dag.py:4138} INFO - Setting next_dagrun for dataset_consumes_1_and_2 to None, run_after=None
[2026-07-01T09:19:49.046+0000] {logging_mixin.py:190} INFO - [2026-07-01T09:19:49.046+0000] {dag.py:4138} INFO - Setting next_dagrun for dataset_consumes_1_never_scheduled to None, run_after=None
[2026-07-01T09:19:49.046+0000] {logging_mixin.py:190} INFO - [2026-07-01T09:19:49.046+0000] {dag.py:4138} INFO - Setting next_dagrun for dataset_consumes_unknown_never_scheduled to None, run_after=None
[2026-07-01T09:19:49.048+0000] {logging_mixin.py:190} INFO - [2026-07-01T09:19:49.048+0000] {dag.py:4138} INFO - Setting next_dagrun for dataset_produces_1 to 2026-06-30 00:00:00+00:00, run_after=2026-07-01 00:00:00+00:00
[2026-07-01T09:19:49.049+0000] {logging_mixin.py:190} INFO - [2026-07-01T09:19:49.049+0000] {dag.py:4138} INFO - Setting next_dagrun for dataset_produces_2 to None, run_after=None
[2026-07-01T09:19:49.071+0000] {processor.py:208} INFO - Processing /home/airflow/.local/lib/python3.12/site-packages/airflow/example_dags/example_datasets.py took 0.214 seconds
[2026-07-01T09:20:19.567+0000] {processor.py:186} INFO - Started process (PID=1375) to work on /home/airflow/.local/lib/python3.12/site-packages/airflow/example_dags/example_datasets.py
[2026-07-01T09:20:19.568+0000] {processor.py:914} INFO - Processing file /home/airflow/.local/lib/python3.12/site-packages/airflow/example_dags/example_datasets.py for tasks to queue
[2026-07-01T09:20:19.570+0000] {logging_mixin.py:190} INFO - [2026-07-01T09:20:19.570+0000] {dagbag.py:587} INFO - Filling up the DagBag from /home/airflow/.local/lib/python3.12/site-packages/airflow/example_dags/example_datasets.py
[2026-07-01T09:20:19.674+0000] {processor.py:925} INFO - DAG(s) 'dataset_produces_1', 'consume_1_or_2_with_dataset_expressions', 'consume_1_or_both_2_and_3_with_dataset_expressions', 'dataset_consumes_1_and_2', 'dataset_consumes_1', 'consume_1_and_2_with_dataset_expressions', 'conditional_dataset_and_time_based_timetable', 'dataset_produces_2', 'dataset_consumes_unknown_never_scheduled', 'dataset_consumes_1_never_scheduled' retrieved from /home/airflow/.local/lib/python3.12/site-packages/airflow/example_dags/example_datasets.py
[2026-07-01T09:20:19.699+0000] {logging_mixin.py:190} INFO - [2026-07-01T09:20:19.698+0000] {dag.py:3211} INFO - Sync 10 DAGs
[2026-07-01T09:20:19.715+0000] {logging_mixin.py:190} INFO - [2026-07-01T09:20:19.715+0000] {dag.py:4138} INFO - Setting next_dagrun for conditional_dataset_and_time_based_timetable to 2026-07-01 01:00:00+00:00, run_after=2026-07-01 01:00:00+00:00
[2026-07-01T09:20:19.718+0000] {logging_mixin.py:190} INFO - [2026-07-01T09:20:19.717+0000] {dag.py:4138} INFO - Setting next_dagrun for consume_1_and_2_with_dataset_expressions to None, run_after=None
[2026-07-01T09:20:19.719+0000] {logging_mixin.py:190} INFO - [2026-07-01T09:20:19.719+0000] {dag.py:4138} INFO - Setting next_dagrun for consume_1_or_2_with_dataset_expressions to None, run_after=None
[2026-07-01T09:20:19.720+0000] {logging_mixin.py:190} INFO - [2026-07-01T09:20:19.720+0000] {dag.py:4138} INFO - Setting next_dagrun for consume_1_or_both_2_and_3_with_dataset_expressions to None, run_after=None
[2026-07-01T09:20:19.721+0000] {logging_mixin.py:190} INFO - [2026-07-01T09:20:19.721+0000] {dag.py:4138} INFO - Setting next_dagrun for dataset_consumes_1 to None, run_after=None
[2026-07-01T09:20:19.724+0000] {logging_mixin.py:190} INFO - [2026-07-01T09:20:19.724+0000] {dag.py:4138} INFO - Setting next_dagrun for dataset_consumes_1_and_2 to None, run_after=None
[2026-07-01T09:20:19.726+0000] {logging_mixin.py:190} INFO - [2026-07-01T09:20:19.726+0000] {dag.py:4138} INFO - Setting next_dagrun for dataset_consumes_1_never_scheduled to None, run_after=None
[2026-07-01T09:20:19.730+0000] {logging_mixin.py:190} INFO - [2026-07-01T09:20:19.730+0000] {dag.py:4138} INFO - Setting next_dagrun for dataset_consumes_unknown_never_scheduled to None, run_after=None
[2026-07-01T09:20:19.732+0000] {logging_mixin.py:190} INFO - [2026-07-01T09:20:19.732+0000] {dag.py:4138} INFO - Setting next_dagrun for dataset_produces_1 to 2026-06-30 00:00:00+00:00, run_after=2026-07-01 00:00:00+00:00
[2026-07-01T09:20:19.733+0000] {logging_mixin.py:190} INFO - [2026-07-01T09:20:19.733+0000] {dag.py:4138} INFO - Setting next_dagrun for dataset_produces_2 to None, run_after=None
[2026-07-01T09:20:19.756+0000] {processor.py:208} INFO - Processing /home/airflow/.local/lib/python3.12/site-packages/airflow/example_dags/example_datasets.py took 0.192 seconds
[2026-07-01T09:20:50.378+0000] {processor.py:186} INFO - Started process (PID=1437) to work on /home/airflow/.local/lib/python3.12/site-packages/airflow/example_dags/example_datasets.py
[2026-07-01T09:20:50.379+0000] {processor.py:914} INFO - Processing file /home/airflow/.local/lib/python3.12/site-packages/airflow/example_dags/example_datasets.py for tasks to queue
[2026-07-01T09:20:50.381+0000] {logging_mixin.py:190} INFO - [2026-07-01T09:20:50.380+0000] {dagbag.py:587} INFO - Filling up the DagBag from /home/airflow/.local/lib/python3.12/site-packages/airflow/example_dags/example_datasets.py
[2026-07-01T09:20:50.488+0000] {processor.py:925} INFO - DAG(s) 'consume_1_or_2_with_dataset_expressions', 'dataset_consumes_1_never_scheduled', 'dataset_consumes_1_and_2', 'dataset_produces_1', 'dataset_consumes_1', 'dataset_produces_2', 'consume_1_or_both_2_and_3_with_dataset_expressions', 'consume_1_and_2_with_dataset_expressions', 'dataset_consumes_unknown_never_scheduled', 'conditional_dataset_and_time_based_timetable' retrieved from /home/airflow/.local/lib/python3.12/site-packages/airflow/example_dags/example_datasets.py
[2026-07-01T09:20:50.515+0000] {logging_mixin.py:190} INFO - [2026-07-01T09:20:50.515+0000] {dag.py:3211} INFO - Sync 10 DAGs
[2026-07-01T09:20:50.532+0000] {logging_mixin.py:190} INFO - [2026-07-01T09:20:50.532+0000] {dag.py:4138} INFO - Setting next_dagrun for conditional_dataset_and_time_based_timetable to 2026-07-01 01:00:00+00:00, run_after=2026-07-01 01:00:00+00:00
[2026-07-01T09:20:50.536+0000] {logging_mixin.py:190} INFO - [2026-07-01T09:20:50.535+0000] {dag.py:4138} INFO - Setting next_dagrun for consume_1_and_2_with_dataset_expressions to None, run_after=None
[2026-07-01T09:20:50.541+0000] {logging_mixin.py:190} INFO - [2026-07-01T09:20:50.540+0000] {dag.py:4138} INFO - Setting next_dagrun for consume_1_or_2_with_dataset_expressions to None, run_after=None
[2026-07-01T09:20:50.542+0000] {logging_mixin.py:190} INFO - [2026-07-01T09:20:50.542+0000] {dag.py:4138} INFO - Setting next_dagrun for consume_1_or_both_2_and_3_with_dataset_expressions to None, run_after=None
[2026-07-01T09:20:50.544+0000] {logging_mixin.py:190} INFO - [2026-07-01T09:20:50.544+0000] {dag.py:4138} INFO - Setting next_dagrun for dataset_consumes_1 to None, run_after=None
[2026-07-01T09:20:50.545+0000] {logging_mixin.py:190} INFO - [2026-07-01T09:20:50.545+0000] {dag.py:4138} INFO - Setting next_dagrun for dataset_consumes_1_and_2 to None, run_after=None
[2026-07-01T09:20:50.545+0000] {logging_mixin.py:190} INFO - [2026-07-01T09:20:50.545+0000] {dag.py:4138} INFO - Setting next_dagrun for dataset_consumes_1_never_scheduled to None, run_after=None
[2026-07-01T09:20:50.546+0000] {logging_mixin.py:190} INFO - [2026-07-01T09:20:50.546+0000] {dag.py:4138} INFO - Setting next_dagrun for dataset_consumes_unknown_never_scheduled to None, run_after=None
[2026-07-01T09:20:50.547+0000] {logging_mixin.py:190} INFO - [2026-07-01T09:20:50.547+0000] {dag.py:4138} INFO - Setting next_dagrun for dataset_produces_1 to 2026-06-30 00:00:00+00:00, run_after=2026-07-01 00:00:00+00:00
[2026-07-01T09:20:50.548+0000] {logging_mixin.py:190} INFO - [2026-07-01T09:20:50.548+0000] {dag.py:4138} INFO - Setting next_dagrun for dataset_produces_2 to None, run_after=None
[2026-07-01T09:20:50.569+0000] {processor.py:208} INFO - Processing /home/airflow/.local/lib/python3.12/site-packages/airflow/example_dags/example_datasets.py took 0.195 seconds
[2026-07-01T09:21:20.648+0000] {processor.py:186} INFO - Started process (PID=1501) to work on /home/airflow/.local/lib/python3.12/site-packages/airflow/example_dags/example_datasets.py
[2026-07-01T09:21:20.649+0000] {processor.py:914} INFO - Processing file /home/airflow/.local/lib/python3.12/site-packages/airflow/example_dags/example_datasets.py for tasks to queue
[2026-07-01T09:21:20.651+0000] {logging_mixin.py:190} INFO - [2026-07-01T09:21:20.651+0000] {dagbag.py:587} INFO - Filling up the DagBag from /home/airflow/.local/lib/python3.12/site-packages/airflow/example_dags/example_datasets.py
[2026-07-01T09:21:20.753+0000] {processor.py:925} INFO - DAG(s) 'dataset_produces_2', 'dataset_consumes_1_never_scheduled', 'dataset_produces_1', 'dataset_consumes_1', 'dataset_consumes_1_and_2', 'consume_1_or_both_2_and_3_with_dataset_expressions', 'dataset_consumes_unknown_never_scheduled', 'consume_1_and_2_with_dataset_expressions', 'consume_1_or_2_with_dataset_expressions', 'conditional_dataset_and_time_based_timetable' retrieved from /home/airflow/.local/lib/python3.12/site-packages/airflow/example_dags/example_datasets.py
[2026-07-01T09:21:20.786+0000] {logging_mixin.py:190} INFO - [2026-07-01T09:21:20.786+0000] {dag.py:3211} INFO - Sync 10 DAGs
[2026-07-01T09:21:20.805+0000] {logging_mixin.py:190} INFO - [2026-07-01T09:21:20.804+0000] {dag.py:4138} INFO - Setting next_dagrun for conditional_dataset_and_time_based_timetable to 2026-07-01 01:00:00+00:00, run_after=2026-07-01 01:00:00+00:00
[2026-07-01T09:21:20.807+0000] {logging_mixin.py:190} INFO - [2026-07-01T09:21:20.807+0000] {dag.py:4138} INFO - Setting next_dagrun for consume_1_and_2_with_dataset_expressions to None, run_after=None
[2026-07-01T09:21:20.809+0000] {logging_mixin.py:190} INFO - [2026-07-01T09:21:20.808+0000] {dag.py:4138} INFO - Setting next_dagrun for consume_1_or_2_with_dataset_expressions to None, run_after=None
[2026-07-01T09:21:20.810+0000] {logging_mixin.py:190} INFO - [2026-07-01T09:21:20.810+0000] {dag.py:4138} INFO - Setting next_dagrun for consume_1_or_both_2_and_3_with_dataset_expressions to None, run_after=None
[2026-07-01T09:21:20.811+0000] {logging_mixin.py:190} INFO - [2026-07-01T09:21:20.811+0000] {dag.py:4138} INFO - Setting next_dagrun for dataset_consumes_1 to None, run_after=None
[2026-07-01T09:21:20.812+0000] {logging_mixin.py:190} INFO - [2026-07-01T09:21:20.812+0000] {dag.py:4138} INFO - Setting next_dagrun for dataset_consumes_1_and_2 to None, run_after=None
[2026-07-01T09:21:20.813+0000] {logging_mixin.py:190} INFO - [2026-07-01T09:21:20.813+0000] {dag.py:4138} INFO - Setting next_dagrun for dataset_consumes_1_never_scheduled to None, run_after=None
[2026-07-01T09:21:20.814+0000] {logging_mixin.py:190} INFO - [2026-07-01T09:21:20.814+0000] {dag.py:4138} INFO - Setting next_dagrun for dataset_consumes_unknown_never_scheduled to None, run_after=None
[2026-07-01T09:21:20.816+0000] {logging_mixin.py:190} INFO - [2026-07-01T09:21:20.815+0000] {dag.py:4138} INFO - Setting next_dagrun for dataset_produces_1 to 2026-06-30 00:00:00+00:00, run_after=2026-07-01 00:00:00+00:00
[2026-07-01T09:21:20.817+0000] {logging_mixin.py:190} INFO - [2026-07-01T09:21:20.816+0000] {dag.py:4138} INFO - Setting next_dagrun for dataset_produces_2 to None, run_after=None
[2026-07-01T09:21:20.836+0000] {processor.py:208} INFO - Processing /home/airflow/.local/lib/python3.12/site-packages/airflow/example_dags/example_datasets.py took 0.192 seconds
[2026-07-01T09:21:50.905+0000] {processor.py:186} INFO - Started process (PID=1564) to work on /home/airflow/.local/lib/python3.12/site-packages/airflow/example_dags/example_datasets.py
[2026-07-01T09:21:50.906+0000] {processor.py:914} INFO - Processing file /home/airflow/.local/lib/python3.12/site-packages/airflow/example_dags/example_datasets.py for tasks to queue
[2026-07-01T09:21:50.908+0000] {logging_mixin.py:190} INFO - [2026-07-01T09:21:50.908+0000] {dagbag.py:587} INFO - Filling up the DagBag from /home/airflow/.local/lib/python3.12/site-packages/airflow/example_dags/example_datasets.py
[2026-07-01T09:21:51.036+0000] {processor.py:925} INFO - DAG(s) 'dataset_consumes_1', 'dataset_produces_2', 'dataset_consumes_1_never_scheduled', 'consume_1_or_2_with_dataset_expressions', 'dataset_consumes_unknown_never_scheduled', 'dataset_produces_1', 'conditional_dataset_and_time_based_timetable', 'dataset_consumes_1_and_2', 'consume_1_and_2_with_dataset_expressions', 'consume_1_or_both_2_and_3_with_dataset_expressions' retrieved from /home/airflow/.local/lib/python3.12/site-packages/airflow/example_dags/example_datasets.py
[2026-07-01T09:21:51.078+0000] {logging_mixin.py:190} INFO - [2026-07-01T09:21:51.078+0000] {dag.py:3211} INFO - Sync 10 DAGs
[2026-07-01T09:21:51.111+0000] {logging_mixin.py:190} INFO - [2026-07-01T09:21:51.111+0000] {dag.py:4138} INFO - Setting next_dagrun for conditional_dataset_and_time_based_timetable to 2026-07-01 01:00:00+00:00, run_after=2026-07-01 01:00:00+00:00
[2026-07-01T09:21:51.115+0000] {logging_mixin.py:190} INFO - [2026-07-01T09:21:51.115+0000] {dag.py:4138} INFO - Setting next_dagrun for consume_1_and_2_with_dataset_expressions to None, run_after=None
[2026-07-01T09:21:51.117+0000] {logging_mixin.py:190} INFO - [2026-07-01T09:21:51.117+0000] {dag.py:4138} INFO - Setting next_dagrun for consume_1_or_2_with_dataset_expressions to None, run_after=None
[2026-07-01T09:21:51.118+0000] {logging_mixin.py:190} INFO - [2026-07-01T09:21:51.118+0000] {dag.py:4138} INFO - Setting next_dagrun for consume_1_or_both_2_and_3_with_dataset_expressions to None, run_after=None
[2026-07-01T09:21:51.120+0000] {logging_mixin.py:190} INFO - [2026-07-01T09:21:51.120+0000] {dag.py:4138} INFO - Setting next_dagrun for dataset_consumes_1 to None, run_after=None
[2026-07-01T09:21:51.122+0000] {logging_mixin.py:190} INFO - [2026-07-01T09:21:51.122+0000] {dag.py:4138} INFO - Setting next_dagrun for dataset_consumes_1_and_2 to None, run_after=None
[2026-07-01T09:21:51.123+0000] {logging_mixin.py:190} INFO - [2026-07-01T09:21:51.123+0000] {dag.py:4138} INFO - Setting next_dagrun for dataset_consumes_1_never_scheduled to None, run_after=None
[2026-07-01T09:21:51.124+0000] {logging_mixin.py:190} INFO - [2026-07-01T09:21:51.124+0000] {dag.py:4138} INFO - Setting next_dagrun for dataset_consumes_unknown_never_scheduled to None, run_after=None
[2026-07-01T09:21:51.127+0000] {logging_mixin.py:190} INFO - [2026-07-01T09:21:51.126+0000] {dag.py:4138} INFO - Setting next_dagrun for dataset_produces_1 to 2026-06-30 00:00:00+00:00, run_after=2026-07-01 00:00:00+00:00
[2026-07-01T09:21:51.128+0000] {logging_mixin.py:190} INFO - [2026-07-01T09:21:51.128+0000] {dag.py:4138} INFO - Setting next_dagrun for dataset_produces_2 to None, run_after=None
[2026-07-01T09:21:51.163+0000] {processor.py:208} INFO - Processing /home/airflow/.local/lib/python3.12/site-packages/airflow/example_dags/example_datasets.py took 0.263 seconds
[2026-07-01T09:22:21.262+0000] {processor.py:186} INFO - Started process (PID=1626) to work on /home/airflow/.local/lib/python3.12/site-packages/airflow/example_dags/example_datasets.py
[2026-07-01T09:22:21.263+0000] {processor.py:914} INFO - Processing file /home/airflow/.local/lib/python3.12/site-packages/airflow/example_dags/example_datasets.py for tasks to queue
[2026-07-01T09:22:21.266+0000] {logging_mixin.py:190} INFO - [2026-07-01T09:22:21.266+0000] {dagbag.py:587} INFO - Filling up the DagBag from /home/airflow/.local/lib/python3.12/site-packages/airflow/example_dags/example_datasets.py
[2026-07-01T09:22:21.371+0000] {processor.py:925} INFO - DAG(s) 'dataset_consumes_1_and_2', 'consume_1_or_2_with_dataset_expressions', 'dataset_produces_1', 'dataset_consumes_1_never_scheduled', 'conditional_dataset_and_time_based_timetable', 'consume_1_or_both_2_and_3_with_dataset_expressions', 'dataset_consumes_unknown_never_scheduled', 'dataset_produces_2', 'consume_1_and_2_with_dataset_expressions', 'dataset_consumes_1' retrieved from /home/airflow/.local/lib/python3.12/site-packages/airflow/example_dags/example_datasets.py
[2026-07-01T09:22:21.398+0000] {logging_mixin.py:190} INFO - [2026-07-01T09:22:21.398+0000] {dag.py:3211} INFO - Sync 10 DAGs
[2026-07-01T09:22:21.417+0000] {logging_mixin.py:190} INFO - [2026-07-01T09:22:21.417+0000] {dag.py:4138} INFO - Setting next_dagrun for conditional_dataset_and_time_based_timetable to 2026-07-01 01:00:00+00:00, run_after=2026-07-01 01:00:00+00:00
[2026-07-01T09:22:21.421+0000] {logging_mixin.py:190} INFO - [2026-07-01T09:22:21.421+0000] {dag.py:4138} INFO - Setting next_dagrun for consume_1_and_2_with_dataset_expressions to None, run_after=None
[2026-07-01T09:22:21.422+0000] {logging_mixin.py:190} INFO - [2026-07-01T09:22:21.422+0000] {dag.py:4138} INFO - Setting next_dagrun for consume_1_or_2_with_dataset_expressions to None, run_after=None
[2026-07-01T09:22:21.423+0000] {logging_mixin.py:190} INFO - [2026-07-01T09:22:21.423+0000] {dag.py:4138} INFO - Setting next_dagrun for consume_1_or_both_2_and_3_with_dataset_expressions to None, run_after=None
[2026-07-01T09:22:21.425+0000] {logging_mixin.py:190} INFO - [2026-07-01T09:22:21.424+0000] {dag.py:4138} INFO - Setting next_dagrun for dataset_consumes_1 to None, run_after=None
[2026-07-01T09:22:21.426+0000] {logging_mixin.py:190} INFO - [2026-07-01T09:22:21.425+0000] {dag.py:4138} INFO - Setting next_dagrun for dataset_consumes_1_and_2 to None, run_after=None
[2026-07-01T09:22:21.426+0000] {logging_mixin.py:190} INFO - [2026-07-01T09:22:21.426+0000] {dag.py:4138} INFO - Setting next_dagrun for dataset_consumes_1_never_scheduled to None, run_after=None
[2026-07-01T09:22:21.427+0000] {logging_mixin.py:190} INFO - [2026-07-01T09:22:21.427+0000] {dag.py:4138} INFO - Setting next_dagrun for dataset_consumes_unknown_never_scheduled to None, run_after=None
[2026-07-01T09:22:21.429+0000] {logging_mixin.py:190} INFO - [2026-07-01T09:22:21.428+0000] {dag.py:4138} INFO - Setting next_dagrun for dataset_produces_1 to 2026-06-30 00:00:00+00:00, run_after=2026-07-01 00:00:00+00:00
[2026-07-01T09:22:21.430+0000] {logging_mixin.py:190} INFO - [2026-07-01T09:22:21.429+0000] {dag.py:4138} INFO - Setting next_dagrun for dataset_produces_2 to None, run_after=None
[2026-07-01T09:22:21.449+0000] {processor.py:208} INFO - Processing /home/airflow/.local/lib/python3.12/site-packages/airflow/example_dags/example_datasets.py took 0.192 seconds
[2026-07-01T09:22:51.521+0000] {processor.py:186} INFO - Started process (PID=1690) to work on /home/airflow/.local/lib/python3.12/site-packages/airflow/example_dags/example_datasets.py
[2026-07-01T09:22:51.523+0000] {processor.py:914} INFO - Processing file /home/airflow/.local/lib/python3.12/site-packages/airflow/example_dags/example_datasets.py for tasks to queue
[2026-07-01T09:22:51.524+0000] {logging_mixin.py:190} INFO - [2026-07-01T09:22:51.524+0000] {dagbag.py:587} INFO - Filling up the DagBag from /home/airflow/.local/lib/python3.12/site-packages/airflow/example_dags/example_datasets.py
[2026-07-01T09:22:51.620+0000] {processor.py:925} INFO - DAG(s) 'dataset_consumes_1_and_2', 'dataset_consumes_unknown_never_scheduled', 'dataset_consumes_1_never_scheduled', 'consume_1_or_2_with_dataset_expressions', 'consume_1_or_both_2_and_3_with_dataset_expressions', 'dataset_consumes_1', 'dataset_produces_1', 'consume_1_and_2_with_dataset_expressions', 'conditional_dataset_and_time_based_timetable', 'dataset_produces_2' retrieved from /home/airflow/.local/lib/python3.12/site-packages/airflow/example_dags/example_datasets.py
[2026-07-01T09:22:51.645+0000] {logging_mixin.py:190} INFO - [2026-07-01T09:22:51.645+0000] {dag.py:3211} INFO - Sync 10 DAGs
[2026-07-01T09:22:51.664+0000] {logging_mixin.py:190} INFO - [2026-07-01T09:22:51.664+0000] {dag.py:4138} INFO - Setting next_dagrun for conditional_dataset_and_time_based_timetable to 2026-07-01 01:00:00+00:00, run_after=2026-07-01 01:00:00+00:00
[2026-07-01T09:22:51.666+0000] {logging_mixin.py:190} INFO - [2026-07-01T09:22:51.666+0000] {dag.py:4138} INFO - Setting next_dagrun for consume_1_and_2_with_dataset_expressions to None, run_after=None
[2026-07-01T09:22:52.340+0000] {logging_mixin.py:190} INFO - [2026-07-01T09:22:52.340+0000] {dag.py:4138} INFO - Setting next_dagrun for consume_1_or_2_with_dataset_expressions to None, run_after=None
[2026-07-01T09:22:52.342+0000] {logging_mixin.py:190} INFO - [2026-07-01T09:22:52.342+0000] {dag.py:4138} INFO - Setting next_dagrun for consume_1_or_both_2_and_3_with_dataset_expressions to None, run_after=None
[2026-07-01T09:22:52.343+0000] {logging_mixin.py:190} INFO - [2026-07-01T09:22:52.343+0000] {dag.py:4138} INFO - Setting next_dagrun for dataset_consumes_1 to None, run_after=None
[2026-07-01T09:22:52.344+0000] {logging_mixin.py:190} INFO - [2026-07-01T09:22:52.344+0000] {dag.py:4138} INFO - Setting next_dagrun for dataset_consumes_1_and_2 to None, run_after=None
[2026-07-01T09:22:52.344+0000] {logging_mixin.py:190} INFO - [2026-07-01T09:22:52.344+0000] {dag.py:4138} INFO - Setting next_dagrun for dataset_consumes_1_never_scheduled to None, run_after=None
[2026-07-01T09:22:52.345+0000] {logging_mixin.py:190} INFO - [2026-07-01T09:22:52.345+0000] {dag.py:4138} INFO - Setting next_dagrun for dataset_consumes_unknown_never_scheduled to None, run_after=None
[2026-07-01T09:22:52.347+0000] {logging_mixin.py:190} INFO - [2026-07-01T09:22:52.346+0000] {dag.py:4138} INFO - Setting next_dagrun for dataset_produces_1 to 2026-06-30 00:00:00+00:00, run_after=2026-07-01 00:00:00+00:00
[2026-07-01T09:22:52.347+0000] {logging_mixin.py:190} INFO - [2026-07-01T09:22:52.347+0000] {dag.py:4138} INFO - Setting next_dagrun for dataset_produces_2 to None, run_after=None
[2026-07-01T09:22:52.365+0000] {processor.py:208} INFO - Processing /home/airflow/.local/lib/python3.12/site-packages/airflow/example_dags/example_datasets.py took 0.847 seconds
[2026-07-01T09:23:22.667+0000] {processor.py:186} INFO - Started process (PID=1753) to work on /home/airflow/.local/lib/python3.12/site-packages/airflow/example_dags/example_datasets.py
[2026-07-01T09:23:22.667+0000] {processor.py:914} INFO - Processing file /home/airflow/.local/lib/python3.12/site-packages/airflow/example_dags/example_datasets.py for tasks to queue
[2026-07-01T09:23:22.669+0000] {logging_mixin.py:190} INFO - [2026-07-01T09:23:22.669+0000] {dagbag.py:587} INFO - Filling up the DagBag from /home/airflow/.local/lib/python3.12/site-packages/airflow/example_dags/example_datasets.py
[2026-07-01T09:23:22.771+0000] {processor.py:925} INFO - DAG(s) 'consume_1_and_2_with_dataset_expressions', 'consume_1_or_both_2_and_3_with_dataset_expressions', 'dataset_consumes_unknown_never_scheduled', 'dataset_consumes_1', 'dataset_produces_2', 'dataset_consumes_1_never_scheduled', 'dataset_consumes_1_and_2', 'conditional_dataset_and_time_based_timetable', 'consume_1_or_2_with_dataset_expressions', 'dataset_produces_1' retrieved from /home/airflow/.local/lib/python3.12/site-packages/airflow/example_dags/example_datasets.py
[2026-07-01T09:23:22.799+0000] {logging_mixin.py:190} INFO - [2026-07-01T09:23:22.799+0000] {dag.py:3211} INFO - Sync 10 DAGs
[2026-07-01T09:23:22.817+0000] {logging_mixin.py:190} INFO - [2026-07-01T09:23:22.817+0000] {dag.py:4138} INFO - Setting next_dagrun for conditional_dataset_and_time_based_timetable to 2026-07-01 01:00:00+00:00, run_after=2026-07-01 01:00:00+00:00
[2026-07-01T09:23:22.820+0000] {logging_mixin.py:190} INFO - [2026-07-01T09:23:22.820+0000] {dag.py:4138} INFO - Setting next_dagrun for consume_1_and_2_with_dataset_expressions to None, run_after=None
[2026-07-01T09:23:22.822+0000] {logging_mixin.py:190} INFO - [2026-07-01T09:23:22.822+0000] {dag.py:4138} INFO - Setting next_dagrun for consume_1_or_2_with_dataset_expressions to None, run_after=None
[2026-07-01T09:23:22.823+0000] {logging_mixin.py:190} INFO - [2026-07-01T09:23:22.822+0000] {dag.py:4138} INFO - Setting next_dagrun for consume_1_or_both_2_and_3_with_dataset_expressions to None, run_after=None
[2026-07-01T09:23:22.823+0000] {logging_mixin.py:190} INFO - [2026-07-01T09:23:22.823+0000] {dag.py:4138} INFO - Setting next_dagrun for dataset_consumes_1 to None, run_after=None
[2026-07-01T09:23:22.824+0000] {logging_mixin.py:190} INFO - [2026-07-01T09:23:22.824+0000] {dag.py:4138} INFO - Setting next_dagrun for dataset_consumes_1_and_2 to None, run_after=None
[2026-07-01T09:23:22.825+0000] {logging_mixin.py:190} INFO - [2026-07-01T09:23:22.825+0000] {dag.py:4138} INFO - Setting next_dagrun for dataset_consumes_1_never_scheduled to None, run_after=None
[2026-07-01T09:23:22.826+0000] {logging_mixin.py:190} INFO - [2026-07-01T09:23:22.825+0000] {dag.py:4138} INFO - Setting next_dagrun for dataset_consumes_unknown_never_scheduled to None, run_after=None
[2026-07-01T09:23:22.827+0000] {logging_mixin.py:190} INFO - [2026-07-01T09:23:22.827+0000] {dag.py:4138} INFO - Setting next_dagrun for dataset_produces_1 to 2026-06-30 00:00:00+00:00, run_after=2026-07-01 00:00:00+00:00
[2026-07-01T09:23:22.828+0000] {logging_mixin.py:190} INFO - [2026-07-01T09:23:22.827+0000] {dag.py:4138} INFO - Setting next_dagrun for dataset_produces_2 to None, run_after=None
[2026-07-01T09:23:23.011+0000] {processor.py:208} INFO - Processing /home/airflow/.local/lib/python3.12/site-packages/airflow/example_dags/example_datasets.py took 0.349 seconds
[2026-07-01T09:23:53.050+0000] {processor.py:186} INFO - Started process (PID=1815) to work on /home/airflow/.local/lib/python3.12/site-packages/airflow/example_dags/example_datasets.py
[2026-07-01T09:23:53.051+0000] {processor.py:914} INFO - Processing file /home/airflow/.local/lib/python3.12/site-packages/airflow/example_dags/example_datasets.py for tasks to queue
[2026-07-01T09:23:53.053+0000] {logging_mixin.py:190} INFO - [2026-07-01T09:23:53.053+0000] {dagbag.py:587} INFO - Filling up the DagBag from /home/airflow/.local/lib/python3.12/site-packages/airflow/example_dags/example_datasets.py
[2026-07-01T09:23:53.150+0000] {processor.py:925} INFO - DAG(s) 'dataset_consumes_unknown_never_scheduled', 'dataset_consumes_1', 'consume_1_or_2_with_dataset_expressions', 'dataset_produces_1', 'dataset_consumes_1_never_scheduled', 'consume_1_or_both_2_and_3_with_dataset_expressions', 'dataset_produces_2', 'dataset_consumes_1_and_2', 'consume_1_and_2_with_dataset_expressions', 'conditional_dataset_and_time_based_timetable' retrieved from /home/airflow/.local/lib/python3.12/site-packages/airflow/example_dags/example_datasets.py
[2026-07-01T09:23:53.177+0000] {logging_mixin.py:190} INFO - [2026-07-01T09:23:53.176+0000] {dag.py:3211} INFO - Sync 10 DAGs
[2026-07-01T09:23:53.203+0000] {logging_mixin.py:190} INFO - [2026-07-01T09:23:53.202+0000] {dag.py:4138} INFO - Setting next_dagrun for conditional_dataset_and_time_based_timetable to 2026-07-01 01:00:00+00:00, run_after=2026-07-01 01:00:00+00:00
[2026-07-01T09:23:53.205+0000] {logging_mixin.py:190} INFO - [2026-07-01T09:23:53.205+0000] {dag.py:4138} INFO - Setting next_dagrun for consume_1_and_2_with_dataset_expressions to None, run_after=None
[2026-07-01T09:23:53.206+0000] {logging_mixin.py:190} INFO - [2026-07-01T09:23:53.206+0000] {dag.py:4138} INFO - Setting next_dagrun for consume_1_or_2_with_dataset_expressions to None, run_after=None
[2026-07-01T09:23:53.207+0000] {logging_mixin.py:190} INFO - [2026-07-01T09:23:53.207+0000] {dag.py:4138} INFO - Setting next_dagrun for consume_1_or_both_2_and_3_with_dataset_expressions to None, run_after=None
[2026-07-01T09:23:53.208+0000] {logging_mixin.py:190} INFO - [2026-07-01T09:23:53.208+0000] {dag.py:4138} INFO - Setting next_dagrun for dataset_consumes_1 to None, run_after=None
[2026-07-01T09:23:53.209+0000] {logging_mixin.py:190} INFO - [2026-07-01T09:23:53.209+0000] {dag.py:4138} INFO - Setting next_dagrun for dataset_consumes_1_and_2 to None, run_after=None
[2026-07-01T09:23:53.210+0000] {logging_mixin.py:190} INFO - [2026-07-01T09:23:53.210+0000] {dag.py:4138} INFO - Setting next_dagrun for dataset_consumes_1_never_scheduled to None, run_after=None
[2026-07-01T09:23:53.211+0000] {logging_mixin.py:190} INFO - [2026-07-01T09:23:53.211+0000] {dag.py:4138} INFO - Setting next_dagrun for dataset_consumes_unknown_never_scheduled to None, run_after=None
[2026-07-01T09:23:53.212+0000] {logging_mixin.py:190} INFO - [2026-07-01T09:23:53.212+0000] {dag.py:4138} INFO - Setting next_dagrun for dataset_produces_1 to 2026-06-30 00:00:00+00:00, run_after=2026-07-01 00:00:00+00:00
[2026-07-01T09:23:53.213+0000] {logging_mixin.py:190} INFO - [2026-07-01T09:23:53.213+0000] {dag.py:4138} INFO - Setting next_dagrun for dataset_produces_2 to None, run_after=None
[2026-07-01T09:23:53.235+0000] {processor.py:208} INFO - Processing /home/airflow/.local/lib/python3.12/site-packages/airflow/example_dags/example_datasets.py took 0.189 seconds
[2026-07-01T09:24:23.314+0000] {processor.py:186} INFO - Started process (PID=1877) to work on /home/airflow/.local/lib/python3.12/site-packages/airflow/example_dags/example_datasets.py
[2026-07-01T09:24:23.315+0000] {processor.py:914} INFO - Processing file /home/airflow/.local/lib/python3.12/site-packages/airflow/example_dags/example_datasets.py for tasks to queue
[2026-07-01T09:24:23.317+0000] {logging_mixin.py:190} INFO - [2026-07-01T09:24:23.316+0000] {dagbag.py:587} INFO - Filling up the DagBag from /home/airflow/.local/lib/python3.12/site-packages/airflow/example_dags/example_datasets.py
[2026-07-01T09:24:23.432+0000] {processor.py:925} INFO - DAG(s) 'conditional_dataset_and_time_based_timetable', 'dataset_consumes_1_and_2', 'dataset_produces_1', 'consume_1_or_both_2_and_3_with_dataset_expressions', 'dataset_consumes_unknown_never_scheduled', 'dataset_consumes_1_never_scheduled', 'dataset_produces_2', 'dataset_consumes_1', 'consume_1_or_2_with_dataset_expressions', 'consume_1_and_2_with_dataset_expressions' retrieved from /home/airflow/.local/lib/python3.12/site-packages/airflow/example_dags/example_datasets.py
[2026-07-01T09:24:23.469+0000] {logging_mixin.py:190} INFO - [2026-07-01T09:24:23.469+0000] {dag.py:3211} INFO - Sync 10 DAGs
[2026-07-01T09:24:23.491+0000] {logging_mixin.py:190} INFO - [2026-07-01T09:24:23.491+0000] {dag.py:4138} INFO - Setting next_dagrun for conditional_dataset_and_time_based_timetable to 2026-07-01 01:00:00+00:00, run_after=2026-07-01 01:00:00+00:00
[2026-07-01T09:24:23.494+0000] {logging_mixin.py:190} INFO - [2026-07-01T09:24:23.494+0000] {dag.py:4138} INFO - Setting next_dagrun for consume_1_and_2_with_dataset_expressions to None, run_after=None
[2026-07-01T09:24:23.495+0000] {logging_mixin.py:190} INFO - [2026-07-01T09:24:23.495+0000] {dag.py:4138} INFO - Setting next_dagrun for consume_1_or_2_with_dataset_expressions to None, run_after=None
[2026-07-01T09:24:23.496+0000] {logging_mixin.py:190} INFO - [2026-07-01T09:24:23.496+0000] {dag.py:4138} INFO - Setting next_dagrun for consume_1_or_both_2_and_3_with_dataset_expressions to None, run_after=None
[2026-07-01T09:24:23.498+0000] {logging_mixin.py:190} INFO - [2026-07-01T09:24:23.498+0000] {dag.py:4138} INFO - Setting next_dagrun for dataset_consumes_1 to None, run_after=None
[2026-07-01T09:24:23.499+0000] {logging_mixin.py:190} INFO - [2026-07-01T09:24:23.499+0000] {dag.py:4138} INFO - Setting next_dagrun for dataset_consumes_1_and_2 to None, run_after=None
[2026-07-01T09:24:23.500+0000] {logging_mixin.py:190} INFO - [2026-07-01T09:24:23.499+0000] {dag.py:4138} INFO - Setting next_dagrun for dataset_consumes_1_never_scheduled to None, run_after=None
[2026-07-01T09:24:23.501+0000] {logging_mixin.py:190} INFO - [2026-07-01T09:24:23.501+0000] {dag.py:4138} INFO - Setting next_dagrun for dataset_consumes_unknown_never_scheduled to None, run_after=None
[2026-07-01T09:24:23.502+0000] {logging_mixin.py:190} INFO - [2026-07-01T09:24:23.502+0000] {dag.py:4138} INFO - Setting next_dagrun for dataset_produces_1 to 2026-06-30 00:00:00+00:00, run_after=2026-07-01 00:00:00+00:00
[2026-07-01T09:24:23.503+0000] {logging_mixin.py:190} INFO - [2026-07-01T09:24:23.503+0000] {dag.py:4138} INFO - Setting next_dagrun for dataset_produces_2 to None, run_after=None
[2026-07-01T09:24:23.527+0000] {processor.py:208} INFO - Processing /home/airflow/.local/lib/python3.12/site-packages/airflow/example_dags/example_datasets.py took 0.217 seconds
[2026-07-01T09:24:53.565+0000] {processor.py:186} INFO - Started process (PID=1939) to work on /home/airflow/.local/lib/python3.12/site-packages/airflow/example_dags/example_datasets.py
[2026-07-01T09:24:53.567+0000] {processor.py:914} INFO - Processing file /home/airflow/.local/lib/python3.12/site-packages/airflow/example_dags/example_datasets.py for tasks to queue
[2026-07-01T09:24:53.568+0000] {logging_mixin.py:190} INFO - [2026-07-01T09:24:53.568+0000] {dagbag.py:587} INFO - Filling up the DagBag from /home/airflow/.local/lib/python3.12/site-packages/airflow/example_dags/example_datasets.py
[2026-07-01T09:24:53.661+0000] {processor.py:925} INFO - DAG(s) 'dataset_produces_2', 'dataset_consumes_1_never_scheduled', 'consume_1_or_both_2_and_3_with_dataset_expressions', 'consume_1_and_2_with_dataset_expressions', 'dataset_consumes_1', 'dataset_produces_1', 'dataset_consumes_1_and_2', 'conditional_dataset_and_time_based_timetable', 'dataset_consumes_unknown_never_scheduled', 'consume_1_or_2_with_dataset_expressions' retrieved from /home/airflow/.local/lib/python3.12/site-packages/airflow/example_dags/example_datasets.py
[2026-07-01T09:24:53.689+0000] {logging_mixin.py:190} INFO - [2026-07-01T09:24:53.689+0000] {dag.py:3211} INFO - Sync 10 DAGs
[2026-07-01T09:24:53.706+0000] {logging_mixin.py:190} INFO - [2026-07-01T09:24:53.706+0000] {dag.py:4138} INFO - Setting next_dagrun for conditional_dataset_and_time_based_timetable to 2026-07-01 01:00:00+00:00, run_after=2026-07-01 01:00:00+00:00
[2026-07-01T09:24:53.709+0000] {logging_mixin.py:190} INFO - [2026-07-01T09:24:53.709+0000] {dag.py:4138} INFO - Setting next_dagrun for consume_1_and_2_with_dataset_expressions to None, run_after=None
[2026-07-01T09:24:53.710+0000] {logging_mixin.py:190} INFO - [2026-07-01T09:24:53.710+0000] {dag.py:4138} INFO - Setting next_dagrun for consume_1_or_2_with_dataset_expressions to None, run_after=None
[2026-07-01T09:24:53.711+0000] {logging_mixin.py:190} INFO - [2026-07-01T09:24:53.711+0000] {dag.py:4138} INFO - Setting next_dagrun for consume_1_or_both_2_and_3_with_dataset_expressions to None, run_after=None
[2026-07-01T09:24:53.712+0000] {logging_mixin.py:190} INFO - [2026-07-01T09:24:53.712+0000] {dag.py:4138} INFO - Setting next_dagrun for dataset_consumes_1 to None, run_after=None
[2026-07-01T09:24:53.713+0000] {logging_mixin.py:190} INFO - [2026-07-01T09:24:53.713+0000] {dag.py:4138} INFO - Setting next_dagrun for dataset_consumes_1_and_2 to None, run_after=None
[2026-07-01T09:24:53.713+0000] {logging_mixin.py:190} INFO - [2026-07-01T09:24:53.713+0000] {dag.py:4138} INFO - Setting next_dagrun for dataset_consumes_1_never_scheduled to None, run_after=None
[2026-07-01T09:24:53.715+0000] {logging_mixin.py:190} INFO - [2026-07-01T09:24:53.714+0000] {dag.py:4138} INFO - Setting next_dagrun for dataset_consumes_unknown_never_scheduled to None, run_after=None
[2026-07-01T09:24:53.716+0000] {logging_mixin.py:190} INFO - [2026-07-01T09:24:53.716+0000] {dag.py:4138} INFO - Setting next_dagrun for dataset_produces_1 to 2026-06-30 00:00:00+00:00, run_after=2026-07-01 00:00:00+00:00
[2026-07-01T09:24:53.717+0000] {logging_mixin.py:190} INFO - [2026-07-01T09:24:53.717+0000] {dag.py:4138} INFO - Setting next_dagrun for dataset_produces_2 to None, run_after=None
[2026-07-01T09:24:53.738+0000] {processor.py:208} INFO - Processing /home/airflow/.local/lib/python3.12/site-packages/airflow/example_dags/example_datasets.py took 0.177 seconds
[2026-07-01T09:25:24.669+0000] {processor.py:186} INFO - Started process (PID=2001) to work on /home/airflow/.local/lib/python3.12/site-packages/airflow/example_dags/example_datasets.py
[2026-07-01T09:25:24.669+0000] {processor.py:914} INFO - Processing file /home/airflow/.local/lib/python3.12/site-packages/airflow/example_dags/example_datasets.py for tasks to queue
[2026-07-01T09:25:24.672+0000] {logging_mixin.py:190} INFO - [2026-07-01T09:25:24.671+0000] {dagbag.py:587} INFO - Filling up the DagBag from /home/airflow/.local/lib/python3.12/site-packages/airflow/example_dags/example_datasets.py
[2026-07-01T09:25:24.779+0000] {processor.py:925} INFO - DAG(s) 'dataset_consumes_unknown_never_scheduled', 'consume_1_or_both_2_and_3_with_dataset_expressions', 'conditional_dataset_and_time_based_timetable', 'dataset_consumes_1_never_scheduled', 'dataset_consumes_1_and_2', 'consume_1_and_2_with_dataset_expressions', 'dataset_produces_1', 'dataset_produces_2', 'consume_1_or_2_with_dataset_expressions', 'dataset_consumes_1' retrieved from /home/airflow/.local/lib/python3.12/site-packages/airflow/example_dags/example_datasets.py
[2026-07-01T09:25:24.806+0000] {logging_mixin.py:190} INFO - [2026-07-01T09:25:24.806+0000] {dag.py:3211} INFO - Sync 10 DAGs
[2026-07-01T09:25:24.965+0000] {logging_mixin.py:190} INFO - [2026-07-01T09:25:24.965+0000] {dag.py:4138} INFO - Setting next_dagrun for conditional_dataset_and_time_based_timetable to 2026-07-01 01:00:00+00:00, run_after=2026-07-01 01:00:00+00:00
[2026-07-01T09:25:24.969+0000] {logging_mixin.py:190} INFO - [2026-07-01T09:25:24.969+0000] {dag.py:4138} INFO - Setting next_dagrun for consume_1_and_2_with_dataset_expressions to None, run_after=None
[2026-07-01T09:25:24.971+0000] {logging_mixin.py:190} INFO - [2026-07-01T09:25:24.971+0000] {dag.py:4138} INFO - Setting next_dagrun for consume_1_or_2_with_dataset_expressions to None, run_after=None
[2026-07-01T09:25:24.972+0000] {logging_mixin.py:190} INFO - [2026-07-01T09:25:24.972+0000] {dag.py:4138} INFO - Setting next_dagrun for consume_1_or_both_2_and_3_with_dataset_expressions to None, run_after=None
[2026-07-01T09:25:24.973+0000] {logging_mixin.py:190} INFO - [2026-07-01T09:25:24.973+0000] {dag.py:4138} INFO - Setting next_dagrun for dataset_consumes_1 to None, run_after=None
[2026-07-01T09:25:24.975+0000] {logging_mixin.py:190} INFO - [2026-07-01T09:25:24.974+0000] {dag.py:4138} INFO - Setting next_dagrun for dataset_consumes_1_and_2 to None, run_after=None
[2026-07-01T09:25:24.976+0000] {logging_mixin.py:190} INFO - [2026-07-01T09:25:24.976+0000] {dag.py:4138} INFO - Setting next_dagrun for dataset_consumes_1_never_scheduled to None, run_after=None
[2026-07-01T09:25:24.977+0000] {logging_mixin.py:190} INFO - [2026-07-01T09:25:24.977+0000] {dag.py:4138} INFO - Setting next_dagrun for dataset_consumes_unknown_never_scheduled to None, run_after=None
[2026-07-01T09:25:24.979+0000] {logging_mixin.py:190} INFO - [2026-07-01T09:25:24.979+0000] {dag.py:4138} INFO - Setting next_dagrun for dataset_produces_1 to 2026-06-30 00:00:00+00:00, run_after=2026-07-01 00:00:00+00:00
[2026-07-01T09:25:24.980+0000] {logging_mixin.py:190} INFO - [2026-07-01T09:25:24.980+0000] {dag.py:4138} INFO - Setting next_dagrun for dataset_produces_2 to None, run_after=None
[2026-07-01T09:25:25.000+0000] {processor.py:208} INFO - Processing /home/airflow/.local/lib/python3.12/site-packages/airflow/example_dags/example_datasets.py took 0.335 seconds
[2026-07-01T09:30:06.688+0000] {processor.py:186} INFO - Started process (PID=2048) to work on /home/airflow/.local/lib/python3.12/site-packages/airflow/example_dags/example_datasets.py
[2026-07-01T09:30:06.689+0000] {processor.py:914} INFO - Processing file /home/airflow/.local/lib/python3.12/site-packages/airflow/example_dags/example_datasets.py for tasks to queue
[2026-07-01T09:30:06.691+0000] {logging_mixin.py:190} INFO - [2026-07-01T09:30:06.690+0000] {dagbag.py:587} INFO - Filling up the DagBag from /home/airflow/.local/lib/python3.12/site-packages/airflow/example_dags/example_datasets.py
[2026-07-01T09:30:06.792+0000] {processor.py:925} INFO - DAG(s) 'dataset_produces_2', 'conditional_dataset_and_time_based_timetable', 'dataset_consumes_1_and_2', 'dataset_consumes_1_never_scheduled', 'consume_1_and_2_with_dataset_expressions', 'consume_1_or_2_with_dataset_expressions', 'dataset_consumes_1', 'dataset_produces_1', 'dataset_consumes_unknown_never_scheduled', 'consume_1_or_both_2_and_3_with_dataset_expressions' retrieved from /home/airflow/.local/lib/python3.12/site-packages/airflow/example_dags/example_datasets.py
[2026-07-01T09:30:06.824+0000] {logging_mixin.py:190} INFO - [2026-07-01T09:30:06.824+0000] {dag.py:3211} INFO - Sync 10 DAGs
[2026-07-01T09:30:07.001+0000] {logging_mixin.py:190} INFO - [2026-07-01T09:30:07.001+0000] {dag.py:4138} INFO - Setting next_dagrun for conditional_dataset_and_time_based_timetable to 2026-07-01 01:00:00+00:00, run_after=2026-07-01 01:00:00+00:00
[2026-07-01T09:30:07.004+0000] {logging_mixin.py:190} INFO - [2026-07-01T09:30:07.004+0000] {dag.py:4138} INFO - Setting next_dagrun for consume_1_and_2_with_dataset_expressions to None, run_after=None
[2026-07-01T09:30:07.005+0000] {logging_mixin.py:190} INFO - [2026-07-01T09:30:07.005+0000] {dag.py:4138} INFO - Setting next_dagrun for consume_1_or_2_with_dataset_expressions to None, run_after=None
[2026-07-01T09:30:07.006+0000] {logging_mixin.py:190} INFO - [2026-07-01T09:30:07.006+0000] {dag.py:4138} INFO - Setting next_dagrun for consume_1_or_both_2_and_3_with_dataset_expressions to None, run_after=None
[2026-07-01T09:30:07.007+0000] {logging_mixin.py:190} INFO - [2026-07-01T09:30:07.006+0000] {dag.py:4138} INFO - Setting next_dagrun for dataset_consumes_1 to None, run_after=None
[2026-07-01T09:30:07.007+0000] {logging_mixin.py:190} INFO - [2026-07-01T09:30:07.007+0000] {dag.py:4138} INFO - Setting next_dagrun for dataset_consumes_1_and_2 to None, run_after=None
[2026-07-01T09:30:07.008+0000] {logging_mixin.py:190} INFO - [2026-07-01T09:30:07.008+0000] {dag.py:4138} INFO - Setting next_dagrun for dataset_consumes_1_never_scheduled to None, run_after=None
[2026-07-01T09:30:07.009+0000] {logging_mixin.py:190} INFO - [2026-07-01T09:30:07.009+0000] {dag.py:4138} INFO - Setting next_dagrun for dataset_consumes_unknown_never_scheduled to None, run_after=None
[2026-07-01T09:30:07.011+0000] {logging_mixin.py:190} INFO - [2026-07-01T09:30:07.011+0000] {dag.py:4138} INFO - Setting next_dagrun for dataset_produces_1 to 2026-06-30 00:00:00+00:00, run_after=2026-07-01 00:00:00+00:00
[2026-07-01T09:30:07.012+0000] {logging_mixin.py:190} INFO - [2026-07-01T09:30:07.012+0000] {dag.py:4138} INFO - Setting next_dagrun for dataset_produces_2 to None, run_after=None
[2026-07-01T09:30:07.033+0000] {processor.py:208} INFO - Processing /home/airflow/.local/lib/python3.12/site-packages/airflow/example_dags/example_datasets.py took 0.349 seconds
[2026-07-01T09:30:37.562+0000] {processor.py:186} INFO - Started process (PID=2110) to work on /home/airflow/.local/lib/python3.12/site-packages/airflow/example_dags/example_datasets.py
[2026-07-01T09:30:37.563+0000] {processor.py:914} INFO - Processing file /home/airflow/.local/lib/python3.12/site-packages/airflow/example_dags/example_datasets.py for tasks to queue
[2026-07-01T09:30:37.565+0000] {logging_mixin.py:190} INFO - [2026-07-01T09:30:37.565+0000] {dagbag.py:587} INFO - Filling up the DagBag from /home/airflow/.local/lib/python3.12/site-packages/airflow/example_dags/example_datasets.py
[2026-07-01T09:30:37.682+0000] {processor.py:925} INFO - DAG(s) 'dataset_produces_2', 'consume_1_or_2_with_dataset_expressions', 'dataset_consumes_1_and_2', 'dataset_produces_1', 'consume_1_or_both_2_and_3_with_dataset_expressions', 'dataset_consumes_1', 'dataset_consumes_unknown_never_scheduled', 'consume_1_and_2_with_dataset_expressions', 'conditional_dataset_and_time_based_timetable', 'dataset_consumes_1_never_scheduled' retrieved from /home/airflow/.local/lib/python3.12/site-packages/airflow/example_dags/example_datasets.py
[2026-07-01T09:30:37.709+0000] {logging_mixin.py:190} INFO - [2026-07-01T09:30:37.709+0000] {dag.py:3211} INFO - Sync 10 DAGs
[2026-07-01T09:30:37.857+0000] {logging_mixin.py:190} INFO - [2026-07-01T09:30:37.857+0000] {dag.py:4138} INFO - Setting next_dagrun for conditional_dataset_and_time_based_timetable to 2026-07-01 01:00:00+00:00, run_after=2026-07-01 01:00:00+00:00
[2026-07-01T09:30:37.860+0000] {logging_mixin.py:190} INFO - [2026-07-01T09:30:37.860+0000] {dag.py:4138} INFO - Setting next_dagrun for consume_1_and_2_with_dataset_expressions to None, run_after=None
[2026-07-01T09:30:37.861+0000] {logging_mixin.py:190} INFO - [2026-07-01T09:30:37.861+0000] {dag.py:4138} INFO - Setting next_dagrun for consume_1_or_2_with_dataset_expressions to None, run_after=None
[2026-07-01T09:30:37.863+0000] {logging_mixin.py:190} INFO - [2026-07-01T09:30:37.863+0000] {dag.py:4138} INFO - Setting next_dagrun for consume_1_or_both_2_and_3_with_dataset_expressions to None, run_after=None
[2026-07-01T09:30:37.864+0000] {logging_mixin.py:190} INFO - [2026-07-01T09:30:37.864+0000] {dag.py:4138} INFO - Setting next_dagrun for dataset_consumes_1 to None, run_after=None
[2026-07-01T09:30:37.865+0000] {logging_mixin.py:190} INFO - [2026-07-01T09:30:37.865+0000] {dag.py:4138} INFO - Setting next_dagrun for dataset_consumes_1_and_2 to None, run_after=None
[2026-07-01T09:30:37.866+0000] {logging_mixin.py:190} INFO - [2026-07-01T09:30:37.866+0000] {dag.py:4138} INFO - Setting next_dagrun for dataset_consumes_1_never_scheduled to None, run_after=None
[2026-07-01T09:30:37.866+0000] {logging_mixin.py:190} INFO - [2026-07-01T09:30:37.866+0000] {dag.py:4138} INFO - Setting next_dagrun for dataset_consumes_unknown_never_scheduled to None, run_after=None
[2026-07-01T09:30:37.868+0000] {logging_mixin.py:190} INFO - [2026-07-01T09:30:37.868+0000] {dag.py:4138} INFO - Setting next_dagrun for dataset_produces_1 to 2026-06-30 00:00:00+00:00, run_after=2026-07-01 00:00:00+00:00
[2026-07-01T09:30:37.869+0000] {logging_mixin.py:190} INFO - [2026-07-01T09:30:37.869+0000] {dag.py:4138} INFO - Setting next_dagrun for dataset_produces_2 to None, run_after=None
[2026-07-01T09:30:37.889+0000] {processor.py:208} INFO - Processing /home/airflow/.local/lib/python3.12/site-packages/airflow/example_dags/example_datasets.py took 0.333 seconds
[2026-07-01T09:31:08.190+0000] {processor.py:186} INFO - Started process (PID=2175) to work on /home/airflow/.local/lib/python3.12/site-packages/airflow/example_dags/example_datasets.py
[2026-07-01T09:31:08.191+0000] {processor.py:914} INFO - Processing file /home/airflow/.local/lib/python3.12/site-packages/airflow/example_dags/example_datasets.py for tasks to queue
[2026-07-01T09:31:08.194+0000] {logging_mixin.py:190} INFO - [2026-07-01T09:31:08.193+0000] {dagbag.py:587} INFO - Filling up the DagBag from /home/airflow/.local/lib/python3.12/site-packages/airflow/example_dags/example_datasets.py
[2026-07-01T09:31:08.296+0000] {processor.py:925} INFO - DAG(s) 'dataset_consumes_1_never_scheduled', 'dataset_consumes_1', 'dataset_produces_2', 'dataset_consumes_unknown_never_scheduled', 'consume_1_and_2_with_dataset_expressions', 'conditional_dataset_and_time_based_timetable', 'consume_1_or_2_with_dataset_expressions', 'dataset_produces_1', 'consume_1_or_both_2_and_3_with_dataset_expressions', 'dataset_consumes_1_and_2' retrieved from /home/airflow/.local/lib/python3.12/site-packages/airflow/example_dags/example_datasets.py
[2026-07-01T09:31:08.328+0000] {logging_mixin.py:190} INFO - [2026-07-01T09:31:08.328+0000] {dag.py:3211} INFO - Sync 10 DAGs
[2026-07-01T09:31:08.346+0000] {logging_mixin.py:190} INFO - [2026-07-01T09:31:08.346+0000] {dag.py:4138} INFO - Setting next_dagrun for conditional_dataset_and_time_based_timetable to 2026-07-01 01:00:00+00:00, run_after=2026-07-01 01:00:00+00:00
[2026-07-01T09:31:08.350+0000] {logging_mixin.py:190} INFO - [2026-07-01T09:31:08.350+0000] {dag.py:4138} INFO - Setting next_dagrun for consume_1_and_2_with_dataset_expressions to None, run_after=None
[2026-07-01T09:31:08.484+0000] {logging_mixin.py:190} INFO - [2026-07-01T09:31:08.484+0000] {dag.py:4138} INFO - Setting next_dagrun for consume_1_or_2_with_dataset_expressions to None, run_after=None
[2026-07-01T09:31:08.485+0000] {logging_mixin.py:190} INFO - [2026-07-01T09:31:08.485+0000] {dag.py:4138} INFO - Setting next_dagrun for consume_1_or_both_2_and_3_with_dataset_expressions to None, run_after=None
[2026-07-01T09:31:08.486+0000] {logging_mixin.py:190} INFO - [2026-07-01T09:31:08.486+0000] {dag.py:4138} INFO - Setting next_dagrun for dataset_consumes_1 to None, run_after=None
[2026-07-01T09:31:08.487+0000] {logging_mixin.py:190} INFO - [2026-07-01T09:31:08.487+0000] {dag.py:4138} INFO - Setting next_dagrun for dataset_consumes_1_and_2 to None, run_after=None
[2026-07-01T09:31:08.488+0000] {logging_mixin.py:190} INFO - [2026-07-01T09:31:08.488+0000] {dag.py:4138} INFO - Setting next_dagrun for dataset_consumes_1_never_scheduled to None, run_after=None
[2026-07-01T09:31:08.489+0000] {logging_mixin.py:190} INFO - [2026-07-01T09:31:08.489+0000] {dag.py:4138} INFO - Setting next_dagrun for dataset_consumes_unknown_never_scheduled to None, run_after=None
[2026-07-01T09:31:08.491+0000] {logging_mixin.py:190} INFO - [2026-07-01T09:31:08.490+0000] {dag.py:4138} INFO - Setting next_dagrun for dataset_produces_1 to 2026-06-30 00:00:00+00:00, run_after=2026-07-01 00:00:00+00:00
[2026-07-01T09:31:08.492+0000] {logging_mixin.py:190} INFO - [2026-07-01T09:31:08.492+0000] {dag.py:4138} INFO - Setting next_dagrun for dataset_produces_2 to None, run_after=None
[2026-07-01T09:31:08.512+0000] {processor.py:208} INFO - Processing /home/airflow/.local/lib/python3.12/site-packages/airflow/example_dags/example_datasets.py took 0.326 seconds
[2026-07-01T09:31:38.698+0000] {processor.py:186} INFO - Started process (PID=2239) to work on /home/airflow/.local/lib/python3.12/site-packages/airflow/example_dags/example_datasets.py
[2026-07-01T09:31:38.699+0000] {processor.py:914} INFO - Processing file /home/airflow/.local/lib/python3.12/site-packages/airflow/example_dags/example_datasets.py for tasks to queue
[2026-07-01T09:31:38.701+0000] {logging_mixin.py:190} INFO - [2026-07-01T09:31:38.701+0000] {dagbag.py:587} INFO - Filling up the DagBag from /home/airflow/.local/lib/python3.12/site-packages/airflow/example_dags/example_datasets.py
[2026-07-01T09:31:38.953+0000] {processor.py:925} INFO - DAG(s) 'consume_1_or_both_2_and_3_with_dataset_expressions', 'dataset_consumes_1_and_2', 'dataset_produces_2', 'consume_1_and_2_with_dataset_expressions', 'dataset_produces_1', 'conditional_dataset_and_time_based_timetable', 'dataset_consumes_1_never_scheduled', 'dataset_consumes_1', 'consume_1_or_2_with_dataset_expressions', 'dataset_consumes_unknown_never_scheduled' retrieved from /home/airflow/.local/lib/python3.12/site-packages/airflow/example_dags/example_datasets.py
[2026-07-01T09:31:38.977+0000] {logging_mixin.py:190} INFO - [2026-07-01T09:31:38.976+0000] {dag.py:3211} INFO - Sync 10 DAGs
[2026-07-01T09:31:38.990+0000] {logging_mixin.py:190} INFO - [2026-07-01T09:31:38.990+0000] {dag.py:4138} INFO - Setting next_dagrun for conditional_dataset_and_time_based_timetable to 2026-07-01 01:00:00+00:00, run_after=2026-07-01 01:00:00+00:00
[2026-07-01T09:31:38.993+0000] {logging_mixin.py:190} INFO - [2026-07-01T09:31:38.992+0000] {dag.py:4138} INFO - Setting next_dagrun for consume_1_and_2_with_dataset_expressions to None, run_after=None
[2026-07-01T09:31:38.995+0000] {logging_mixin.py:190} INFO - [2026-07-01T09:31:38.994+0000] {dag.py:4138} INFO - Setting next_dagrun for consume_1_or_2_with_dataset_expressions to None, run_after=None
[2026-07-01T09:31:38.995+0000] {logging_mixin.py:190} INFO - [2026-07-01T09:31:38.995+0000] {dag.py:4138} INFO - Setting next_dagrun for consume_1_or_both_2_and_3_with_dataset_expressions to None, run_after=None
[2026-07-01T09:31:38.996+0000] {logging_mixin.py:190} INFO - [2026-07-01T09:31:38.996+0000] {dag.py:4138} INFO - Setting next_dagrun for dataset_consumes_1 to None, run_after=None
[2026-07-01T09:31:38.997+0000] {logging_mixin.py:190} INFO - [2026-07-01T09:31:38.997+0000] {dag.py:4138} INFO - Setting next_dagrun for dataset_consumes_1_and_2 to None, run_after=None
[2026-07-01T09:31:38.997+0000] {logging_mixin.py:190} INFO - [2026-07-01T09:31:38.997+0000] {dag.py:4138} INFO - Setting next_dagrun for dataset_consumes_1_never_scheduled to None, run_after=None
[2026-07-01T09:31:38.998+0000] {logging_mixin.py:190} INFO - [2026-07-01T09:31:38.998+0000] {dag.py:4138} INFO - Setting next_dagrun for dataset_consumes_unknown_never_scheduled to None, run_after=None
[2026-07-01T09:31:38.999+0000] {logging_mixin.py:190} INFO - [2026-07-01T09:31:38.999+0000] {dag.py:4138} INFO - Setting next_dagrun for dataset_produces_1 to 2026-06-30 00:00:00+00:00, run_after=2026-07-01 00:00:00+00:00
[2026-07-01T09:31:39.000+0000] {logging_mixin.py:190} INFO - [2026-07-01T09:31:39.000+0000] {dag.py:4138} INFO - Setting next_dagrun for dataset_produces_2 to None, run_after=None
[2026-07-01T09:31:39.019+0000] {processor.py:208} INFO - Processing /home/airflow/.local/lib/python3.12/site-packages/airflow/example_dags/example_datasets.py took 0.325 seconds
[2026-07-01T09:32:09.220+0000] {processor.py:186} INFO - Started process (PID=2304) to work on /home/airflow/.local/lib/python3.12/site-packages/airflow/example_dags/example_datasets.py
[2026-07-01T09:32:09.221+0000] {processor.py:914} INFO - Processing file /home/airflow/.local/lib/python3.12/site-packages/airflow/example_dags/example_datasets.py for tasks to queue
[2026-07-01T09:32:09.223+0000] {logging_mixin.py:190} INFO - [2026-07-01T09:32:09.223+0000] {dagbag.py:587} INFO - Filling up the DagBag from /home/airflow/.local/lib/python3.12/site-packages/airflow/example_dags/example_datasets.py
[2026-07-01T09:32:09.458+0000] {processor.py:925} INFO - DAG(s) 'dataset_consumes_1_and_2', 'conditional_dataset_and_time_based_timetable', 'dataset_produces_1', 'dataset_produces_2', 'dataset_consumes_1', 'consume_1_or_2_with_dataset_expressions', 'consume_1_and_2_with_dataset_expressions', 'consume_1_or_both_2_and_3_with_dataset_expressions', 'dataset_consumes_unknown_never_scheduled', 'dataset_consumes_1_never_scheduled' retrieved from /home/airflow/.local/lib/python3.12/site-packages/airflow/example_dags/example_datasets.py
[2026-07-01T09:32:09.487+0000] {logging_mixin.py:190} INFO - [2026-07-01T09:32:09.487+0000] {dag.py:3211} INFO - Sync 10 DAGs
[2026-07-01T09:32:09.507+0000] {logging_mixin.py:190} INFO - [2026-07-01T09:32:09.507+0000] {dag.py:4138} INFO - Setting next_dagrun for conditional_dataset_and_time_based_timetable to 2026-07-01 01:00:00+00:00, run_after=2026-07-01 01:00:00+00:00
[2026-07-01T09:32:09.510+0000] {logging_mixin.py:190} INFO - [2026-07-01T09:32:09.510+0000] {dag.py:4138} INFO - Setting next_dagrun for consume_1_and_2_with_dataset_expressions to None, run_after=None
[2026-07-01T09:32:09.512+0000] {logging_mixin.py:190} INFO - [2026-07-01T09:32:09.512+0000] {dag.py:4138} INFO - Setting next_dagrun for consume_1_or_2_with_dataset_expressions to None, run_after=None
[2026-07-01T09:32:09.514+0000] {logging_mixin.py:190} INFO - [2026-07-01T09:32:09.514+0000] {dag.py:4138} INFO - Setting next_dagrun for consume_1_or_both_2_and_3_with_dataset_expressions to None, run_after=None
[2026-07-01T09:32:09.515+0000] {logging_mixin.py:190} INFO - [2026-07-01T09:32:09.515+0000] {dag.py:4138} INFO - Setting next_dagrun for dataset_consumes_1 to None, run_after=None
[2026-07-01T09:32:09.516+0000] {logging_mixin.py:190} INFO - [2026-07-01T09:32:09.516+0000] {dag.py:4138} INFO - Setting next_dagrun for dataset_consumes_1_and_2 to None, run_after=None
[2026-07-01T09:32:09.518+0000] {logging_mixin.py:190} INFO - [2026-07-01T09:32:09.517+0000] {dag.py:4138} INFO - Setting next_dagrun for dataset_consumes_1_never_scheduled to None, run_after=None
[2026-07-01T09:32:09.519+0000] {logging_mixin.py:190} INFO - [2026-07-01T09:32:09.519+0000] {dag.py:4138} INFO - Setting next_dagrun for dataset_consumes_unknown_never_scheduled to None, run_after=None
[2026-07-01T09:32:09.520+0000] {logging_mixin.py:190} INFO - [2026-07-01T09:32:09.520+0000] {dag.py:4138} INFO - Setting next_dagrun for dataset_produces_1 to 2026-06-30 00:00:00+00:00, run_after=2026-07-01 00:00:00+00:00
[2026-07-01T09:32:09.522+0000] {logging_mixin.py:190} INFO - [2026-07-01T09:32:09.522+0000] {dag.py:4138} INFO - Setting next_dagrun for dataset_produces_2 to None, run_after=None
[2026-07-01T09:32:09.546+0000] {processor.py:208} INFO - Processing /home/airflow/.local/lib/python3.12/site-packages/airflow/example_dags/example_datasets.py took 0.331 seconds
[2026-07-01T09:32:39.600+0000] {processor.py:186} INFO - Started process (PID=2368) to work on /home/airflow/.local/lib/python3.12/site-packages/airflow/example_dags/example_datasets.py
[2026-07-01T09:32:39.601+0000] {processor.py:914} INFO - Processing file /home/airflow/.local/lib/python3.12/site-packages/airflow/example_dags/example_datasets.py for tasks to queue
[2026-07-01T09:32:39.603+0000] {logging_mixin.py:190} INFO - [2026-07-01T09:32:39.603+0000] {dagbag.py:587} INFO - Filling up the DagBag from /home/airflow/.local/lib/python3.12/site-packages/airflow/example_dags/example_datasets.py
[2026-07-01T09:32:39.824+0000] {processor.py:925} INFO - DAG(s) 'dataset_produces_1', 'dataset_consumes_1_never_scheduled', 'conditional_dataset_and_time_based_timetable', 'dataset_consumes_unknown_never_scheduled', 'dataset_consumes_1_and_2', 'consume_1_and_2_with_dataset_expressions', 'dataset_produces_2', 'consume_1_or_2_with_dataset_expressions', 'dataset_consumes_1', 'consume_1_or_both_2_and_3_with_dataset_expressions' retrieved from /home/airflow/.local/lib/python3.12/site-packages/airflow/example_dags/example_datasets.py
[2026-07-01T09:32:39.851+0000] {logging_mixin.py:190} INFO - [2026-07-01T09:32:39.851+0000] {dag.py:3211} INFO - Sync 10 DAGs
[2026-07-01T09:32:39.865+0000] {logging_mixin.py:190} INFO - [2026-07-01T09:32:39.865+0000] {dag.py:4138} INFO - Setting next_dagrun for conditional_dataset_and_time_based_timetable to 2026-07-01 01:00:00+00:00, run_after=2026-07-01 01:00:00+00:00
[2026-07-01T09:32:39.868+0000] {logging_mixin.py:190} INFO - [2026-07-01T09:32:39.867+0000] {dag.py:4138} INFO - Setting next_dagrun for consume_1_and_2_with_dataset_expressions to None, run_after=None
[2026-07-01T09:32:39.869+0000] {logging_mixin.py:190} INFO - [2026-07-01T09:32:39.868+0000] {dag.py:4138} INFO - Setting next_dagrun for consume_1_or_2_with_dataset_expressions to None, run_after=None
[2026-07-01T09:32:39.869+0000] {logging_mixin.py:190} INFO - [2026-07-01T09:32:39.869+0000] {dag.py:4138} INFO - Setting next_dagrun for consume_1_or_both_2_and_3_with_dataset_expressions to None, run_after=None
[2026-07-01T09:32:39.871+0000] {logging_mixin.py:190} INFO - [2026-07-01T09:32:39.871+0000] {dag.py:4138} INFO - Setting next_dagrun for dataset_consumes_1 to None, run_after=None
[2026-07-01T09:32:39.872+0000] {logging_mixin.py:190} INFO - [2026-07-01T09:32:39.872+0000] {dag.py:4138} INFO - Setting next_dagrun for dataset_consumes_1_and_2 to None, run_after=None
[2026-07-01T09:32:39.873+0000] {logging_mixin.py:190} INFO - [2026-07-01T09:32:39.873+0000] {dag.py:4138} INFO - Setting next_dagrun for dataset_consumes_1_never_scheduled to None, run_after=None
[2026-07-01T09:32:39.874+0000] {logging_mixin.py:190} INFO - [2026-07-01T09:32:39.874+0000] {dag.py:4138} INFO - Setting next_dagrun for dataset_consumes_unknown_never_scheduled to None, run_after=None
[2026-07-01T09:32:39.875+0000] {logging_mixin.py:190} INFO - [2026-07-01T09:32:39.875+0000] {dag.py:4138} INFO - Setting next_dagrun for dataset_produces_1 to 2026-06-30 00:00:00+00:00, run_after=2026-07-01 00:00:00+00:00
[2026-07-01T09:32:39.876+0000] {logging_mixin.py:190} INFO - [2026-07-01T09:32:39.876+0000] {dag.py:4138} INFO - Setting next_dagrun for dataset_produces_2 to None, run_after=None
[2026-07-01T09:32:39.897+0000] {processor.py:208} INFO - Processing /home/airflow/.local/lib/python3.12/site-packages/airflow/example_dags/example_datasets.py took 0.302 seconds
[2026-07-01T09:33:10.171+0000] {processor.py:186} INFO - Started process (PID=2430) to work on /home/airflow/.local/lib/python3.12/site-packages/airflow/example_dags/example_datasets.py
[2026-07-01T09:33:10.172+0000] {processor.py:914} INFO - Processing file /home/airflow/.local/lib/python3.12/site-packages/airflow/example_dags/example_datasets.py for tasks to queue
[2026-07-01T09:33:10.175+0000] {logging_mixin.py:190} INFO - [2026-07-01T09:33:10.175+0000] {dagbag.py:587} INFO - Filling up the DagBag from /home/airflow/.local/lib/python3.12/site-packages/airflow/example_dags/example_datasets.py
[2026-07-01T09:33:10.405+0000] {processor.py:925} INFO - DAG(s) 'dataset_consumes_1_and_2', 'consume_1_or_both_2_and_3_with_dataset_expressions', 'dataset_consumes_1', 'dataset_produces_1', 'dataset_produces_2', 'consume_1_and_2_with_dataset_expressions', 'conditional_dataset_and_time_based_timetable', 'dataset_consumes_unknown_never_scheduled', 'consume_1_or_2_with_dataset_expressions', 'dataset_consumes_1_never_scheduled' retrieved from /home/airflow/.local/lib/python3.12/site-packages/airflow/example_dags/example_datasets.py
[2026-07-01T09:33:10.435+0000] {logging_mixin.py:190} INFO - [2026-07-01T09:33:10.435+0000] {dag.py:3211} INFO - Sync 10 DAGs
[2026-07-01T09:33:10.452+0000] {logging_mixin.py:190} INFO - [2026-07-01T09:33:10.452+0000] {dag.py:4138} INFO - Setting next_dagrun for conditional_dataset_and_time_based_timetable to 2026-07-01 01:00:00+00:00, run_after=2026-07-01 01:00:00+00:00
[2026-07-01T09:33:10.455+0000] {logging_mixin.py:190} INFO - [2026-07-01T09:33:10.455+0000] {dag.py:4138} INFO - Setting next_dagrun for consume_1_and_2_with_dataset_expressions to None, run_after=None
[2026-07-01T09:33:10.456+0000] {logging_mixin.py:190} INFO - [2026-07-01T09:33:10.456+0000] {dag.py:4138} INFO - Setting next_dagrun for consume_1_or_2_with_dataset_expressions to None, run_after=None
[2026-07-01T09:33:10.457+0000] {logging_mixin.py:190} INFO - [2026-07-01T09:33:10.457+0000] {dag.py:4138} INFO - Setting next_dagrun for consume_1_or_both_2_and_3_with_dataset_expressions to None, run_after=None
[2026-07-01T09:33:10.458+0000] {logging_mixin.py:190} INFO - [2026-07-01T09:33:10.458+0000] {dag.py:4138} INFO - Setting next_dagrun for dataset_consumes_1 to None, run_after=None
[2026-07-01T09:33:10.459+0000] {logging_mixin.py:190} INFO - [2026-07-01T09:33:10.459+0000] {dag.py:4138} INFO - Setting next_dagrun for dataset_consumes_1_and_2 to None, run_after=None
[2026-07-01T09:33:10.461+0000] {logging_mixin.py:190} INFO - [2026-07-01T09:33:10.460+0000] {dag.py:4138} INFO - Setting next_dagrun for dataset_consumes_1_never_scheduled to None, run_after=None
[2026-07-01T09:33:10.462+0000] {logging_mixin.py:190} INFO - [2026-07-01T09:33:10.462+0000] {dag.py:4138} INFO - Setting next_dagrun for dataset_consumes_unknown_never_scheduled to None, run_after=None
[2026-07-01T09:33:10.465+0000] {logging_mixin.py:190} INFO - [2026-07-01T09:33:10.465+0000] {dag.py:4138} INFO - Setting next_dagrun for dataset_produces_1 to 2026-06-30 00:00:00+00:00, run_after=2026-07-01 00:00:00+00:00
[2026-07-01T09:33:10.466+0000] {logging_mixin.py:190} INFO - [2026-07-01T09:33:10.466+0000] {dag.py:4138} INFO - Setting next_dagrun for dataset_produces_2 to None, run_after=None
[2026-07-01T09:33:10.489+0000] {processor.py:208} INFO - Processing /home/airflow/.local/lib/python3.12/site-packages/airflow/example_dags/example_datasets.py took 0.322 seconds
[2026-07-01T09:33:40.941+0000] {processor.py:186} INFO - Started process (PID=2494) to work on /home/airflow/.local/lib/python3.12/site-packages/airflow/example_dags/example_datasets.py
[2026-07-01T09:33:40.942+0000] {processor.py:914} INFO - Processing file /home/airflow/.local/lib/python3.12/site-packages/airflow/example_dags/example_datasets.py for tasks to queue
[2026-07-01T09:33:40.945+0000] {logging_mixin.py:190} INFO - [2026-07-01T09:33:40.944+0000] {dagbag.py:587} INFO - Filling up the DagBag from /home/airflow/.local/lib/python3.12/site-packages/airflow/example_dags/example_datasets.py
[2026-07-01T09:33:41.244+0000] {processor.py:925} INFO - DAG(s) 'dataset_produces_1', 'dataset_produces_2', 'dataset_consumes_1_and_2', 'consume_1_and_2_with_dataset_expressions', 'conditional_dataset_and_time_based_timetable', 'consume_1_or_2_with_dataset_expressions', 'dataset_consumes_1_never_scheduled', 'consume_1_or_both_2_and_3_with_dataset_expressions', 'dataset_consumes_1', 'dataset_consumes_unknown_never_scheduled' retrieved from /home/airflow/.local/lib/python3.12/site-packages/airflow/example_dags/example_datasets.py
[2026-07-01T09:33:41.277+0000] {logging_mixin.py:190} INFO - [2026-07-01T09:33:41.277+0000] {dag.py:3211} INFO - Sync 10 DAGs
[2026-07-01T09:33:41.295+0000] {logging_mixin.py:190} INFO - [2026-07-01T09:33:41.295+0000] {dag.py:4138} INFO - Setting next_dagrun for conditional_dataset_and_time_based_timetable to 2026-07-01 01:00:00+00:00, run_after=2026-07-01 01:00:00+00:00
[2026-07-01T09:33:41.299+0000] {logging_mixin.py:190} INFO - [2026-07-01T09:33:41.298+0000] {dag.py:4138} INFO - Setting next_dagrun for consume_1_and_2_with_dataset_expressions to None, run_after=None
[2026-07-01T09:33:41.300+0000] {logging_mixin.py:190} INFO - [2026-07-01T09:33:41.300+0000] {dag.py:4138} INFO - Setting next_dagrun for consume_1_or_2_with_dataset_expressions to None, run_after=None
[2026-07-01T09:33:41.301+0000] {logging_mixin.py:190} INFO - [2026-07-01T09:33:41.301+0000] {dag.py:4138} INFO - Setting next_dagrun for consume_1_or_both_2_and_3_with_dataset_expressions to None, run_after=None
[2026-07-01T09:33:41.302+0000] {logging_mixin.py:190} INFO - [2026-07-01T09:33:41.302+0000] {dag.py:4138} INFO - Setting next_dagrun for dataset_consumes_1 to None, run_after=None
[2026-07-01T09:33:41.303+0000] {logging_mixin.py:190} INFO - [2026-07-01T09:33:41.303+0000] {dag.py:4138} INFO - Setting next_dagrun for dataset_consumes_1_and_2 to None, run_after=None
[2026-07-01T09:33:41.304+0000] {logging_mixin.py:190} INFO - [2026-07-01T09:33:41.304+0000] {dag.py:4138} INFO - Setting next_dagrun for dataset_consumes_1_never_scheduled to None, run_after=None
[2026-07-01T09:33:41.306+0000] {logging_mixin.py:190} INFO - [2026-07-01T09:33:41.306+0000] {dag.py:4138} INFO - Setting next_dagrun for dataset_consumes_unknown_never_scheduled to None, run_after=None
[2026-07-01T09:33:41.308+0000] {logging_mixin.py:190} INFO - [2026-07-01T09:33:41.308+0000] {dag.py:4138} INFO - Setting next_dagrun for dataset_produces_1 to 2026-06-30 00:00:00+00:00, run_after=2026-07-01 00:00:00+00:00
[2026-07-01T09:33:41.310+0000] {logging_mixin.py:190} INFO - [2026-07-01T09:33:41.309+0000] {dag.py:4138} INFO - Setting next_dagrun for dataset_produces_2 to None, run_after=None
[2026-07-01T09:33:41.335+0000] {processor.py:208} INFO - Processing /home/airflow/.local/lib/python3.12/site-packages/airflow/example_dags/example_datasets.py took 0.399 seconds
[2026-07-01T09:34:11.806+0000] {processor.py:186} INFO - Started process (PID=2555) to work on /home/airflow/.local/lib/python3.12/site-packages/airflow/example_dags/example_datasets.py
[2026-07-01T09:34:11.807+0000] {processor.py:914} INFO - Processing file /home/airflow/.local/lib/python3.12/site-packages/airflow/example_dags/example_datasets.py for tasks to queue
[2026-07-01T09:34:11.809+0000] {logging_mixin.py:190} INFO - [2026-07-01T09:34:11.809+0000] {dagbag.py:587} INFO - Filling up the DagBag from /home/airflow/.local/lib/python3.12/site-packages/airflow/example_dags/example_datasets.py
[2026-07-01T09:34:12.093+0000] {processor.py:925} INFO - DAG(s) 'conditional_dataset_and_time_based_timetable', 'dataset_produces_1', 'consume_1_and_2_with_dataset_expressions', 'consume_1_or_2_with_dataset_expressions', 'dataset_consumes_1_and_2', 'dataset_produces_2', 'consume_1_or_both_2_and_3_with_dataset_expressions', 'dataset_consumes_1_never_scheduled', 'dataset_consumes_1', 'dataset_consumes_unknown_never_scheduled' retrieved from /home/airflow/.local/lib/python3.12/site-packages/airflow/example_dags/example_datasets.py
[2026-07-01T09:34:12.134+0000] {logging_mixin.py:190} INFO - [2026-07-01T09:34:12.134+0000] {dag.py:3211} INFO - Sync 10 DAGs
[2026-07-01T09:34:12.153+0000] {logging_mixin.py:190} INFO - [2026-07-01T09:34:12.153+0000] {dag.py:4138} INFO - Setting next_dagrun for conditional_dataset_and_time_based_timetable to 2026-07-01 01:00:00+00:00, run_after=2026-07-01 01:00:00+00:00
[2026-07-01T09:34:12.156+0000] {logging_mixin.py:190} INFO - [2026-07-01T09:34:12.156+0000] {dag.py:4138} INFO - Setting next_dagrun for consume_1_and_2_with_dataset_expressions to None, run_after=None
[2026-07-01T09:34:12.158+0000] {logging_mixin.py:190} INFO - [2026-07-01T09:34:12.158+0000] {dag.py:4138} INFO - Setting next_dagrun for consume_1_or_2_with_dataset_expressions to None, run_after=None
[2026-07-01T09:34:12.159+0000] {logging_mixin.py:190} INFO - [2026-07-01T09:34:12.159+0000] {dag.py:4138} INFO - Setting next_dagrun for consume_1_or_both_2_and_3_with_dataset_expressions to None, run_after=None
[2026-07-01T09:34:12.160+0000] {logging_mixin.py:190} INFO - [2026-07-01T09:34:12.160+0000] {dag.py:4138} INFO - Setting next_dagrun for dataset_consumes_1 to None, run_after=None
[2026-07-01T09:34:12.161+0000] {logging_mixin.py:190} INFO - [2026-07-01T09:34:12.161+0000] {dag.py:4138} INFO - Setting next_dagrun for dataset_consumes_1_and_2 to None, run_after=None
[2026-07-01T09:34:12.162+0000] {logging_mixin.py:190} INFO - [2026-07-01T09:34:12.162+0000] {dag.py:4138} INFO - Setting next_dagrun for dataset_consumes_1_never_scheduled to None, run_after=None
[2026-07-01T09:34:12.163+0000] {logging_mixin.py:190} INFO - [2026-07-01T09:34:12.163+0000] {dag.py:4138} INFO - Setting next_dagrun for dataset_consumes_unknown_never_scheduled to None, run_after=None
[2026-07-01T09:34:12.164+0000] {logging_mixin.py:190} INFO - [2026-07-01T09:34:12.164+0000] {dag.py:4138} INFO - Setting next_dagrun for dataset_produces_1 to 2026-06-30 00:00:00+00:00, run_after=2026-07-01 00:00:00+00:00
[2026-07-01T09:34:12.165+0000] {logging_mixin.py:190} INFO - [2026-07-01T09:34:12.165+0000] {dag.py:4138} INFO - Setting next_dagrun for dataset_produces_2 to None, run_after=None
[2026-07-01T09:34:12.190+0000] {processor.py:208} INFO - Processing /home/airflow/.local/lib/python3.12/site-packages/airflow/example_dags/example_datasets.py took 0.390 seconds
[2026-07-01T09:34:42.689+0000] {processor.py:186} INFO - Started process (PID=2615) to work on /home/airflow/.local/lib/python3.12/site-packages/airflow/example_dags/example_datasets.py
[2026-07-01T09:34:42.690+0000] {processor.py:914} INFO - Processing file /home/airflow/.local/lib/python3.12/site-packages/airflow/example_dags/example_datasets.py for tasks to queue
[2026-07-01T09:34:42.692+0000] {logging_mixin.py:190} INFO - [2026-07-01T09:34:42.692+0000] {dagbag.py:587} INFO - Filling up the DagBag from /home/airflow/.local/lib/python3.12/site-packages/airflow/example_dags/example_datasets.py
[2026-07-01T09:34:42.945+0000] {processor.py:925} INFO - DAG(s) 'dataset_consumes_1', 'dataset_consumes_1_and_2', 'consume_1_or_both_2_and_3_with_dataset_expressions', 'dataset_produces_2', 'conditional_dataset_and_time_based_timetable', 'dataset_produces_1', 'dataset_consumes_unknown_never_scheduled', 'consume_1_and_2_with_dataset_expressions', 'dataset_consumes_1_never_scheduled', 'consume_1_or_2_with_dataset_expressions' retrieved from /home/airflow/.local/lib/python3.12/site-packages/airflow/example_dags/example_datasets.py
[2026-07-01T09:34:42.983+0000] {logging_mixin.py:190} INFO - [2026-07-01T09:34:42.983+0000] {dag.py:3211} INFO - Sync 10 DAGs
[2026-07-01T09:34:43.001+0000] {logging_mixin.py:190} INFO - [2026-07-01T09:34:43.001+0000] {dag.py:4138} INFO - Setting next_dagrun for conditional_dataset_and_time_based_timetable to 2026-07-01 01:00:00+00:00, run_after=2026-07-01 01:00:00+00:00
[2026-07-01T09:34:43.004+0000] {logging_mixin.py:190} INFO - [2026-07-01T09:34:43.004+0000] {dag.py:4138} INFO - Setting next_dagrun for consume_1_and_2_with_dataset_expressions to None, run_after=None
[2026-07-01T09:34:43.005+0000] {logging_mixin.py:190} INFO - [2026-07-01T09:34:43.005+0000] {dag.py:4138} INFO - Setting next_dagrun for consume_1_or_2_with_dataset_expressions to None, run_after=None
[2026-07-01T09:34:43.007+0000] {logging_mixin.py:190} INFO - [2026-07-01T09:34:43.006+0000] {dag.py:4138} INFO - Setting next_dagrun for consume_1_or_both_2_and_3_with_dataset_expressions to None, run_after=None
[2026-07-01T09:34:43.008+0000] {logging_mixin.py:190} INFO - [2026-07-01T09:34:43.008+0000] {dag.py:4138} INFO - Setting next_dagrun for dataset_consumes_1 to None, run_after=None
[2026-07-01T09:34:43.009+0000] {logging_mixin.py:190} INFO - [2026-07-01T09:34:43.009+0000] {dag.py:4138} INFO - Setting next_dagrun for dataset_consumes_1_and_2 to None, run_after=None
[2026-07-01T09:34:43.010+0000] {logging_mixin.py:190} INFO - [2026-07-01T09:34:43.009+0000] {dag.py:4138} INFO - Setting next_dagrun for dataset_consumes_1_never_scheduled to None, run_after=None
[2026-07-01T09:34:43.011+0000] {logging_mixin.py:190} INFO - [2026-07-01T09:34:43.010+0000] {dag.py:4138} INFO - Setting next_dagrun for dataset_consumes_unknown_never_scheduled to None, run_after=None
[2026-07-01T09:34:43.012+0000] {logging_mixin.py:190} INFO - [2026-07-01T09:34:43.012+0000] {dag.py:4138} INFO - Setting next_dagrun for dataset_produces_1 to 2026-06-30 00:00:00+00:00, run_after=2026-07-01 00:00:00+00:00
[2026-07-01T09:34:43.014+0000] {logging_mixin.py:190} INFO - [2026-07-01T09:34:43.014+0000] {dag.py:4138} INFO - Setting next_dagrun for dataset_produces_2 to None, run_after=None
[2026-07-01T09:34:43.036+0000] {processor.py:208} INFO - Processing /home/airflow/.local/lib/python3.12/site-packages/airflow/example_dags/example_datasets.py took 0.352 seconds
[2026-07-01T09:35:13.088+0000] {processor.py:186} INFO - Started process (PID=2673) to work on /home/airflow/.local/lib/python3.12/site-packages/airflow/example_dags/example_datasets.py
[2026-07-01T09:35:13.089+0000] {processor.py:914} INFO - Processing file /home/airflow/.local/lib/python3.12/site-packages/airflow/example_dags/example_datasets.py for tasks to queue
[2026-07-01T09:35:13.092+0000] {logging_mixin.py:190} INFO - [2026-07-01T09:35:13.091+0000] {dagbag.py:587} INFO - Filling up the DagBag from /home/airflow/.local/lib/python3.12/site-packages/airflow/example_dags/example_datasets.py
[2026-07-01T09:35:13.350+0000] {processor.py:925} INFO - DAG(s) 'consume_1_and_2_with_dataset_expressions', 'dataset_consumes_1_and_2', 'consume_1_or_both_2_and_3_with_dataset_expressions', 'conditional_dataset_and_time_based_timetable', 'dataset_produces_2', 'consume_1_or_2_with_dataset_expressions', 'dataset_produces_1', 'dataset_consumes_1_never_scheduled', 'dataset_consumes_1', 'dataset_consumes_unknown_never_scheduled' retrieved from /home/airflow/.local/lib/python3.12/site-packages/airflow/example_dags/example_datasets.py
[2026-07-01T09:35:13.378+0000] {logging_mixin.py:190} INFO - [2026-07-01T09:35:13.378+0000] {dag.py:3211} INFO - Sync 10 DAGs
[2026-07-01T09:35:13.393+0000] {logging_mixin.py:190} INFO - [2026-07-01T09:35:13.393+0000] {dag.py:4138} INFO - Setting next_dagrun for conditional_dataset_and_time_based_timetable to 2026-07-01 01:00:00+00:00, run_after=2026-07-01 01:00:00+00:00
[2026-07-01T09:35:13.395+0000] {logging_mixin.py:190} INFO - [2026-07-01T09:35:13.395+0000] {dag.py:4138} INFO - Setting next_dagrun for consume_1_and_2_with_dataset_expressions to None, run_after=None
[2026-07-01T09:35:13.397+0000] {logging_mixin.py:190} INFO - [2026-07-01T09:35:13.397+0000] {dag.py:4138} INFO - Setting next_dagrun for consume_1_or_2_with_dataset_expressions to None, run_after=None
[2026-07-01T09:35:13.398+0000] {logging_mixin.py:190} INFO - [2026-07-01T09:35:13.398+0000] {dag.py:4138} INFO - Setting next_dagrun for consume_1_or_both_2_and_3_with_dataset_expressions to None, run_after=None
[2026-07-01T09:35:13.399+0000] {logging_mixin.py:190} INFO - [2026-07-01T09:35:13.399+0000] {dag.py:4138} INFO - Setting next_dagrun for dataset_consumes_1 to None, run_after=None
[2026-07-01T09:35:13.400+0000] {logging_mixin.py:190} INFO - [2026-07-01T09:35:13.400+0000] {dag.py:4138} INFO - Setting next_dagrun for dataset_consumes_1_and_2 to None, run_after=None
[2026-07-01T09:35:13.401+0000] {logging_mixin.py:190} INFO - [2026-07-01T09:35:13.401+0000] {dag.py:4138} INFO - Setting next_dagrun for dataset_consumes_1_never_scheduled to None, run_after=None
[2026-07-01T09:35:13.402+0000] {logging_mixin.py:190} INFO - [2026-07-01T09:35:13.402+0000] {dag.py:4138} INFO - Setting next_dagrun for dataset_consumes_unknown_never_scheduled to None, run_after=None
[2026-07-01T09:35:13.404+0000] {logging_mixin.py:190} INFO - [2026-07-01T09:35:13.404+0000] {dag.py:4138} INFO - Setting next_dagrun for dataset_produces_1 to 2026-06-30 00:00:00+00:00, run_after=2026-07-01 00:00:00+00:00
[2026-07-01T09:35:13.406+0000] {logging_mixin.py:190} INFO - [2026-07-01T09:35:13.406+0000] {dag.py:4138} INFO - Setting next_dagrun for dataset_produces_2 to None, run_after=None
[2026-07-01T09:35:13.426+0000] {processor.py:208} INFO - Processing /home/airflow/.local/lib/python3.12/site-packages/airflow/example_dags/example_datasets.py took 0.343 seconds
[2026-07-01T09:35:43.513+0000] {processor.py:186} INFO - Started process (PID=2732) to work on /home/airflow/.local/lib/python3.12/site-packages/airflow/example_dags/example_datasets.py
[2026-07-01T09:35:43.515+0000] {processor.py:914} INFO - Processing file /home/airflow/.local/lib/python3.12/site-packages/airflow/example_dags/example_datasets.py for tasks to queue
[2026-07-01T09:35:43.517+0000] {logging_mixin.py:190} INFO - [2026-07-01T09:35:43.517+0000] {dagbag.py:587} INFO - Filling up the DagBag from /home/airflow/.local/lib/python3.12/site-packages/airflow/example_dags/example_datasets.py
[2026-07-01T09:35:43.801+0000] {processor.py:925} INFO - DAG(s) 'consume_1_and_2_with_dataset_expressions', 'dataset_produces_2', 'consume_1_or_2_with_dataset_expressions', 'dataset_consumes_1_and_2', 'dataset_consumes_1', 'consume_1_or_both_2_and_3_with_dataset_expressions', 'dataset_produces_1', 'dataset_consumes_1_never_scheduled', 'dataset_consumes_unknown_never_scheduled', 'conditional_dataset_and_time_based_timetable' retrieved from /home/airflow/.local/lib/python3.12/site-packages/airflow/example_dags/example_datasets.py
[2026-07-01T09:35:43.828+0000] {logging_mixin.py:190} INFO - [2026-07-01T09:35:43.827+0000] {dag.py:3211} INFO - Sync 10 DAGs
[2026-07-01T09:35:43.847+0000] {logging_mixin.py:190} INFO - [2026-07-01T09:35:43.847+0000] {dag.py:4138} INFO - Setting next_dagrun for conditional_dataset_and_time_based_timetable to 2026-07-01 01:00:00+00:00, run_after=2026-07-01 01:00:00+00:00
[2026-07-01T09:35:43.851+0000] {logging_mixin.py:190} INFO - [2026-07-01T09:35:43.850+0000] {dag.py:4138} INFO - Setting next_dagrun for consume_1_and_2_with_dataset_expressions to None, run_after=None
[2026-07-01T09:35:43.852+0000] {logging_mixin.py:190} INFO - [2026-07-01T09:35:43.852+0000] {dag.py:4138} INFO - Setting next_dagrun for consume_1_or_2_with_dataset_expressions to None, run_after=None
[2026-07-01T09:35:43.853+0000] {logging_mixin.py:190} INFO - [2026-07-01T09:35:43.853+0000] {dag.py:4138} INFO - Setting next_dagrun for consume_1_or_both_2_and_3_with_dataset_expressions to None, run_after=None
[2026-07-01T09:35:43.854+0000] {logging_mixin.py:190} INFO - [2026-07-01T09:35:43.854+0000] {dag.py:4138} INFO - Setting next_dagrun for dataset_consumes_1 to None, run_after=None
[2026-07-01T09:35:43.855+0000] {logging_mixin.py:190} INFO - [2026-07-01T09:35:43.855+0000] {dag.py:4138} INFO - Setting next_dagrun for dataset_consumes_1_and_2 to None, run_after=None
[2026-07-01T09:35:43.857+0000] {logging_mixin.py:190} INFO - [2026-07-01T09:35:43.856+0000] {dag.py:4138} INFO - Setting next_dagrun for dataset_consumes_1_never_scheduled to None, run_after=None
[2026-07-01T09:35:43.858+0000] {logging_mixin.py:190} INFO - [2026-07-01T09:35:43.858+0000] {dag.py:4138} INFO - Setting next_dagrun for dataset_consumes_unknown_never_scheduled to None, run_after=None
[2026-07-01T09:35:43.860+0000] {logging_mixin.py:190} INFO - [2026-07-01T09:35:43.860+0000] {dag.py:4138} INFO - Setting next_dagrun for dataset_produces_1 to 2026-06-30 00:00:00+00:00, run_after=2026-07-01 00:00:00+00:00
[2026-07-01T09:35:43.862+0000] {logging_mixin.py:190} INFO - [2026-07-01T09:35:43.861+0000] {dag.py:4138} INFO - Setting next_dagrun for dataset_produces_2 to None, run_after=None
[2026-07-01T09:35:43.893+0000] {processor.py:208} INFO - Processing /home/airflow/.local/lib/python3.12/site-packages/airflow/example_dags/example_datasets.py took 0.385 seconds
[2026-07-01T09:36:14.088+0000] {processor.py:186} INFO - Started process (PID=2794) to work on /home/airflow/.local/lib/python3.12/site-packages/airflow/example_dags/example_datasets.py
[2026-07-01T09:36:14.089+0000] {processor.py:914} INFO - Processing file /home/airflow/.local/lib/python3.12/site-packages/airflow/example_dags/example_datasets.py for tasks to queue
[2026-07-01T09:36:14.091+0000] {logging_mixin.py:190} INFO - [2026-07-01T09:36:14.091+0000] {dagbag.py:587} INFO - Filling up the DagBag from /home/airflow/.local/lib/python3.12/site-packages/airflow/example_dags/example_datasets.py
[2026-07-01T09:36:14.345+0000] {processor.py:925} INFO - DAG(s) 'dataset_consumes_unknown_never_scheduled', 'conditional_dataset_and_time_based_timetable', 'dataset_produces_2', 'dataset_consumes_1_and_2', 'consume_1_or_both_2_and_3_with_dataset_expressions', 'dataset_consumes_1_never_scheduled', 'dataset_consumes_1', 'dataset_produces_1', 'consume_1_and_2_with_dataset_expressions', 'consume_1_or_2_with_dataset_expressions' retrieved from /home/airflow/.local/lib/python3.12/site-packages/airflow/example_dags/example_datasets.py
[2026-07-01T09:36:14.378+0000] {logging_mixin.py:190} INFO - [2026-07-01T09:36:14.378+0000] {dag.py:3211} INFO - Sync 10 DAGs
[2026-07-01T09:36:14.396+0000] {logging_mixin.py:190} INFO - [2026-07-01T09:36:14.396+0000] {dag.py:4138} INFO - Setting next_dagrun for conditional_dataset_and_time_based_timetable to 2026-07-01 01:00:00+00:00, run_after=2026-07-01 01:00:00+00:00
[2026-07-01T09:36:14.399+0000] {logging_mixin.py:190} INFO - [2026-07-01T09:36:14.399+0000] {dag.py:4138} INFO - Setting next_dagrun for consume_1_and_2_with_dataset_expressions to None, run_after=None
[2026-07-01T09:36:14.400+0000] {logging_mixin.py:190} INFO - [2026-07-01T09:36:14.400+0000] {dag.py:4138} INFO - Setting next_dagrun for consume_1_or_2_with_dataset_expressions to None, run_after=None
[2026-07-01T09:36:14.401+0000] {logging_mixin.py:190} INFO - [2026-07-01T09:36:14.401+0000] {dag.py:4138} INFO - Setting next_dagrun for consume_1_or_both_2_and_3_with_dataset_expressions to None, run_after=None
[2026-07-01T09:36:14.402+0000] {logging_mixin.py:190} INFO - [2026-07-01T09:36:14.402+0000] {dag.py:4138} INFO - Setting next_dagrun for dataset_consumes_1 to None, run_after=None
[2026-07-01T09:36:14.403+0000] {logging_mixin.py:190} INFO - [2026-07-01T09:36:14.403+0000] {dag.py:4138} INFO - Setting next_dagrun for dataset_consumes_1_and_2 to None, run_after=None
[2026-07-01T09:36:14.404+0000] {logging_mixin.py:190} INFO - [2026-07-01T09:36:14.404+0000] {dag.py:4138} INFO - Setting next_dagrun for dataset_consumes_1_never_scheduled to None, run_after=None
[2026-07-01T09:36:14.405+0000] {logging_mixin.py:190} INFO - [2026-07-01T09:36:14.405+0000] {dag.py:4138} INFO - Setting next_dagrun for dataset_consumes_unknown_never_scheduled to None, run_after=None
[2026-07-01T09:36:14.407+0000] {logging_mixin.py:190} INFO - [2026-07-01T09:36:14.407+0000] {dag.py:4138} INFO - Setting next_dagrun for dataset_produces_1 to 2026-06-30 00:00:00+00:00, run_after=2026-07-01 00:00:00+00:00
[2026-07-01T09:36:14.408+0000] {logging_mixin.py:190} INFO - [2026-07-01T09:36:14.408+0000] {dag.py:4138} INFO - Setting next_dagrun for dataset_produces_2 to None, run_after=None
[2026-07-01T09:36:14.429+0000] {processor.py:208} INFO - Processing /home/airflow/.local/lib/python3.12/site-packages/airflow/example_dags/example_datasets.py took 0.345 seconds
[2026-07-01T09:36:44.975+0000] {processor.py:186} INFO - Started process (PID=2854) to work on /home/airflow/.local/lib/python3.12/site-packages/airflow/example_dags/example_datasets.py
[2026-07-01T09:36:44.977+0000] {processor.py:914} INFO - Processing file /home/airflow/.local/lib/python3.12/site-packages/airflow/example_dags/example_datasets.py for tasks to queue
[2026-07-01T09:36:44.980+0000] {logging_mixin.py:190} INFO - [2026-07-01T09:36:44.979+0000] {dagbag.py:587} INFO - Filling up the DagBag from /home/airflow/.local/lib/python3.12/site-packages/airflow/example_dags/example_datasets.py
[2026-07-01T09:36:45.244+0000] {processor.py:925} INFO - DAG(s) 'consume_1_or_both_2_and_3_with_dataset_expressions', 'conditional_dataset_and_time_based_timetable', 'dataset_produces_2', 'dataset_consumes_1_and_2', 'dataset_produces_1', 'dataset_consumes_1', 'consume_1_and_2_with_dataset_expressions', 'consume_1_or_2_with_dataset_expressions', 'dataset_consumes_1_never_scheduled', 'dataset_consumes_unknown_never_scheduled' retrieved from /home/airflow/.local/lib/python3.12/site-packages/airflow/example_dags/example_datasets.py
[2026-07-01T09:36:45.272+0000] {logging_mixin.py:190} INFO - [2026-07-01T09:36:45.272+0000] {dag.py:3211} INFO - Sync 10 DAGs
[2026-07-01T09:36:45.288+0000] {logging_mixin.py:190} INFO - [2026-07-01T09:36:45.288+0000] {dag.py:4138} INFO - Setting next_dagrun for conditional_dataset_and_time_based_timetable to 2026-07-01 01:00:00+00:00, run_after=2026-07-01 01:00:00+00:00
[2026-07-01T09:36:45.290+0000] {logging_mixin.py:190} INFO - [2026-07-01T09:36:45.290+0000] {dag.py:4138} INFO - Setting next_dagrun for consume_1_and_2_with_dataset_expressions to None, run_after=None
[2026-07-01T09:36:45.293+0000] {logging_mixin.py:190} INFO - [2026-07-01T09:36:45.292+0000] {dag.py:4138} INFO - Setting next_dagrun for consume_1_or_2_with_dataset_expressions to None, run_after=None
[2026-07-01T09:36:45.294+0000] {logging_mixin.py:190} INFO - [2026-07-01T09:36:45.294+0000] {dag.py:4138} INFO - Setting next_dagrun for consume_1_or_both_2_and_3_with_dataset_expressions to None, run_after=None
[2026-07-01T09:36:45.297+0000] {logging_mixin.py:190} INFO - [2026-07-01T09:36:45.296+0000] {dag.py:4138} INFO - Setting next_dagrun for dataset_consumes_1 to None, run_after=None
[2026-07-01T09:36:45.298+0000] {logging_mixin.py:190} INFO - [2026-07-01T09:36:45.297+0000] {dag.py:4138} INFO - Setting next_dagrun for dataset_consumes_1_and_2 to None, run_after=None
[2026-07-01T09:36:45.298+0000] {logging_mixin.py:190} INFO - [2026-07-01T09:36:45.298+0000] {dag.py:4138} INFO - Setting next_dagrun for dataset_consumes_1_never_scheduled to None, run_after=None
[2026-07-01T09:36:45.299+0000] {logging_mixin.py:190} INFO - [2026-07-01T09:36:45.299+0000] {dag.py:4138} INFO - Setting next_dagrun for dataset_consumes_unknown_never_scheduled to None, run_after=None
[2026-07-01T09:36:45.301+0000] {logging_mixin.py:190} INFO - [2026-07-01T09:36:45.301+0000] {dag.py:4138} INFO - Setting next_dagrun for dataset_produces_1 to 2026-06-30 00:00:00+00:00, run_after=2026-07-01 00:00:00+00:00
[2026-07-01T09:36:45.302+0000] {logging_mixin.py:190} INFO - [2026-07-01T09:36:45.302+0000] {dag.py:4138} INFO - Setting next_dagrun for dataset_produces_2 to None, run_after=None
[2026-07-01T09:36:45.324+0000] {processor.py:208} INFO - Processing /home/airflow/.local/lib/python3.12/site-packages/airflow/example_dags/example_datasets.py took 0.354 seconds
[2026-07-01T09:37:15.910+0000] {processor.py:186} INFO - Started process (PID=2916) to work on /home/airflow/.local/lib/python3.12/site-packages/airflow/example_dags/example_datasets.py
[2026-07-01T09:37:15.911+0000] {processor.py:914} INFO - Processing file /home/airflow/.local/lib/python3.12/site-packages/airflow/example_dags/example_datasets.py for tasks to queue
[2026-07-01T09:37:15.914+0000] {logging_mixin.py:190} INFO - [2026-07-01T09:37:15.914+0000] {dagbag.py:587} INFO - Filling up the DagBag from /home/airflow/.local/lib/python3.12/site-packages/airflow/example_dags/example_datasets.py
[2026-07-01T09:37:16.191+0000] {processor.py:925} INFO - DAG(s) 'conditional_dataset_and_time_based_timetable', 'dataset_consumes_1_never_scheduled', 'dataset_consumes_1_and_2', 'dataset_produces_2', 'dataset_consumes_unknown_never_scheduled', 'consume_1_or_both_2_and_3_with_dataset_expressions', 'consume_1_or_2_with_dataset_expressions', 'dataset_consumes_1', 'consume_1_and_2_with_dataset_expressions', 'dataset_produces_1' retrieved from /home/airflow/.local/lib/python3.12/site-packages/airflow/example_dags/example_datasets.py
[2026-07-01T09:37:16.221+0000] {logging_mixin.py:190} INFO - [2026-07-01T09:37:16.221+0000] {dag.py:3211} INFO - Sync 10 DAGs
[2026-07-01T09:37:16.239+0000] {logging_mixin.py:190} INFO - [2026-07-01T09:37:16.239+0000] {dag.py:4138} INFO - Setting next_dagrun for conditional_dataset_and_time_based_timetable to 2026-07-01 01:00:00+00:00, run_after=2026-07-01 01:00:00+00:00
[2026-07-01T09:37:16.241+0000] {logging_mixin.py:190} INFO - [2026-07-01T09:37:16.241+0000] {dag.py:4138} INFO - Setting next_dagrun for consume_1_and_2_with_dataset_expressions to None, run_after=None
[2026-07-01T09:37:16.245+0000] {logging_mixin.py:190} INFO - [2026-07-01T09:37:16.244+0000] {dag.py:4138} INFO - Setting next_dagrun for consume_1_or_2_with_dataset_expressions to None, run_after=None
[2026-07-01T09:37:16.246+0000] {logging_mixin.py:190} INFO - [2026-07-01T09:37:16.246+0000] {dag.py:4138} INFO - Setting next_dagrun for consume_1_or_both_2_and_3_with_dataset_expressions to None, run_after=None
[2026-07-01T09:37:16.247+0000] {logging_mixin.py:190} INFO - [2026-07-01T09:37:16.246+0000] {dag.py:4138} INFO - Setting next_dagrun for dataset_consumes_1 to None, run_after=None
[2026-07-01T09:37:16.247+0000] {logging_mixin.py:190} INFO - [2026-07-01T09:37:16.247+0000] {dag.py:4138} INFO - Setting next_dagrun for dataset_consumes_1_and_2 to None, run_after=None
[2026-07-01T09:37:16.248+0000] {logging_mixin.py:190} INFO - [2026-07-01T09:37:16.248+0000] {dag.py:4138} INFO - Setting next_dagrun for dataset_consumes_1_never_scheduled to None, run_after=None
[2026-07-01T09:37:16.250+0000] {logging_mixin.py:190} INFO - [2026-07-01T09:37:16.250+0000] {dag.py:4138} INFO - Setting next_dagrun for dataset_consumes_unknown_never_scheduled to None, run_after=None
[2026-07-01T09:37:16.253+0000] {logging_mixin.py:190} INFO - [2026-07-01T09:37:16.252+0000] {dag.py:4138} INFO - Setting next_dagrun for dataset_produces_1 to 2026-06-30 00:00:00+00:00, run_after=2026-07-01 00:00:00+00:00
[2026-07-01T09:37:16.254+0000] {logging_mixin.py:190} INFO - [2026-07-01T09:37:16.254+0000] {dag.py:4138} INFO - Setting next_dagrun for dataset_produces_2 to None, run_after=None
[2026-07-01T09:37:16.275+0000] {processor.py:208} INFO - Processing /home/airflow/.local/lib/python3.12/site-packages/airflow/example_dags/example_datasets.py took 0.370 seconds
[2026-07-01T09:37:46.759+0000] {processor.py:186} INFO - Started process (PID=2978) to work on /home/airflow/.local/lib/python3.12/site-packages/airflow/example_dags/example_datasets.py
[2026-07-01T09:37:46.761+0000] {processor.py:914} INFO - Processing file /home/airflow/.local/lib/python3.12/site-packages/airflow/example_dags/example_datasets.py for tasks to queue
[2026-07-01T09:37:46.763+0000] {logging_mixin.py:190} INFO - [2026-07-01T09:37:46.762+0000] {dagbag.py:587} INFO - Filling up the DagBag from /home/airflow/.local/lib/python3.12/site-packages/airflow/example_dags/example_datasets.py
[2026-07-01T09:37:47.054+0000] {processor.py:925} INFO - DAG(s) 'dataset_produces_1', 'dataset_produces_2', 'conditional_dataset_and_time_based_timetable', 'consume_1_and_2_with_dataset_expressions', 'dataset_consumes_1_never_scheduled', 'dataset_consumes_unknown_never_scheduled', 'dataset_consumes_1', 'consume_1_or_both_2_and_3_with_dataset_expressions', 'consume_1_or_2_with_dataset_expressions', 'dataset_consumes_1_and_2' retrieved from /home/airflow/.local/lib/python3.12/site-packages/airflow/example_dags/example_datasets.py
[2026-07-01T09:37:47.084+0000] {logging_mixin.py:190} INFO - [2026-07-01T09:37:47.084+0000] {dag.py:3211} INFO - Sync 10 DAGs
[2026-07-01T09:37:47.102+0000] {logging_mixin.py:190} INFO - [2026-07-01T09:37:47.101+0000] {dag.py:4138} INFO - Setting next_dagrun for conditional_dataset_and_time_based_timetable to 2026-07-01 01:00:00+00:00, run_after=2026-07-01 01:00:00+00:00
[2026-07-01T09:37:47.106+0000] {logging_mixin.py:190} INFO - [2026-07-01T09:37:47.105+0000] {dag.py:4138} INFO - Setting next_dagrun for consume_1_and_2_with_dataset_expressions to None, run_after=None
[2026-07-01T09:37:47.107+0000] {logging_mixin.py:190} INFO - [2026-07-01T09:37:47.107+0000] {dag.py:4138} INFO - Setting next_dagrun for consume_1_or_2_with_dataset_expressions to None, run_after=None
[2026-07-01T09:37:47.108+0000] {logging_mixin.py:190} INFO - [2026-07-01T09:37:47.108+0000] {dag.py:4138} INFO - Setting next_dagrun for consume_1_or_both_2_and_3_with_dataset_expressions to None, run_after=None
[2026-07-01T09:37:47.110+0000] {logging_mixin.py:190} INFO - [2026-07-01T09:37:47.109+0000] {dag.py:4138} INFO - Setting next_dagrun for dataset_consumes_1 to None, run_after=None
[2026-07-01T09:37:47.111+0000] {logging_mixin.py:190} INFO - [2026-07-01T09:37:47.111+0000] {dag.py:4138} INFO - Setting next_dagrun for dataset_consumes_1_and_2 to None, run_after=None
[2026-07-01T09:37:47.113+0000] {logging_mixin.py:190} INFO - [2026-07-01T09:37:47.113+0000] {dag.py:4138} INFO - Setting next_dagrun for dataset_consumes_1_never_scheduled to None, run_after=None
[2026-07-01T09:37:47.116+0000] {logging_mixin.py:190} INFO - [2026-07-01T09:37:47.116+0000] {dag.py:4138} INFO - Setting next_dagrun for dataset_consumes_unknown_never_scheduled to None, run_after=None
[2026-07-01T09:37:47.117+0000] {logging_mixin.py:190} INFO - [2026-07-01T09:37:47.117+0000] {dag.py:4138} INFO - Setting next_dagrun for dataset_produces_1 to 2026-06-30 00:00:00+00:00, run_after=2026-07-01 00:00:00+00:00
[2026-07-01T09:37:47.118+0000] {logging_mixin.py:190} INFO - [2026-07-01T09:37:47.118+0000] {dag.py:4138} INFO - Setting next_dagrun for dataset_produces_2 to None, run_after=None
[2026-07-01T09:37:47.147+0000] {processor.py:208} INFO - Processing /home/airflow/.local/lib/python3.12/site-packages/airflow/example_dags/example_datasets.py took 0.392 seconds
[2026-07-01T09:38:17.742+0000] {processor.py:186} INFO - Started process (PID=3040) to work on /home/airflow/.local/lib/python3.12/site-packages/airflow/example_dags/example_datasets.py
[2026-07-01T09:38:17.743+0000] {processor.py:914} INFO - Processing file /home/airflow/.local/lib/python3.12/site-packages/airflow/example_dags/example_datasets.py for tasks to queue
[2026-07-01T09:38:17.744+0000] {logging_mixin.py:190} INFO - [2026-07-01T09:38:17.744+0000] {dagbag.py:587} INFO - Filling up the DagBag from /home/airflow/.local/lib/python3.12/site-packages/airflow/example_dags/example_datasets.py
[2026-07-01T09:38:17.982+0000] {processor.py:925} INFO - DAG(s) 'consume_1_or_2_with_dataset_expressions', 'consume_1_and_2_with_dataset_expressions', 'consume_1_or_both_2_and_3_with_dataset_expressions', 'dataset_consumes_1_never_scheduled', 'dataset_consumes_unknown_never_scheduled', 'dataset_consumes_1_and_2', 'dataset_consumes_1', 'dataset_produces_1', 'conditional_dataset_and_time_based_timetable', 'dataset_produces_2' retrieved from /home/airflow/.local/lib/python3.12/site-packages/airflow/example_dags/example_datasets.py
[2026-07-01T09:38:18.008+0000] {logging_mixin.py:190} INFO - [2026-07-01T09:38:18.008+0000] {dag.py:3211} INFO - Sync 10 DAGs
[2026-07-01T09:38:18.023+0000] {logging_mixin.py:190} INFO - [2026-07-01T09:38:18.023+0000] {dag.py:4138} INFO - Setting next_dagrun for conditional_dataset_and_time_based_timetable to 2026-07-01 01:00:00+00:00, run_after=2026-07-01 01:00:00+00:00
[2026-07-01T09:38:18.027+0000] {logging_mixin.py:190} INFO - [2026-07-01T09:38:18.027+0000] {dag.py:4138} INFO - Setting next_dagrun for consume_1_and_2_with_dataset_expressions to None, run_after=None
[2026-07-01T09:38:18.028+0000] {logging_mixin.py:190} INFO - [2026-07-01T09:38:18.028+0000] {dag.py:4138} INFO - Setting next_dagrun for consume_1_or_2_with_dataset_expressions to None, run_after=None
[2026-07-01T09:38:18.029+0000] {logging_mixin.py:190} INFO - [2026-07-01T09:38:18.029+0000] {dag.py:4138} INFO - Setting next_dagrun for consume_1_or_both_2_and_3_with_dataset_expressions to None, run_after=None
[2026-07-01T09:38:18.031+0000] {logging_mixin.py:190} INFO - [2026-07-01T09:38:18.031+0000] {dag.py:4138} INFO - Setting next_dagrun for dataset_consumes_1 to None, run_after=None
[2026-07-01T09:38:18.032+0000] {logging_mixin.py:190} INFO - [2026-07-01T09:38:18.032+0000] {dag.py:4138} INFO - Setting next_dagrun for dataset_consumes_1_and_2 to None, run_after=None
[2026-07-01T09:38:18.036+0000] {logging_mixin.py:190} INFO - [2026-07-01T09:38:18.036+0000] {dag.py:4138} INFO - Setting next_dagrun for dataset_consumes_1_never_scheduled to None, run_after=None
[2026-07-01T09:38:18.037+0000] {logging_mixin.py:190} INFO - [2026-07-01T09:38:18.037+0000] {dag.py:4138} INFO - Setting next_dagrun for dataset_consumes_unknown_never_scheduled to None, run_after=None
[2026-07-01T09:38:18.039+0000] {logging_mixin.py:190} INFO - [2026-07-01T09:38:18.039+0000] {dag.py:4138} INFO - Setting next_dagrun for dataset_produces_1 to 2026-06-30 00:00:00+00:00, run_after=2026-07-01 00:00:00+00:00
[2026-07-01T09:38:18.040+0000] {logging_mixin.py:190} INFO - [2026-07-01T09:38:18.040+0000] {dag.py:4138} INFO - Setting next_dagrun for dataset_produces_2 to None, run_after=None
[2026-07-01T09:38:18.062+0000] {processor.py:208} INFO - Processing /home/airflow/.local/lib/python3.12/site-packages/airflow/example_dags/example_datasets.py took 0.324 seconds
[2026-07-01T09:38:48.820+0000] {processor.py:186} INFO - Started process (PID=3102) to work on /home/airflow/.local/lib/python3.12/site-packages/airflow/example_dags/example_datasets.py
[2026-07-01T09:38:48.821+0000] {processor.py:914} INFO - Processing file /home/airflow/.local/lib/python3.12/site-packages/airflow/example_dags/example_datasets.py for tasks to queue
[2026-07-01T09:38:48.823+0000] {logging_mixin.py:190} INFO - [2026-07-01T09:38:48.823+0000] {dagbag.py:587} INFO - Filling up the DagBag from /home/airflow/.local/lib/python3.12/site-packages/airflow/example_dags/example_datasets.py
[2026-07-01T09:38:49.075+0000] {processor.py:925} INFO - DAG(s) 'dataset_consumes_unknown_never_scheduled', 'dataset_consumes_1_never_scheduled', 'dataset_produces_1', 'conditional_dataset_and_time_based_timetable', 'consume_1_and_2_with_dataset_expressions', 'dataset_consumes_1', 'dataset_consumes_1_and_2', 'consume_1_or_both_2_and_3_with_dataset_expressions', 'consume_1_or_2_with_dataset_expressions', 'dataset_produces_2' retrieved from /home/airflow/.local/lib/python3.12/site-packages/airflow/example_dags/example_datasets.py
[2026-07-01T09:38:49.107+0000] {logging_mixin.py:190} INFO - [2026-07-01T09:38:49.106+0000] {dag.py:3211} INFO - Sync 10 DAGs
[2026-07-01T09:38:49.124+0000] {logging_mixin.py:190} INFO - [2026-07-01T09:38:49.124+0000] {dag.py:4138} INFO - Setting next_dagrun for conditional_dataset_and_time_based_timetable to 2026-07-01 01:00:00+00:00, run_after=2026-07-01 01:00:00+00:00
[2026-07-01T09:38:49.127+0000] {logging_mixin.py:190} INFO - [2026-07-01T09:38:49.126+0000] {dag.py:4138} INFO - Setting next_dagrun for consume_1_and_2_with_dataset_expressions to None, run_after=None
[2026-07-01T09:38:49.128+0000] {logging_mixin.py:190} INFO - [2026-07-01T09:38:49.128+0000] {dag.py:4138} INFO - Setting next_dagrun for consume_1_or_2_with_dataset_expressions to None, run_after=None
[2026-07-01T09:38:49.129+0000] {logging_mixin.py:190} INFO - [2026-07-01T09:38:49.129+0000] {dag.py:4138} INFO - Setting next_dagrun for consume_1_or_both_2_and_3_with_dataset_expressions to None, run_after=None
[2026-07-01T09:38:49.130+0000] {logging_mixin.py:190} INFO - [2026-07-01T09:38:49.130+0000] {dag.py:4138} INFO - Setting next_dagrun for dataset_consumes_1 to None, run_after=None
[2026-07-01T09:38:49.131+0000] {logging_mixin.py:190} INFO - [2026-07-01T09:38:49.131+0000] {dag.py:4138} INFO - Setting next_dagrun for dataset_consumes_1_and_2 to None, run_after=None
[2026-07-01T09:38:49.133+0000] {logging_mixin.py:190} INFO - [2026-07-01T09:38:49.132+0000] {dag.py:4138} INFO - Setting next_dagrun for dataset_consumes_1_never_scheduled to None, run_after=None
[2026-07-01T09:38:49.134+0000] {logging_mixin.py:190} INFO - [2026-07-01T09:38:49.134+0000] {dag.py:4138} INFO - Setting next_dagrun for dataset_consumes_unknown_never_scheduled to None, run_after=None
[2026-07-01T09:38:49.136+0000] {logging_mixin.py:190} INFO - [2026-07-01T09:38:49.136+0000] {dag.py:4138} INFO - Setting next_dagrun for dataset_produces_1 to 2026-06-30 00:00:00+00:00, run_after=2026-07-01 00:00:00+00:00
[2026-07-01T09:38:49.137+0000] {logging_mixin.py:190} INFO - [2026-07-01T09:38:49.137+0000] {dag.py:4138} INFO - Setting next_dagrun for dataset_produces_2 to None, run_after=None
[2026-07-01T09:38:49.159+0000] {processor.py:208} INFO - Processing /home/airflow/.local/lib/python3.12/site-packages/airflow/example_dags/example_datasets.py took 0.343 seconds
[2026-07-01T09:39:19.785+0000] {processor.py:186} INFO - Started process (PID=3173) to work on /home/airflow/.local/lib/python3.12/site-packages/airflow/example_dags/example_datasets.py
[2026-07-01T09:39:19.787+0000] {processor.py:914} INFO - Processing file /home/airflow/.local/lib/python3.12/site-packages/airflow/example_dags/example_datasets.py for tasks to queue
[2026-07-01T09:39:19.789+0000] {logging_mixin.py:190} INFO - [2026-07-01T09:39:19.788+0000] {dagbag.py:587} INFO - Filling up the DagBag from /home/airflow/.local/lib/python3.12/site-packages/airflow/example_dags/example_datasets.py
[2026-07-01T09:39:20.045+0000] {processor.py:925} INFO - DAG(s) 'consume_1_and_2_with_dataset_expressions', 'dataset_produces_2', 'dataset_consumes_1_never_scheduled', 'conditional_dataset_and_time_based_timetable', 'dataset_consumes_1_and_2', 'consume_1_or_2_with_dataset_expressions', 'consume_1_or_both_2_and_3_with_dataset_expressions', 'dataset_produces_1', 'dataset_consumes_1', 'dataset_consumes_unknown_never_scheduled' retrieved from /home/airflow/.local/lib/python3.12/site-packages/airflow/example_dags/example_datasets.py
[2026-07-01T09:39:20.071+0000] {logging_mixin.py:190} INFO - [2026-07-01T09:39:20.071+0000] {dag.py:3211} INFO - Sync 10 DAGs
[2026-07-01T09:39:20.086+0000] {logging_mixin.py:190} INFO - [2026-07-01T09:39:20.086+0000] {dag.py:4138} INFO - Setting next_dagrun for conditional_dataset_and_time_based_timetable to 2026-07-01 01:00:00+00:00, run_after=2026-07-01 01:00:00+00:00
[2026-07-01T09:39:20.088+0000] {logging_mixin.py:190} INFO - [2026-07-01T09:39:20.088+0000] {dag.py:4138} INFO - Setting next_dagrun for consume_1_and_2_with_dataset_expressions to None, run_after=None
[2026-07-01T09:39:20.089+0000] {logging_mixin.py:190} INFO - [2026-07-01T09:39:20.089+0000] {dag.py:4138} INFO - Setting next_dagrun for consume_1_or_2_with_dataset_expressions to None, run_after=None
[2026-07-01T09:39:20.090+0000] {logging_mixin.py:190} INFO - [2026-07-01T09:39:20.090+0000] {dag.py:4138} INFO - Setting next_dagrun for consume_1_or_both_2_and_3_with_dataset_expressions to None, run_after=None
[2026-07-01T09:39:20.092+0000] {logging_mixin.py:190} INFO - [2026-07-01T09:39:20.092+0000] {dag.py:4138} INFO - Setting next_dagrun for dataset_consumes_1 to None, run_after=None
[2026-07-01T09:39:20.093+0000] {logging_mixin.py:190} INFO - [2026-07-01T09:39:20.093+0000] {dag.py:4138} INFO - Setting next_dagrun for dataset_consumes_1_and_2 to None, run_after=None
[2026-07-01T09:39:20.095+0000] {logging_mixin.py:190} INFO - [2026-07-01T09:39:20.095+0000] {dag.py:4138} INFO - Setting next_dagrun for dataset_consumes_1_never_scheduled to None, run_after=None
[2026-07-01T09:39:20.096+0000] {logging_mixin.py:190} INFO - [2026-07-01T09:39:20.096+0000] {dag.py:4138} INFO - Setting next_dagrun for dataset_consumes_unknown_never_scheduled to None, run_after=None
[2026-07-01T09:39:20.098+0000] {logging_mixin.py:190} INFO - [2026-07-01T09:39:20.098+0000] {dag.py:4138} INFO - Setting next_dagrun for dataset_produces_1 to 2026-06-30 00:00:00+00:00, run_after=2026-07-01 00:00:00+00:00
[2026-07-01T09:39:20.099+0000] {logging_mixin.py:190} INFO - [2026-07-01T09:39:20.099+0000] {dag.py:4138} INFO - Setting next_dagrun for dataset_produces_2 to None, run_after=None
[2026-07-01T09:39:20.118+0000] {processor.py:208} INFO - Processing /home/airflow/.local/lib/python3.12/site-packages/airflow/example_dags/example_datasets.py took 0.338 seconds
[2026-07-01T09:39:50.476+0000] {processor.py:186} INFO - Started process (PID=3238) to work on /home/airflow/.local/lib/python3.12/site-packages/airflow/example_dags/example_datasets.py
[2026-07-01T09:39:50.477+0000] {processor.py:914} INFO - Processing file /home/airflow/.local/lib/python3.12/site-packages/airflow/example_dags/example_datasets.py for tasks to queue
[2026-07-01T09:39:50.479+0000] {logging_mixin.py:190} INFO - [2026-07-01T09:39:50.478+0000] {dagbag.py:587} INFO - Filling up the DagBag from /home/airflow/.local/lib/python3.12/site-packages/airflow/example_dags/example_datasets.py
[2026-07-01T09:39:50.709+0000] {processor.py:925} INFO - DAG(s) 'consume_1_and_2_with_dataset_expressions', 'dataset_consumes_1', 'dataset_consumes_1_never_scheduled', 'conditional_dataset_and_time_based_timetable', 'consume_1_or_2_with_dataset_expressions', 'dataset_produces_1', 'dataset_consumes_1_and_2', 'consume_1_or_both_2_and_3_with_dataset_expressions', 'dataset_produces_2', 'dataset_consumes_unknown_never_scheduled' retrieved from /home/airflow/.local/lib/python3.12/site-packages/airflow/example_dags/example_datasets.py
[2026-07-01T09:39:50.735+0000] {logging_mixin.py:190} INFO - [2026-07-01T09:39:50.735+0000] {dag.py:3211} INFO - Sync 10 DAGs
[2026-07-01T09:39:50.749+0000] {logging_mixin.py:190} INFO - [2026-07-01T09:39:50.749+0000] {dag.py:4138} INFO - Setting next_dagrun for conditional_dataset_and_time_based_timetable to 2026-07-01 01:00:00+00:00, run_after=2026-07-01 01:00:00+00:00
[2026-07-01T09:39:50.751+0000] {logging_mixin.py:190} INFO - [2026-07-01T09:39:50.751+0000] {dag.py:4138} INFO - Setting next_dagrun for consume_1_and_2_with_dataset_expressions to None, run_after=None
[2026-07-01T09:39:50.753+0000] {logging_mixin.py:190} INFO - [2026-07-01T09:39:50.752+0000] {dag.py:4138} INFO - Setting next_dagrun for consume_1_or_2_with_dataset_expressions to None, run_after=None
[2026-07-01T09:39:50.755+0000] {logging_mixin.py:190} INFO - [2026-07-01T09:39:50.755+0000] {dag.py:4138} INFO - Setting next_dagrun for consume_1_or_both_2_and_3_with_dataset_expressions to None, run_after=None
[2026-07-01T09:39:50.756+0000] {logging_mixin.py:190} INFO - [2026-07-01T09:39:50.756+0000] {dag.py:4138} INFO - Setting next_dagrun for dataset_consumes_1 to None, run_after=None
[2026-07-01T09:39:50.757+0000] {logging_mixin.py:190} INFO - [2026-07-01T09:39:50.757+0000] {dag.py:4138} INFO - Setting next_dagrun for dataset_consumes_1_and_2 to None, run_after=None
[2026-07-01T09:39:50.758+0000] {logging_mixin.py:190} INFO - [2026-07-01T09:39:50.758+0000] {dag.py:4138} INFO - Setting next_dagrun for dataset_consumes_1_never_scheduled to None, run_after=None
[2026-07-01T09:39:50.759+0000] {logging_mixin.py:190} INFO - [2026-07-01T09:39:50.759+0000] {dag.py:4138} INFO - Setting next_dagrun for dataset_consumes_unknown_never_scheduled to None, run_after=None
[2026-07-01T09:39:50.761+0000] {logging_mixin.py:190} INFO - [2026-07-01T09:39:50.761+0000] {dag.py:4138} INFO - Setting next_dagrun for dataset_produces_1 to 2026-06-30 00:00:00+00:00, run_after=2026-07-01 00:00:00+00:00
[2026-07-01T09:39:50.762+0000] {logging_mixin.py:190} INFO - [2026-07-01T09:39:50.762+0000] {dag.py:4138} INFO - Setting next_dagrun for dataset_produces_2 to None, run_after=None
[2026-07-01T09:39:50.781+0000] {processor.py:208} INFO - Processing /home/airflow/.local/lib/python3.12/site-packages/airflow/example_dags/example_datasets.py took 0.310 seconds
[2026-07-01T09:40:21.731+0000] {processor.py:186} INFO - Started process (PID=3299) to work on /home/airflow/.local/lib/python3.12/site-packages/airflow/example_dags/example_datasets.py
[2026-07-01T09:40:21.732+0000] {processor.py:914} INFO - Processing file /home/airflow/.local/lib/python3.12/site-packages/airflow/example_dags/example_datasets.py for tasks to queue
[2026-07-01T09:40:21.734+0000] {logging_mixin.py:190} INFO - [2026-07-01T09:40:21.734+0000] {dagbag.py:587} INFO - Filling up the DagBag from /home/airflow/.local/lib/python3.12/site-packages/airflow/example_dags/example_datasets.py
[2026-07-01T09:40:21.842+0000] {processor.py:925} INFO - DAG(s) 'dataset_consumes_1', 'consume_1_or_2_with_dataset_expressions', 'dataset_produces_1', 'dataset_produces_2', 'consume_1_or_both_2_and_3_with_dataset_expressions', 'consume_1_and_2_with_dataset_expressions', 'conditional_dataset_and_time_based_timetable', 'dataset_consumes_unknown_never_scheduled', 'dataset_consumes_1_never_scheduled', 'dataset_consumes_1_and_2' retrieved from /home/airflow/.local/lib/python3.12/site-packages/airflow/example_dags/example_datasets.py
[2026-07-01T09:40:21.868+0000] {logging_mixin.py:190} INFO - [2026-07-01T09:40:21.868+0000] {dag.py:3211} INFO - Sync 10 DAGs
[2026-07-01T09:40:21.885+0000] {logging_mixin.py:190} INFO - [2026-07-01T09:40:21.885+0000] {dag.py:4138} INFO - Setting next_dagrun for conditional_dataset_and_time_based_timetable to 2026-07-01 01:00:00+00:00, run_after=2026-07-01 01:00:00+00:00
[2026-07-01T09:40:21.889+0000] {logging_mixin.py:190} INFO - [2026-07-01T09:40:21.888+0000] {dag.py:4138} INFO - Setting next_dagrun for consume_1_and_2_with_dataset_expressions to None, run_after=None
[2026-07-01T09:40:21.890+0000] {logging_mixin.py:190} INFO - [2026-07-01T09:40:21.890+0000] {dag.py:4138} INFO - Setting next_dagrun for consume_1_or_2_with_dataset_expressions to None, run_after=None
[2026-07-01T09:40:21.891+0000] {logging_mixin.py:190} INFO - [2026-07-01T09:40:21.891+0000] {dag.py:4138} INFO - Setting next_dagrun for consume_1_or_both_2_and_3_with_dataset_expressions to None, run_after=None
[2026-07-01T09:40:21.892+0000] {logging_mixin.py:190} INFO - [2026-07-01T09:40:21.892+0000] {dag.py:4138} INFO - Setting next_dagrun for dataset_consumes_1 to None, run_after=None
[2026-07-01T09:40:21.893+0000] {logging_mixin.py:190} INFO - [2026-07-01T09:40:21.893+0000] {dag.py:4138} INFO - Setting next_dagrun for dataset_consumes_1_and_2 to None, run_after=None
[2026-07-01T09:40:21.894+0000] {logging_mixin.py:190} INFO - [2026-07-01T09:40:21.894+0000] {dag.py:4138} INFO - Setting next_dagrun for dataset_consumes_1_never_scheduled to None, run_after=None
[2026-07-01T09:40:21.895+0000] {logging_mixin.py:190} INFO - [2026-07-01T09:40:21.895+0000] {dag.py:4138} INFO - Setting next_dagrun for dataset_consumes_unknown_never_scheduled to None, run_after=None
[2026-07-01T09:40:21.897+0000] {logging_mixin.py:190} INFO - [2026-07-01T09:40:21.897+0000] {dag.py:4138} INFO - Setting next_dagrun for dataset_produces_1 to 2026-06-30 00:00:00+00:00, run_after=2026-07-01 00:00:00+00:00
[2026-07-01T09:40:21.898+0000] {logging_mixin.py:190} INFO - [2026-07-01T09:40:21.898+0000] {dag.py:4138} INFO - Setting next_dagrun for dataset_produces_2 to None, run_after=None
[2026-07-01T09:40:21.920+0000] {processor.py:208} INFO - Processing /home/airflow/.local/lib/python3.12/site-packages/airflow/example_dags/example_datasets.py took 0.194 seconds
[2026-07-01T09:40:52.055+0000] {processor.py:186} INFO - Started process (PID=3362) to work on /home/airflow/.local/lib/python3.12/site-packages/airflow/example_dags/example_datasets.py
[2026-07-01T09:40:52.056+0000] {processor.py:914} INFO - Processing file /home/airflow/.local/lib/python3.12/site-packages/airflow/example_dags/example_datasets.py for tasks to queue
[2026-07-01T09:40:52.058+0000] {logging_mixin.py:190} INFO - [2026-07-01T09:40:52.058+0000] {dagbag.py:587} INFO - Filling up the DagBag from /home/airflow/.local/lib/python3.12/site-packages/airflow/example_dags/example_datasets.py
[2026-07-01T09:40:52.161+0000] {processor.py:925} INFO - DAG(s) 'dataset_produces_2', 'dataset_produces_1', 'consume_1_or_2_with_dataset_expressions', 'dataset_consumes_1', 'dataset_consumes_1_and_2', 'dataset_consumes_unknown_never_scheduled', 'dataset_consumes_1_never_scheduled', 'consume_1_and_2_with_dataset_expressions', 'conditional_dataset_and_time_based_timetable', 'consume_1_or_both_2_and_3_with_dataset_expressions' retrieved from /home/airflow/.local/lib/python3.12/site-packages/airflow/example_dags/example_datasets.py
[2026-07-01T09:40:52.193+0000] {logging_mixin.py:190} INFO - [2026-07-01T09:40:52.193+0000] {dag.py:3211} INFO - Sync 10 DAGs
[2026-07-01T09:40:52.209+0000] {logging_mixin.py:190} INFO - [2026-07-01T09:40:52.209+0000] {dag.py:4138} INFO - Setting next_dagrun for conditional_dataset_and_time_based_timetable to 2026-07-01 01:00:00+00:00, run_after=2026-07-01 01:00:00+00:00
[2026-07-01T09:40:52.213+0000] {logging_mixin.py:190} INFO - [2026-07-01T09:40:52.213+0000] {dag.py:4138} INFO - Setting next_dagrun for consume_1_and_2_with_dataset_expressions to None, run_after=None
[2026-07-01T09:40:52.215+0000] {logging_mixin.py:190} INFO - [2026-07-01T09:40:52.215+0000] {dag.py:4138} INFO - Setting next_dagrun for consume_1_or_2_with_dataset_expressions to None, run_after=None
[2026-07-01T09:40:52.216+0000] {logging_mixin.py:190} INFO - [2026-07-01T09:40:52.216+0000] {dag.py:4138} INFO - Setting next_dagrun for consume_1_or_both_2_and_3_with_dataset_expressions to None, run_after=None
[2026-07-01T09:40:52.217+0000] {logging_mixin.py:190} INFO - [2026-07-01T09:40:52.217+0000] {dag.py:4138} INFO - Setting next_dagrun for dataset_consumes_1 to None, run_after=None
[2026-07-01T09:40:52.218+0000] {logging_mixin.py:190} INFO - [2026-07-01T09:40:52.218+0000] {dag.py:4138} INFO - Setting next_dagrun for dataset_consumes_1_and_2 to None, run_after=None
[2026-07-01T09:40:52.220+0000] {logging_mixin.py:190} INFO - [2026-07-01T09:40:52.219+0000] {dag.py:4138} INFO - Setting next_dagrun for dataset_consumes_1_never_scheduled to None, run_after=None
[2026-07-01T09:40:52.220+0000] {logging_mixin.py:190} INFO - [2026-07-01T09:40:52.220+0000] {dag.py:4138} INFO - Setting next_dagrun for dataset_consumes_unknown_never_scheduled to None, run_after=None
[2026-07-01T09:40:52.222+0000] {logging_mixin.py:190} INFO - [2026-07-01T09:40:52.222+0000] {dag.py:4138} INFO - Setting next_dagrun for dataset_produces_1 to 2026-06-30 00:00:00+00:00, run_after=2026-07-01 00:00:00+00:00
[2026-07-01T09:40:52.223+0000] {logging_mixin.py:190} INFO - [2026-07-01T09:40:52.223+0000] {dag.py:4138} INFO - Setting next_dagrun for dataset_produces_2 to None, run_after=None
[2026-07-01T09:40:52.246+0000] {processor.py:208} INFO - Processing /home/airflow/.local/lib/python3.12/site-packages/airflow/example_dags/example_datasets.py took 0.195 seconds
[2026-07-01T09:41:22.343+0000] {processor.py:186} INFO - Started process (PID=3421) to work on /home/airflow/.local/lib/python3.12/site-packages/airflow/example_dags/example_datasets.py
[2026-07-01T09:41:22.344+0000] {processor.py:914} INFO - Processing file /home/airflow/.local/lib/python3.12/site-packages/airflow/example_dags/example_datasets.py for tasks to queue
[2026-07-01T09:41:22.346+0000] {logging_mixin.py:190} INFO - [2026-07-01T09:41:22.346+0000] {dagbag.py:587} INFO - Filling up the DagBag from /home/airflow/.local/lib/python3.12/site-packages/airflow/example_dags/example_datasets.py
[2026-07-01T09:41:22.455+0000] {processor.py:925} INFO - DAG(s) 'consume_1_or_both_2_and_3_with_dataset_expressions', 'dataset_produces_1', 'dataset_consumes_1', 'conditional_dataset_and_time_based_timetable', 'dataset_produces_2', 'consume_1_or_2_with_dataset_expressions', 'dataset_consumes_unknown_never_scheduled', 'consume_1_and_2_with_dataset_expressions', 'dataset_consumes_1_and_2', 'dataset_consumes_1_never_scheduled' retrieved from /home/airflow/.local/lib/python3.12/site-packages/airflow/example_dags/example_datasets.py
[2026-07-01T09:41:22.487+0000] {logging_mixin.py:190} INFO - [2026-07-01T09:41:22.486+0000] {dag.py:3211} INFO - Sync 10 DAGs
[2026-07-01T09:41:22.504+0000] {logging_mixin.py:190} INFO - [2026-07-01T09:41:22.504+0000] {dag.py:4138} INFO - Setting next_dagrun for conditional_dataset_and_time_based_timetable to 2026-07-01 01:00:00+00:00, run_after=2026-07-01 01:00:00+00:00
[2026-07-01T09:41:22.507+0000] {logging_mixin.py:190} INFO - [2026-07-01T09:41:22.507+0000] {dag.py:4138} INFO - Setting next_dagrun for consume_1_and_2_with_dataset_expressions to None, run_after=None
[2026-07-01T09:41:22.508+0000] {logging_mixin.py:190} INFO - [2026-07-01T09:41:22.508+0000] {dag.py:4138} INFO - Setting next_dagrun for consume_1_or_2_with_dataset_expressions to None, run_after=None
[2026-07-01T09:41:22.509+0000] {logging_mixin.py:190} INFO - [2026-07-01T09:41:22.509+0000] {dag.py:4138} INFO - Setting next_dagrun for consume_1_or_both_2_and_3_with_dataset_expressions to None, run_after=None
[2026-07-01T09:41:22.510+0000] {logging_mixin.py:190} INFO - [2026-07-01T09:41:22.510+0000] {dag.py:4138} INFO - Setting next_dagrun for dataset_consumes_1 to None, run_after=None
[2026-07-01T09:41:22.511+0000] {logging_mixin.py:190} INFO - [2026-07-01T09:41:22.511+0000] {dag.py:4138} INFO - Setting next_dagrun for dataset_consumes_1_and_2 to None, run_after=None
[2026-07-01T09:41:22.513+0000] {logging_mixin.py:190} INFO - [2026-07-01T09:41:22.512+0000] {dag.py:4138} INFO - Setting next_dagrun for dataset_consumes_1_never_scheduled to None, run_after=None
[2026-07-01T09:41:22.513+0000] {logging_mixin.py:190} INFO - [2026-07-01T09:41:22.513+0000] {dag.py:4138} INFO - Setting next_dagrun for dataset_consumes_unknown_never_scheduled to None, run_after=None
[2026-07-01T09:41:22.515+0000] {logging_mixin.py:190} INFO - [2026-07-01T09:41:22.515+0000] {dag.py:4138} INFO - Setting next_dagrun for dataset_produces_1 to 2026-06-30 00:00:00+00:00, run_after=2026-07-01 00:00:00+00:00
[2026-07-01T09:41:22.516+0000] {logging_mixin.py:190} INFO - [2026-07-01T09:41:22.516+0000] {dag.py:4138} INFO - Setting next_dagrun for dataset_produces_2 to None, run_after=None
[2026-07-01T09:41:22.537+0000] {processor.py:208} INFO - Processing /home/airflow/.local/lib/python3.12/site-packages/airflow/example_dags/example_datasets.py took 0.199 seconds
[2026-07-01T09:41:52.600+0000] {processor.py:186} INFO - Started process (PID=3483) to work on /home/airflow/.local/lib/python3.12/site-packages/airflow/example_dags/example_datasets.py
[2026-07-01T09:41:52.601+0000] {processor.py:914} INFO - Processing file /home/airflow/.local/lib/python3.12/site-packages/airflow/example_dags/example_datasets.py for tasks to queue
[2026-07-01T09:41:52.603+0000] {logging_mixin.py:190} INFO - [2026-07-01T09:41:52.603+0000] {dagbag.py:587} INFO - Filling up the DagBag from /home/airflow/.local/lib/python3.12/site-packages/airflow/example_dags/example_datasets.py
[2026-07-01T09:41:52.719+0000] {processor.py:925} INFO - DAG(s) 'dataset_consumes_1_and_2', 'consume_1_or_2_with_dataset_expressions', 'consume_1_or_both_2_and_3_with_dataset_expressions', 'dataset_produces_1', 'conditional_dataset_and_time_based_timetable', 'dataset_consumes_unknown_never_scheduled', 'dataset_consumes_1', 'dataset_consumes_1_never_scheduled', 'dataset_produces_2', 'consume_1_and_2_with_dataset_expressions' retrieved from /home/airflow/.local/lib/python3.12/site-packages/airflow/example_dags/example_datasets.py
[2026-07-01T09:41:52.749+0000] {logging_mixin.py:190} INFO - [2026-07-01T09:41:52.748+0000] {dag.py:3211} INFO - Sync 10 DAGs
[2026-07-01T09:41:52.767+0000] {logging_mixin.py:190} INFO - [2026-07-01T09:41:52.767+0000] {dag.py:4138} INFO - Setting next_dagrun for conditional_dataset_and_time_based_timetable to 2026-07-01 01:00:00+00:00, run_after=2026-07-01 01:00:00+00:00
[2026-07-01T09:41:52.769+0000] {logging_mixin.py:190} INFO - [2026-07-01T09:41:52.769+0000] {dag.py:4138} INFO - Setting next_dagrun for consume_1_and_2_with_dataset_expressions to None, run_after=None
[2026-07-01T09:41:52.771+0000] {logging_mixin.py:190} INFO - [2026-07-01T09:41:52.771+0000] {dag.py:4138} INFO - Setting next_dagrun for consume_1_or_2_with_dataset_expressions to None, run_after=None
[2026-07-01T09:41:52.772+0000] {logging_mixin.py:190} INFO - [2026-07-01T09:41:52.772+0000] {dag.py:4138} INFO - Setting next_dagrun for consume_1_or_both_2_and_3_with_dataset_expressions to None, run_after=None
[2026-07-01T09:41:52.773+0000] {logging_mixin.py:190} INFO - [2026-07-01T09:41:52.773+0000] {dag.py:4138} INFO - Setting next_dagrun for dataset_consumes_1 to None, run_after=None
[2026-07-01T09:41:52.774+0000] {logging_mixin.py:190} INFO - [2026-07-01T09:41:52.774+0000] {dag.py:4138} INFO - Setting next_dagrun for dataset_consumes_1_and_2 to None, run_after=None
[2026-07-01T09:41:52.776+0000] {logging_mixin.py:190} INFO - [2026-07-01T09:41:52.776+0000] {dag.py:4138} INFO - Setting next_dagrun for dataset_consumes_1_never_scheduled to None, run_after=None
[2026-07-01T09:41:52.777+0000] {logging_mixin.py:190} INFO - [2026-07-01T09:41:52.777+0000] {dag.py:4138} INFO - Setting next_dagrun for dataset_consumes_unknown_never_scheduled to None, run_after=None
[2026-07-01T09:41:52.779+0000] {logging_mixin.py:190} INFO - [2026-07-01T09:41:52.779+0000] {dag.py:4138} INFO - Setting next_dagrun for dataset_produces_1 to 2026-06-30 00:00:00+00:00, run_after=2026-07-01 00:00:00+00:00
[2026-07-01T09:41:52.780+0000] {logging_mixin.py:190} INFO - [2026-07-01T09:41:52.780+0000] {dag.py:4138} INFO - Setting next_dagrun for dataset_produces_2 to None, run_after=None
[2026-07-01T09:41:52.803+0000] {processor.py:208} INFO - Processing /home/airflow/.local/lib/python3.12/site-packages/airflow/example_dags/example_datasets.py took 0.208 seconds
[2026-07-01T09:42:22.910+0000] {processor.py:186} INFO - Started process (PID=3547) to work on /home/airflow/.local/lib/python3.12/site-packages/airflow/example_dags/example_datasets.py
[2026-07-01T09:42:22.911+0000] {processor.py:914} INFO - Processing file /home/airflow/.local/lib/python3.12/site-packages/airflow/example_dags/example_datasets.py for tasks to queue
[2026-07-01T09:42:22.913+0000] {logging_mixin.py:190} INFO - [2026-07-01T09:42:22.912+0000] {dagbag.py:587} INFO - Filling up the DagBag from /home/airflow/.local/lib/python3.12/site-packages/airflow/example_dags/example_datasets.py
[2026-07-01T09:42:23.020+0000] {processor.py:925} INFO - DAG(s) 'conditional_dataset_and_time_based_timetable', 'consume_1_or_2_with_dataset_expressions', 'dataset_consumes_1', 'dataset_produces_2', 'dataset_consumes_unknown_never_scheduled', 'dataset_produces_1', 'consume_1_or_both_2_and_3_with_dataset_expressions', 'dataset_consumes_1_never_scheduled', 'consume_1_and_2_with_dataset_expressions', 'dataset_consumes_1_and_2' retrieved from /home/airflow/.local/lib/python3.12/site-packages/airflow/example_dags/example_datasets.py
[2026-07-01T09:42:23.048+0000] {logging_mixin.py:190} INFO - [2026-07-01T09:42:23.047+0000] {dag.py:3211} INFO - Sync 10 DAGs
[2026-07-01T09:42:23.067+0000] {logging_mixin.py:190} INFO - [2026-07-01T09:42:23.067+0000] {dag.py:4138} INFO - Setting next_dagrun for conditional_dataset_and_time_based_timetable to 2026-07-01 01:00:00+00:00, run_after=2026-07-01 01:00:00+00:00
[2026-07-01T09:42:23.070+0000] {logging_mixin.py:190} INFO - [2026-07-01T09:42:23.069+0000] {dag.py:4138} INFO - Setting next_dagrun for consume_1_and_2_with_dataset_expressions to None, run_after=None
[2026-07-01T09:42:23.071+0000] {logging_mixin.py:190} INFO - [2026-07-01T09:42:23.071+0000] {dag.py:4138} INFO - Setting next_dagrun for consume_1_or_2_with_dataset_expressions to None, run_after=None
[2026-07-01T09:42:23.071+0000] {logging_mixin.py:190} INFO - [2026-07-01T09:42:23.071+0000] {dag.py:4138} INFO - Setting next_dagrun for consume_1_or_both_2_and_3_with_dataset_expressions to None, run_after=None
[2026-07-01T09:42:23.072+0000] {logging_mixin.py:190} INFO - [2026-07-01T09:42:23.072+0000] {dag.py:4138} INFO - Setting next_dagrun for dataset_consumes_1 to None, run_after=None
[2026-07-01T09:42:23.073+0000] {logging_mixin.py:190} INFO - [2026-07-01T09:42:23.073+0000] {dag.py:4138} INFO - Setting next_dagrun for dataset_consumes_1_and_2 to None, run_after=None
[2026-07-01T09:42:23.074+0000] {logging_mixin.py:190} INFO - [2026-07-01T09:42:23.074+0000] {dag.py:4138} INFO - Setting next_dagrun for dataset_consumes_1_never_scheduled to None, run_after=None
[2026-07-01T09:42:23.075+0000] {logging_mixin.py:190} INFO - [2026-07-01T09:42:23.075+0000] {dag.py:4138} INFO - Setting next_dagrun for dataset_consumes_unknown_never_scheduled to None, run_after=None
[2026-07-01T09:42:23.078+0000] {logging_mixin.py:190} INFO - [2026-07-01T09:42:23.078+0000] {dag.py:4138} INFO - Setting next_dagrun for dataset_produces_1 to 2026-06-30 00:00:00+00:00, run_after=2026-07-01 00:00:00+00:00
[2026-07-01T09:42:23.080+0000] {logging_mixin.py:190} INFO - [2026-07-01T09:42:23.080+0000] {dag.py:4138} INFO - Setting next_dagrun for dataset_produces_2 to None, run_after=None
[2026-07-01T09:42:23.101+0000] {processor.py:208} INFO - Processing /home/airflow/.local/lib/python3.12/site-packages/airflow/example_dags/example_datasets.py took 0.196 seconds
[2026-07-01T09:42:53.308+0000] {processor.py:186} INFO - Started process (PID=3611) to work on /home/airflow/.local/lib/python3.12/site-packages/airflow/example_dags/example_datasets.py
[2026-07-01T09:42:53.309+0000] {processor.py:914} INFO - Processing file /home/airflow/.local/lib/python3.12/site-packages/airflow/example_dags/example_datasets.py for tasks to queue
[2026-07-01T09:42:53.311+0000] {logging_mixin.py:190} INFO - [2026-07-01T09:42:53.311+0000] {dagbag.py:587} INFO - Filling up the DagBag from /home/airflow/.local/lib/python3.12/site-packages/airflow/example_dags/example_datasets.py
[2026-07-01T09:42:53.407+0000] {processor.py:925} INFO - DAG(s) 'consume_1_and_2_with_dataset_expressions', 'consume_1_or_2_with_dataset_expressions', 'dataset_consumes_1_never_scheduled', 'dataset_consumes_1', 'dataset_produces_1', 'dataset_consumes_1_and_2', 'dataset_consumes_unknown_never_scheduled', 'consume_1_or_both_2_and_3_with_dataset_expressions', 'dataset_produces_2', 'conditional_dataset_and_time_based_timetable' retrieved from /home/airflow/.local/lib/python3.12/site-packages/airflow/example_dags/example_datasets.py
[2026-07-01T09:42:53.437+0000] {logging_mixin.py:190} INFO - [2026-07-01T09:42:53.437+0000] {dag.py:3211} INFO - Sync 10 DAGs
[2026-07-01T09:42:53.455+0000] {logging_mixin.py:190} INFO - [2026-07-01T09:42:53.455+0000] {dag.py:4138} INFO - Setting next_dagrun for conditional_dataset_and_time_based_timetable to 2026-07-01 01:00:00+00:00, run_after=2026-07-01 01:00:00+00:00
[2026-07-01T09:42:53.457+0000] {logging_mixin.py:190} INFO - [2026-07-01T09:42:53.457+0000] {dag.py:4138} INFO - Setting next_dagrun for consume_1_and_2_with_dataset_expressions to None, run_after=None
[2026-07-01T09:42:53.458+0000] {logging_mixin.py:190} INFO - [2026-07-01T09:42:53.458+0000] {dag.py:4138} INFO - Setting next_dagrun for consume_1_or_2_with_dataset_expressions to None, run_after=None
[2026-07-01T09:42:53.459+0000] {logging_mixin.py:190} INFO - [2026-07-01T09:42:53.459+0000] {dag.py:4138} INFO - Setting next_dagrun for consume_1_or_both_2_and_3_with_dataset_expressions to None, run_after=None
[2026-07-01T09:42:53.460+0000] {logging_mixin.py:190} INFO - [2026-07-01T09:42:53.460+0000] {dag.py:4138} INFO - Setting next_dagrun for dataset_consumes_1 to None, run_after=None
[2026-07-01T09:42:53.461+0000] {logging_mixin.py:190} INFO - [2026-07-01T09:42:53.461+0000] {dag.py:4138} INFO - Setting next_dagrun for dataset_consumes_1_and_2 to None, run_after=None
[2026-07-01T09:42:53.462+0000] {logging_mixin.py:190} INFO - [2026-07-01T09:42:53.461+0000] {dag.py:4138} INFO - Setting next_dagrun for dataset_consumes_1_never_scheduled to None, run_after=None
[2026-07-01T09:42:53.462+0000] {logging_mixin.py:190} INFO - [2026-07-01T09:42:53.462+0000] {dag.py:4138} INFO - Setting next_dagrun for dataset_consumes_unknown_never_scheduled to None, run_after=None
[2026-07-01T09:42:53.464+0000] {logging_mixin.py:190} INFO - [2026-07-01T09:42:53.464+0000] {dag.py:4138} INFO - Setting next_dagrun for dataset_produces_1 to 2026-06-30 00:00:00+00:00, run_after=2026-07-01 00:00:00+00:00
[2026-07-01T09:42:53.464+0000] {logging_mixin.py:190} INFO - [2026-07-01T09:42:53.464+0000] {dag.py:4138} INFO - Setting next_dagrun for dataset_produces_2 to None, run_after=None
[2026-07-01T09:42:53.485+0000] {processor.py:208} INFO - Processing /home/airflow/.local/lib/python3.12/site-packages/airflow/example_dags/example_datasets.py took 0.181 seconds
[2026-07-01T09:43:23.776+0000] {processor.py:186} INFO - Started process (PID=3673) to work on /home/airflow/.local/lib/python3.12/site-packages/airflow/example_dags/example_datasets.py
[2026-07-01T09:43:23.776+0000] {processor.py:914} INFO - Processing file /home/airflow/.local/lib/python3.12/site-packages/airflow/example_dags/example_datasets.py for tasks to queue
[2026-07-01T09:43:23.778+0000] {logging_mixin.py:190} INFO - [2026-07-01T09:43:23.778+0000] {dagbag.py:587} INFO - Filling up the DagBag from /home/airflow/.local/lib/python3.12/site-packages/airflow/example_dags/example_datasets.py
[2026-07-01T09:43:23.884+0000] {processor.py:925} INFO - DAG(s) 'dataset_produces_2', 'dataset_consumes_unknown_never_scheduled', 'consume_1_or_both_2_and_3_with_dataset_expressions', 'consume_1_or_2_with_dataset_expressions', 'dataset_produces_1', 'conditional_dataset_and_time_based_timetable', 'dataset_consumes_1', 'dataset_consumes_1_and_2', 'consume_1_and_2_with_dataset_expressions', 'dataset_consumes_1_never_scheduled' retrieved from /home/airflow/.local/lib/python3.12/site-packages/airflow/example_dags/example_datasets.py
[2026-07-01T09:43:23.915+0000] {logging_mixin.py:190} INFO - [2026-07-01T09:43:23.915+0000] {dag.py:3211} INFO - Sync 10 DAGs
[2026-07-01T09:43:23.933+0000] {logging_mixin.py:190} INFO - [2026-07-01T09:43:23.933+0000] {dag.py:4138} INFO - Setting next_dagrun for conditional_dataset_and_time_based_timetable to 2026-07-01 01:00:00+00:00, run_after=2026-07-01 01:00:00+00:00
[2026-07-01T09:43:23.935+0000] {logging_mixin.py:190} INFO - [2026-07-01T09:43:23.935+0000] {dag.py:4138} INFO - Setting next_dagrun for consume_1_and_2_with_dataset_expressions to None, run_after=None
[2026-07-01T09:43:23.937+0000] {logging_mixin.py:190} INFO - [2026-07-01T09:43:23.936+0000] {dag.py:4138} INFO - Setting next_dagrun for consume_1_or_2_with_dataset_expressions to None, run_after=None
[2026-07-01T09:43:23.938+0000] {logging_mixin.py:190} INFO - [2026-07-01T09:43:23.937+0000] {dag.py:4138} INFO - Setting next_dagrun for consume_1_or_both_2_and_3_with_dataset_expressions to None, run_after=None
[2026-07-01T09:43:23.939+0000] {logging_mixin.py:190} INFO - [2026-07-01T09:43:23.938+0000] {dag.py:4138} INFO - Setting next_dagrun for dataset_consumes_1 to None, run_after=None
[2026-07-01T09:43:23.939+0000] {logging_mixin.py:190} INFO - [2026-07-01T09:43:23.939+0000] {dag.py:4138} INFO - Setting next_dagrun for dataset_consumes_1_and_2 to None, run_after=None
[2026-07-01T09:43:23.940+0000] {logging_mixin.py:190} INFO - [2026-07-01T09:43:23.940+0000] {dag.py:4138} INFO - Setting next_dagrun for dataset_consumes_1_never_scheduled to None, run_after=None
[2026-07-01T09:43:23.941+0000] {logging_mixin.py:190} INFO - [2026-07-01T09:43:23.941+0000] {dag.py:4138} INFO - Setting next_dagrun for dataset_consumes_unknown_never_scheduled to None, run_after=None
[2026-07-01T09:43:23.943+0000] {logging_mixin.py:190} INFO - [2026-07-01T09:43:23.943+0000] {dag.py:4138} INFO - Setting next_dagrun for dataset_produces_1 to 2026-06-30 00:00:00+00:00, run_after=2026-07-01 00:00:00+00:00
[2026-07-01T09:43:23.943+0000] {logging_mixin.py:190} INFO - [2026-07-01T09:43:23.943+0000] {dag.py:4138} INFO - Setting next_dagrun for dataset_produces_2 to None, run_after=None
[2026-07-01T09:43:23.966+0000] {processor.py:208} INFO - Processing /home/airflow/.local/lib/python3.12/site-packages/airflow/example_dags/example_datasets.py took 0.195 seconds
[2026-07-01T09:43:54.058+0000] {processor.py:186} INFO - Started process (PID=3737) to work on /home/airflow/.local/lib/python3.12/site-packages/airflow/example_dags/example_datasets.py
[2026-07-01T09:43:54.059+0000] {processor.py:914} INFO - Processing file /home/airflow/.local/lib/python3.12/site-packages/airflow/example_dags/example_datasets.py for tasks to queue
[2026-07-01T09:43:54.060+0000] {logging_mixin.py:190} INFO - [2026-07-01T09:43:54.060+0000] {dagbag.py:587} INFO - Filling up the DagBag from /home/airflow/.local/lib/python3.12/site-packages/airflow/example_dags/example_datasets.py
[2026-07-01T09:43:54.153+0000] {processor.py:925} INFO - DAG(s) 'dataset_produces_1', 'dataset_consumes_1_never_scheduled', 'dataset_consumes_1_and_2', 'dataset_produces_2', 'dataset_consumes_1', 'conditional_dataset_and_time_based_timetable', 'dataset_consumes_unknown_never_scheduled', 'consume_1_or_2_with_dataset_expressions', 'consume_1_and_2_with_dataset_expressions', 'consume_1_or_both_2_and_3_with_dataset_expressions' retrieved from /home/airflow/.local/lib/python3.12/site-packages/airflow/example_dags/example_datasets.py
[2026-07-01T09:43:54.182+0000] {logging_mixin.py:190} INFO - [2026-07-01T09:43:54.181+0000] {dag.py:3211} INFO - Sync 10 DAGs
[2026-07-01T09:43:54.198+0000] {logging_mixin.py:190} INFO - [2026-07-01T09:43:54.197+0000] {dag.py:4138} INFO - Setting next_dagrun for conditional_dataset_and_time_based_timetable to 2026-07-01 01:00:00+00:00, run_after=2026-07-01 01:00:00+00:00
[2026-07-01T09:43:54.200+0000] {logging_mixin.py:190} INFO - [2026-07-01T09:43:54.200+0000] {dag.py:4138} INFO - Setting next_dagrun for consume_1_and_2_with_dataset_expressions to None, run_after=None
[2026-07-01T09:43:54.201+0000] {logging_mixin.py:190} INFO - [2026-07-01T09:43:54.201+0000] {dag.py:4138} INFO - Setting next_dagrun for consume_1_or_2_with_dataset_expressions to None, run_after=None
[2026-07-01T09:43:54.202+0000] {logging_mixin.py:190} INFO - [2026-07-01T09:43:54.202+0000] {dag.py:4138} INFO - Setting next_dagrun for consume_1_or_both_2_and_3_with_dataset_expressions to None, run_after=None
[2026-07-01T09:43:54.203+0000] {logging_mixin.py:190} INFO - [2026-07-01T09:43:54.203+0000] {dag.py:4138} INFO - Setting next_dagrun for dataset_consumes_1 to None, run_after=None
[2026-07-01T09:43:54.204+0000] {logging_mixin.py:190} INFO - [2026-07-01T09:43:54.203+0000] {dag.py:4138} INFO - Setting next_dagrun for dataset_consumes_1_and_2 to None, run_after=None
[2026-07-01T09:43:54.204+0000] {logging_mixin.py:190} INFO - [2026-07-01T09:43:54.204+0000] {dag.py:4138} INFO - Setting next_dagrun for dataset_consumes_1_never_scheduled to None, run_after=None
[2026-07-01T09:43:54.205+0000] {logging_mixin.py:190} INFO - [2026-07-01T09:43:54.205+0000] {dag.py:4138} INFO - Setting next_dagrun for dataset_consumes_unknown_never_scheduled to None, run_after=None
[2026-07-01T09:43:54.207+0000] {logging_mixin.py:190} INFO - [2026-07-01T09:43:54.207+0000] {dag.py:4138} INFO - Setting next_dagrun for dataset_produces_1 to 2026-06-30 00:00:00+00:00, run_after=2026-07-01 00:00:00+00:00
[2026-07-01T09:43:54.207+0000] {logging_mixin.py:190} INFO - [2026-07-01T09:43:54.207+0000] {dag.py:4138} INFO - Setting next_dagrun for dataset_produces_2 to None, run_after=None
[2026-07-01T09:43:54.227+0000] {processor.py:208} INFO - Processing /home/airflow/.local/lib/python3.12/site-packages/airflow/example_dags/example_datasets.py took 0.173 seconds
[2026-07-01T09:44:24.651+0000] {processor.py:186} INFO - Started process (PID=3799) to work on /home/airflow/.local/lib/python3.12/site-packages/airflow/example_dags/example_datasets.py
[2026-07-01T09:44:24.652+0000] {processor.py:914} INFO - Processing file /home/airflow/.local/lib/python3.12/site-packages/airflow/example_dags/example_datasets.py for tasks to queue
[2026-07-01T09:44:24.654+0000] {logging_mixin.py:190} INFO - [2026-07-01T09:44:24.654+0000] {dagbag.py:587} INFO - Filling up the DagBag from /home/airflow/.local/lib/python3.12/site-packages/airflow/example_dags/example_datasets.py
[2026-07-01T09:44:24.757+0000] {processor.py:925} INFO - DAG(s) 'conditional_dataset_and_time_based_timetable', 'dataset_consumes_unknown_never_scheduled', 'consume_1_and_2_with_dataset_expressions', 'dataset_consumes_1_never_scheduled', 'dataset_consumes_1_and_2', 'consume_1_or_2_with_dataset_expressions', 'consume_1_or_both_2_and_3_with_dataset_expressions', 'dataset_consumes_1', 'dataset_produces_2', 'dataset_produces_1' retrieved from /home/airflow/.local/lib/python3.12/site-packages/airflow/example_dags/example_datasets.py
[2026-07-01T09:44:24.788+0000] {logging_mixin.py:190} INFO - [2026-07-01T09:44:24.788+0000] {dag.py:3211} INFO - Sync 10 DAGs
[2026-07-01T09:44:24.806+0000] {logging_mixin.py:190} INFO - [2026-07-01T09:44:24.806+0000] {dag.py:4138} INFO - Setting next_dagrun for conditional_dataset_and_time_based_timetable to 2026-07-01 01:00:00+00:00, run_after=2026-07-01 01:00:00+00:00
[2026-07-01T09:44:24.809+0000] {logging_mixin.py:190} INFO - [2026-07-01T09:44:24.809+0000] {dag.py:4138} INFO - Setting next_dagrun for consume_1_and_2_with_dataset_expressions to None, run_after=None
[2026-07-01T09:44:24.810+0000] {logging_mixin.py:190} INFO - [2026-07-01T09:44:24.810+0000] {dag.py:4138} INFO - Setting next_dagrun for consume_1_or_2_with_dataset_expressions to None, run_after=None
[2026-07-01T09:44:24.812+0000] {logging_mixin.py:190} INFO - [2026-07-01T09:44:24.812+0000] {dag.py:4138} INFO - Setting next_dagrun for consume_1_or_both_2_and_3_with_dataset_expressions to None, run_after=None
[2026-07-01T09:44:24.813+0000] {logging_mixin.py:190} INFO - [2026-07-01T09:44:24.812+0000] {dag.py:4138} INFO - Setting next_dagrun for dataset_consumes_1 to None, run_after=None
[2026-07-01T09:44:24.814+0000] {logging_mixin.py:190} INFO - [2026-07-01T09:44:24.814+0000] {dag.py:4138} INFO - Setting next_dagrun for dataset_consumes_1_and_2 to None, run_after=None
[2026-07-01T09:44:24.815+0000] {logging_mixin.py:190} INFO - [2026-07-01T09:44:24.815+0000] {dag.py:4138} INFO - Setting next_dagrun for dataset_consumes_1_never_scheduled to None, run_after=None
[2026-07-01T09:44:24.816+0000] {logging_mixin.py:190} INFO - [2026-07-01T09:44:24.816+0000] {dag.py:4138} INFO - Setting next_dagrun for dataset_consumes_unknown_never_scheduled to None, run_after=None
[2026-07-01T09:44:24.817+0000] {logging_mixin.py:190} INFO - [2026-07-01T09:44:24.817+0000] {dag.py:4138} INFO - Setting next_dagrun for dataset_produces_1 to 2026-06-30 00:00:00+00:00, run_after=2026-07-01 00:00:00+00:00
[2026-07-01T09:44:24.818+0000] {logging_mixin.py:190} INFO - [2026-07-01T09:44:24.818+0000] {dag.py:4138} INFO - Setting next_dagrun for dataset_produces_2 to None, run_after=None
[2026-07-01T09:44:24.840+0000] {processor.py:208} INFO - Processing /home/airflow/.local/lib/python3.12/site-packages/airflow/example_dags/example_datasets.py took 0.194 seconds
[2026-07-01T09:44:54.901+0000] {processor.py:186} INFO - Started process (PID=3861) to work on /home/airflow/.local/lib/python3.12/site-packages/airflow/example_dags/example_datasets.py
[2026-07-01T09:44:54.902+0000] {processor.py:914} INFO - Processing file /home/airflow/.local/lib/python3.12/site-packages/airflow/example_dags/example_datasets.py for tasks to queue
[2026-07-01T09:44:54.904+0000] {logging_mixin.py:190} INFO - [2026-07-01T09:44:54.904+0000] {dagbag.py:587} INFO - Filling up the DagBag from /home/airflow/.local/lib/python3.12/site-packages/airflow/example_dags/example_datasets.py
[2026-07-01T09:44:55.027+0000] {processor.py:925} INFO - DAG(s) 'dataset_consumes_1_never_scheduled', 'dataset_consumes_1', 'conditional_dataset_and_time_based_timetable', 'dataset_consumes_1_and_2', 'dataset_consumes_unknown_never_scheduled', 'consume_1_or_both_2_and_3_with_dataset_expressions', 'consume_1_or_2_with_dataset_expressions', 'consume_1_and_2_with_dataset_expressions', 'dataset_produces_1', 'dataset_produces_2' retrieved from /home/airflow/.local/lib/python3.12/site-packages/airflow/example_dags/example_datasets.py
[2026-07-01T09:44:55.077+0000] {logging_mixin.py:190} INFO - [2026-07-01T09:44:55.077+0000] {dag.py:3211} INFO - Sync 10 DAGs
[2026-07-01T09:44:55.104+0000] {logging_mixin.py:190} INFO - [2026-07-01T09:44:55.104+0000] {dag.py:4138} INFO - Setting next_dagrun for conditional_dataset_and_time_based_timetable to 2026-07-01 01:00:00+00:00, run_after=2026-07-01 01:00:00+00:00
[2026-07-01T09:44:55.108+0000] {logging_mixin.py:190} INFO - [2026-07-01T09:44:55.108+0000] {dag.py:4138} INFO - Setting next_dagrun for consume_1_and_2_with_dataset_expressions to None, run_after=None
[2026-07-01T09:44:55.110+0000] {logging_mixin.py:190} INFO - [2026-07-01T09:44:55.110+0000] {dag.py:4138} INFO - Setting next_dagrun for consume_1_or_2_with_dataset_expressions to None, run_after=None
[2026-07-01T09:44:55.112+0000] {logging_mixin.py:190} INFO - [2026-07-01T09:44:55.112+0000] {dag.py:4138} INFO - Setting next_dagrun for consume_1_or_both_2_and_3_with_dataset_expressions to None, run_after=None
[2026-07-01T09:44:55.114+0000] {logging_mixin.py:190} INFO - [2026-07-01T09:44:55.114+0000] {dag.py:4138} INFO - Setting next_dagrun for dataset_consumes_1 to None, run_after=None
[2026-07-01T09:44:55.115+0000] {logging_mixin.py:190} INFO - [2026-07-01T09:44:55.115+0000] {dag.py:4138} INFO - Setting next_dagrun for dataset_consumes_1_and_2 to None, run_after=None
[2026-07-01T09:44:55.116+0000] {logging_mixin.py:190} INFO - [2026-07-01T09:44:55.116+0000] {dag.py:4138} INFO - Setting next_dagrun for dataset_consumes_1_never_scheduled to None, run_after=None
[2026-07-01T09:44:55.118+0000] {logging_mixin.py:190} INFO - [2026-07-01T09:44:55.118+0000] {dag.py:4138} INFO - Setting next_dagrun for dataset_consumes_unknown_never_scheduled to None, run_after=None
[2026-07-01T09:44:55.121+0000] {logging_mixin.py:190} INFO - [2026-07-01T09:44:55.120+0000] {dag.py:4138} INFO - Setting next_dagrun for dataset_produces_1 to 2026-06-30 00:00:00+00:00, run_after=2026-07-01 00:00:00+00:00
[2026-07-01T09:44:55.123+0000] {logging_mixin.py:190} INFO - [2026-07-01T09:44:55.123+0000] {dag.py:4138} INFO - Setting next_dagrun for dataset_produces_2 to None, run_after=None
[2026-07-01T09:44:55.164+0000] {processor.py:208} INFO - Processing /home/airflow/.local/lib/python3.12/site-packages/airflow/example_dags/example_datasets.py took 0.268 seconds
[2026-07-01T09:45:25.372+0000] {processor.py:186} INFO - Started process (PID=3922) to work on /home/airflow/.local/lib/python3.12/site-packages/airflow/example_dags/example_datasets.py
[2026-07-01T09:45:25.375+0000] {processor.py:914} INFO - Processing file /home/airflow/.local/lib/python3.12/site-packages/airflow/example_dags/example_datasets.py for tasks to queue
[2026-07-01T09:45:25.377+0000] {logging_mixin.py:190} INFO - [2026-07-01T09:45:25.377+0000] {dagbag.py:587} INFO - Filling up the DagBag from /home/airflow/.local/lib/python3.12/site-packages/airflow/example_dags/example_datasets.py
[2026-07-01T09:45:25.481+0000] {processor.py:925} INFO - DAG(s) 'dataset_consumes_1_never_scheduled', 'dataset_consumes_1_and_2', 'consume_1_or_2_with_dataset_expressions', 'dataset_produces_2', 'dataset_produces_1', 'consume_1_and_2_with_dataset_expressions', 'dataset_consumes_unknown_never_scheduled', 'dataset_consumes_1', 'consume_1_or_both_2_and_3_with_dataset_expressions', 'conditional_dataset_and_time_based_timetable' retrieved from /home/airflow/.local/lib/python3.12/site-packages/airflow/example_dags/example_datasets.py
[2026-07-01T09:45:25.512+0000] {logging_mixin.py:190} INFO - [2026-07-01T09:45:25.512+0000] {dag.py:3211} INFO - Sync 10 DAGs
[2026-07-01T09:45:25.531+0000] {logging_mixin.py:190} INFO - [2026-07-01T09:45:25.530+0000] {dag.py:4138} INFO - Setting next_dagrun for conditional_dataset_and_time_based_timetable to 2026-07-01 01:00:00+00:00, run_after=2026-07-01 01:00:00+00:00
[2026-07-01T09:45:25.534+0000] {logging_mixin.py:190} INFO - [2026-07-01T09:45:25.534+0000] {dag.py:4138} INFO - Setting next_dagrun for consume_1_and_2_with_dataset_expressions to None, run_after=None
[2026-07-01T09:45:25.535+0000] {logging_mixin.py:190} INFO - [2026-07-01T09:45:25.535+0000] {dag.py:4138} INFO - Setting next_dagrun for consume_1_or_2_with_dataset_expressions to None, run_after=None
[2026-07-01T09:45:25.537+0000] {logging_mixin.py:190} INFO - [2026-07-01T09:45:25.537+0000] {dag.py:4138} INFO - Setting next_dagrun for consume_1_or_both_2_and_3_with_dataset_expressions to None, run_after=None
[2026-07-01T09:45:25.539+0000] {logging_mixin.py:190} INFO - [2026-07-01T09:45:25.538+0000] {dag.py:4138} INFO - Setting next_dagrun for dataset_consumes_1 to None, run_after=None
[2026-07-01T09:45:25.540+0000] {logging_mixin.py:190} INFO - [2026-07-01T09:45:25.540+0000] {dag.py:4138} INFO - Setting next_dagrun for dataset_consumes_1_and_2 to None, run_after=None
[2026-07-01T09:45:25.543+0000] {logging_mixin.py:190} INFO - [2026-07-01T09:45:25.543+0000] {dag.py:4138} INFO - Setting next_dagrun for dataset_consumes_1_never_scheduled to None, run_after=None
[2026-07-01T09:45:25.545+0000] {logging_mixin.py:190} INFO - [2026-07-01T09:45:25.545+0000] {dag.py:4138} INFO - Setting next_dagrun for dataset_consumes_unknown_never_scheduled to None, run_after=None
[2026-07-01T09:45:25.548+0000] {logging_mixin.py:190} INFO - [2026-07-01T09:45:25.547+0000] {dag.py:4138} INFO - Setting next_dagrun for dataset_produces_1 to 2026-06-30 00:00:00+00:00, run_after=2026-07-01 00:00:00+00:00
[2026-07-01T09:45:25.549+0000] {logging_mixin.py:190} INFO - [2026-07-01T09:45:25.549+0000] {dag.py:4138} INFO - Setting next_dagrun for dataset_produces_2 to None, run_after=None
[2026-07-01T09:45:25.580+0000] {processor.py:208} INFO - Processing /home/airflow/.local/lib/python3.12/site-packages/airflow/example_dags/example_datasets.py took 0.213 seconds
