[2026-07-01T09:09:41.626+0000] {processor.py:186} INFO - Started process (PID=100) to work on /home/airflow/.local/lib/python3.12/site-packages/airflow/example_dags/example_branch_datetime_operator.py
[2026-07-01T09:09:41.627+0000] {processor.py:914} INFO - Processing file /home/airflow/.local/lib/python3.12/site-packages/airflow/example_dags/example_branch_datetime_operator.py for tasks to queue
[2026-07-01T09:09:41.629+0000] {logging_mixin.py:190} INFO - [2026-07-01T09:09:41.629+0000] {dagbag.py:587} INFO - Filling up the DagBag from /home/airflow/.local/lib/python3.12/site-packages/airflow/example_dags/example_branch_datetime_operator.py
[2026-07-01T09:09:41.640+0000] {processor.py:925} INFO - DAG(s) 'example_branch_datetime_operator', 'example_branch_datetime_operator_3', 'example_branch_datetime_operator_2' retrieved from /home/airflow/.local/lib/python3.12/site-packages/airflow/example_dags/example_branch_datetime_operator.py
[2026-07-01T09:09:41.726+0000] {logging_mixin.py:190} INFO - [2026-07-01T09:09:41.725+0000] {override.py:1858} INFO - Created Permission View: can read on DAG:example_branch_datetime_operator
[2026-07-01T09:09:41.734+0000] {logging_mixin.py:190} INFO - [2026-07-01T09:09:41.734+0000] {override.py:1858} INFO - Created Permission View: can delete on DAG:example_branch_datetime_operator
[2026-07-01T09:09:41.739+0000] {logging_mixin.py:190} INFO - [2026-07-01T09:09:41.739+0000] {override.py:1858} INFO - Created Permission View: can edit on DAG:example_branch_datetime_operator
[2026-07-01T09:09:41.749+0000] {logging_mixin.py:190} INFO - [2026-07-01T09:09:41.749+0000] {override.py:1858} INFO - Created Permission View: can read on DAG:example_branch_datetime_operator_3
[2026-07-01T09:09:41.755+0000] {logging_mixin.py:190} INFO - [2026-07-01T09:09:41.754+0000] {override.py:1858} INFO - Created Permission View: can delete on DAG:example_branch_datetime_operator_3
[2026-07-01T09:09:41.759+0000] {logging_mixin.py:190} INFO - [2026-07-01T09:09:41.759+0000] {override.py:1858} INFO - Created Permission View: can edit on DAG:example_branch_datetime_operator_3
[2026-07-01T09:09:41.768+0000] {logging_mixin.py:190} INFO - [2026-07-01T09:09:41.768+0000] {override.py:1858} INFO - Created Permission View: can read on DAG:example_branch_datetime_operator_2
[2026-07-01T09:09:41.774+0000] {logging_mixin.py:190} INFO - [2026-07-01T09:09:41.774+0000] {override.py:1858} INFO - Created Permission View: can delete on DAG:example_branch_datetime_operator_2
[2026-07-01T09:09:41.778+0000] {logging_mixin.py:190} INFO - [2026-07-01T09:09:41.778+0000] {override.py:1858} INFO - Created Permission View: can edit on DAG:example_branch_datetime_operator_2
[2026-07-01T09:09:41.779+0000] {logging_mixin.py:190} INFO - [2026-07-01T09:09:41.779+0000] {dag.py:3211} INFO - Sync 3 DAGs
[2026-07-01T09:09:41.789+0000] {logging_mixin.py:190} INFO - [2026-07-01T09:09:41.789+0000] {dag.py:3234} INFO - Creating ORM DAG for example_branch_datetime_operator_3
[2026-07-01T09:09:41.791+0000] {logging_mixin.py:190} INFO - [2026-07-01T09:09:41.791+0000] {dag.py:3234} INFO - Creating ORM DAG for example_branch_datetime_operator_2
[2026-07-01T09:09:41.792+0000] {logging_mixin.py:190} INFO - [2026-07-01T09:09:41.792+0000] {dag.py:3234} INFO - Creating ORM DAG for example_branch_datetime_operator
[2026-07-01T09:09:41.799+0000] {logging_mixin.py:190} INFO - [2026-07-01T09:09:41.799+0000] {dag.py:4138} INFO - Setting next_dagrun for example_branch_datetime_operator to 2026-06-30 00:00:00+00:00, run_after=2026-07-01 00:00:00+00:00
[2026-07-01T09:09:41.802+0000] {logging_mixin.py:190} INFO - [2026-07-01T09:09:41.801+0000] {dag.py:4138} INFO - Setting next_dagrun for example_branch_datetime_operator_2 to 2026-06-30 00:00:00+00:00, run_after=2026-07-01 00:00:00+00:00
[2026-07-01T09:09:41.803+0000] {logging_mixin.py:190} INFO - [2026-07-01T09:09:41.803+0000] {dag.py:4138} INFO - Setting next_dagrun for example_branch_datetime_operator_3 to 2026-06-30 00:00:00+00:00, run_after=2026-07-01 00:00:00+00:00
[2026-07-01T09:09:41.820+0000] {processor.py:208} INFO - Processing /home/airflow/.local/lib/python3.12/site-packages/airflow/example_dags/example_branch_datetime_operator.py took 0.200 seconds
[2026-07-01T09:10:11.943+0000] {processor.py:186} INFO - Started process (PID=162) to work on /home/airflow/.local/lib/python3.12/site-packages/airflow/example_dags/example_branch_datetime_operator.py
[2026-07-01T09:10:11.944+0000] {processor.py:914} INFO - Processing file /home/airflow/.local/lib/python3.12/site-packages/airflow/example_dags/example_branch_datetime_operator.py for tasks to queue
[2026-07-01T09:10:11.946+0000] {logging_mixin.py:190} INFO - [2026-07-01T09:10:11.945+0000] {dagbag.py:587} INFO - Filling up the DagBag from /home/airflow/.local/lib/python3.12/site-packages/airflow/example_dags/example_branch_datetime_operator.py
[2026-07-01T09:10:11.953+0000] {processor.py:925} INFO - DAG(s) 'example_branch_datetime_operator_3', 'example_branch_datetime_operator', 'example_branch_datetime_operator_2' retrieved from /home/airflow/.local/lib/python3.12/site-packages/airflow/example_dags/example_branch_datetime_operator.py
[2026-07-01T09:10:11.972+0000] {logging_mixin.py:190} INFO - [2026-07-01T09:10:11.971+0000] {dag.py:3211} INFO - Sync 3 DAGs
[2026-07-01T09:10:11.987+0000] {logging_mixin.py:190} INFO - [2026-07-01T09:10:11.987+0000] {dag.py:4138} INFO - Setting next_dagrun for example_branch_datetime_operator to 2026-06-30 00:00:00+00:00, run_after=2026-07-01 00:00:00+00:00
[2026-07-01T09:10:11.990+0000] {logging_mixin.py:190} INFO - [2026-07-01T09:10:11.990+0000] {dag.py:4138} INFO - Setting next_dagrun for example_branch_datetime_operator_2 to 2026-06-30 00:00:00+00:00, run_after=2026-07-01 00:00:00+00:00
[2026-07-01T09:10:11.991+0000] {logging_mixin.py:190} INFO - [2026-07-01T09:10:11.991+0000] {dag.py:4138} INFO - Setting next_dagrun for example_branch_datetime_operator_3 to 2026-06-30 00:00:00+00:00, run_after=2026-07-01 00:00:00+00:00
[2026-07-01T09:10:12.002+0000] {processor.py:208} INFO - Processing /home/airflow/.local/lib/python3.12/site-packages/airflow/example_dags/example_branch_datetime_operator.py took 0.063 seconds
[2026-07-01T09:10:42.098+0000] {processor.py:186} INFO - Started process (PID=224) to work on /home/airflow/.local/lib/python3.12/site-packages/airflow/example_dags/example_branch_datetime_operator.py
[2026-07-01T09:10:42.099+0000] {processor.py:914} INFO - Processing file /home/airflow/.local/lib/python3.12/site-packages/airflow/example_dags/example_branch_datetime_operator.py for tasks to queue
[2026-07-01T09:10:42.101+0000] {logging_mixin.py:190} INFO - [2026-07-01T09:10:42.100+0000] {dagbag.py:587} INFO - Filling up the DagBag from /home/airflow/.local/lib/python3.12/site-packages/airflow/example_dags/example_branch_datetime_operator.py
[2026-07-01T09:10:42.108+0000] {processor.py:925} INFO - DAG(s) 'example_branch_datetime_operator', 'example_branch_datetime_operator_3', 'example_branch_datetime_operator_2' retrieved from /home/airflow/.local/lib/python3.12/site-packages/airflow/example_dags/example_branch_datetime_operator.py
[2026-07-01T09:10:42.127+0000] {logging_mixin.py:190} INFO - [2026-07-01T09:10:42.127+0000] {dag.py:3211} INFO - Sync 3 DAGs
[2026-07-01T09:10:42.144+0000] {logging_mixin.py:190} INFO - [2026-07-01T09:10:42.144+0000] {dag.py:4138} INFO - Setting next_dagrun for example_branch_datetime_operator to 2026-06-30 00:00:00+00:00, run_after=2026-07-01 00:00:00+00:00
[2026-07-01T09:10:42.147+0000] {logging_mixin.py:190} INFO - [2026-07-01T09:10:42.147+0000] {dag.py:4138} INFO - Setting next_dagrun for example_branch_datetime_operator_2 to 2026-06-30 00:00:00+00:00, run_after=2026-07-01 00:00:00+00:00
[2026-07-01T09:10:42.149+0000] {logging_mixin.py:190} INFO - [2026-07-01T09:10:42.149+0000] {dag.py:4138} INFO - Setting next_dagrun for example_branch_datetime_operator_3 to 2026-06-30 00:00:00+00:00, run_after=2026-07-01 00:00:00+00:00
[2026-07-01T09:10:42.160+0000] {processor.py:208} INFO - Processing /home/airflow/.local/lib/python3.12/site-packages/airflow/example_dags/example_branch_datetime_operator.py took 0.067 seconds
[2026-07-01T09:11:12.419+0000] {processor.py:186} INFO - Started process (PID=286) to work on /home/airflow/.local/lib/python3.12/site-packages/airflow/example_dags/example_branch_datetime_operator.py
[2026-07-01T09:11:12.420+0000] {processor.py:914} INFO - Processing file /home/airflow/.local/lib/python3.12/site-packages/airflow/example_dags/example_branch_datetime_operator.py for tasks to queue
[2026-07-01T09:11:12.422+0000] {logging_mixin.py:190} INFO - [2026-07-01T09:11:12.421+0000] {dagbag.py:587} INFO - Filling up the DagBag from /home/airflow/.local/lib/python3.12/site-packages/airflow/example_dags/example_branch_datetime_operator.py
[2026-07-01T09:11:12.429+0000] {processor.py:925} INFO - DAG(s) 'example_branch_datetime_operator_2', 'example_branch_datetime_operator', 'example_branch_datetime_operator_3' retrieved from /home/airflow/.local/lib/python3.12/site-packages/airflow/example_dags/example_branch_datetime_operator.py
[2026-07-01T09:11:12.446+0000] {logging_mixin.py:190} INFO - [2026-07-01T09:11:12.446+0000] {dag.py:3211} INFO - Sync 3 DAGs
[2026-07-01T09:11:12.461+0000] {logging_mixin.py:190} INFO - [2026-07-01T09:11:12.461+0000] {dag.py:4138} INFO - Setting next_dagrun for example_branch_datetime_operator to 2026-06-30 00:00:00+00:00, run_after=2026-07-01 00:00:00+00:00
[2026-07-01T09:11:12.464+0000] {logging_mixin.py:190} INFO - [2026-07-01T09:11:12.464+0000] {dag.py:4138} INFO - Setting next_dagrun for example_branch_datetime_operator_2 to 2026-06-30 00:00:00+00:00, run_after=2026-07-01 00:00:00+00:00
[2026-07-01T09:11:12.465+0000] {logging_mixin.py:190} INFO - [2026-07-01T09:11:12.465+0000] {dag.py:4138} INFO - Setting next_dagrun for example_branch_datetime_operator_3 to 2026-06-30 00:00:00+00:00, run_after=2026-07-01 00:00:00+00:00
[2026-07-01T09:11:12.475+0000] {processor.py:208} INFO - Processing /home/airflow/.local/lib/python3.12/site-packages/airflow/example_dags/example_branch_datetime_operator.py took 0.060 seconds
[2026-07-01T09:11:42.773+0000] {processor.py:186} INFO - Started process (PID=348) to work on /home/airflow/.local/lib/python3.12/site-packages/airflow/example_dags/example_branch_datetime_operator.py
[2026-07-01T09:11:42.774+0000] {processor.py:914} INFO - Processing file /home/airflow/.local/lib/python3.12/site-packages/airflow/example_dags/example_branch_datetime_operator.py for tasks to queue
[2026-07-01T09:11:42.776+0000] {logging_mixin.py:190} INFO - [2026-07-01T09:11:42.776+0000] {dagbag.py:587} INFO - Filling up the DagBag from /home/airflow/.local/lib/python3.12/site-packages/airflow/example_dags/example_branch_datetime_operator.py
[2026-07-01T09:11:42.784+0000] {processor.py:925} INFO - DAG(s) 'example_branch_datetime_operator', 'example_branch_datetime_operator_3', 'example_branch_datetime_operator_2' retrieved from /home/airflow/.local/lib/python3.12/site-packages/airflow/example_dags/example_branch_datetime_operator.py
[2026-07-01T09:11:42.814+0000] {logging_mixin.py:190} INFO - [2026-07-01T09:11:42.814+0000] {dag.py:3211} INFO - Sync 3 DAGs
[2026-07-01T09:11:42.836+0000] {logging_mixin.py:190} INFO - [2026-07-01T09:11:42.836+0000] {dag.py:4138} INFO - Setting next_dagrun for example_branch_datetime_operator to 2026-06-30 00:00:00+00:00, run_after=2026-07-01 00:00:00+00:00
[2026-07-01T09:11:42.839+0000] {logging_mixin.py:190} INFO - [2026-07-01T09:11:42.839+0000] {dag.py:4138} INFO - Setting next_dagrun for example_branch_datetime_operator_2 to 2026-06-30 00:00:00+00:00, run_after=2026-07-01 00:00:00+00:00
[2026-07-01T09:11:42.842+0000] {logging_mixin.py:190} INFO - [2026-07-01T09:11:42.841+0000] {dag.py:4138} INFO - Setting next_dagrun for example_branch_datetime_operator_3 to 2026-06-30 00:00:00+00:00, run_after=2026-07-01 00:00:00+00:00
[2026-07-01T09:11:42.854+0000] {processor.py:208} INFO - Processing /home/airflow/.local/lib/python3.12/site-packages/airflow/example_dags/example_branch_datetime_operator.py took 0.085 seconds
[2026-07-01T09:12:13.140+0000] {processor.py:186} INFO - Started process (PID=410) to work on /home/airflow/.local/lib/python3.12/site-packages/airflow/example_dags/example_branch_datetime_operator.py
[2026-07-01T09:12:13.141+0000] {processor.py:914} INFO - Processing file /home/airflow/.local/lib/python3.12/site-packages/airflow/example_dags/example_branch_datetime_operator.py for tasks to queue
[2026-07-01T09:12:13.144+0000] {logging_mixin.py:190} INFO - [2026-07-01T09:12:13.143+0000] {dagbag.py:587} INFO - Filling up the DagBag from /home/airflow/.local/lib/python3.12/site-packages/airflow/example_dags/example_branch_datetime_operator.py
[2026-07-01T09:12:13.152+0000] {processor.py:925} INFO - DAG(s) 'example_branch_datetime_operator', 'example_branch_datetime_operator_2', 'example_branch_datetime_operator_3' retrieved from /home/airflow/.local/lib/python3.12/site-packages/airflow/example_dags/example_branch_datetime_operator.py
[2026-07-01T09:12:13.171+0000] {logging_mixin.py:190} INFO - [2026-07-01T09:12:13.171+0000] {dag.py:3211} INFO - Sync 3 DAGs
[2026-07-01T09:12:13.188+0000] {logging_mixin.py:190} INFO - [2026-07-01T09:12:13.188+0000] {dag.py:4138} INFO - Setting next_dagrun for example_branch_datetime_operator to 2026-06-30 00:00:00+00:00, run_after=2026-07-01 00:00:00+00:00
[2026-07-01T09:12:13.191+0000] {logging_mixin.py:190} INFO - [2026-07-01T09:12:13.191+0000] {dag.py:4138} INFO - Setting next_dagrun for example_branch_datetime_operator_2 to 2026-06-30 00:00:00+00:00, run_after=2026-07-01 00:00:00+00:00
[2026-07-01T09:12:13.193+0000] {logging_mixin.py:190} INFO - [2026-07-01T09:12:13.193+0000] {dag.py:4138} INFO - Setting next_dagrun for example_branch_datetime_operator_3 to 2026-06-30 00:00:00+00:00, run_after=2026-07-01 00:00:00+00:00
[2026-07-01T09:12:13.204+0000] {processor.py:208} INFO - Processing /home/airflow/.local/lib/python3.12/site-packages/airflow/example_dags/example_branch_datetime_operator.py took 0.069 seconds
[2026-07-01T09:12:43.573+0000] {processor.py:186} INFO - Started process (PID=472) to work on /home/airflow/.local/lib/python3.12/site-packages/airflow/example_dags/example_branch_datetime_operator.py
[2026-07-01T09:12:43.574+0000] {processor.py:914} INFO - Processing file /home/airflow/.local/lib/python3.12/site-packages/airflow/example_dags/example_branch_datetime_operator.py for tasks to queue
[2026-07-01T09:12:43.576+0000] {logging_mixin.py:190} INFO - [2026-07-01T09:12:43.576+0000] {dagbag.py:587} INFO - Filling up the DagBag from /home/airflow/.local/lib/python3.12/site-packages/airflow/example_dags/example_branch_datetime_operator.py
[2026-07-01T09:12:43.584+0000] {processor.py:925} INFO - DAG(s) 'example_branch_datetime_operator_2', 'example_branch_datetime_operator', 'example_branch_datetime_operator_3' retrieved from /home/airflow/.local/lib/python3.12/site-packages/airflow/example_dags/example_branch_datetime_operator.py
[2026-07-01T09:12:43.605+0000] {logging_mixin.py:190} INFO - [2026-07-01T09:12:43.605+0000] {dag.py:3211} INFO - Sync 3 DAGs
[2026-07-01T09:12:43.624+0000] {logging_mixin.py:190} INFO - [2026-07-01T09:12:43.623+0000] {dag.py:4138} INFO - Setting next_dagrun for example_branch_datetime_operator to 2026-06-30 00:00:00+00:00, run_after=2026-07-01 00:00:00+00:00
[2026-07-01T09:12:43.627+0000] {logging_mixin.py:190} INFO - [2026-07-01T09:12:43.627+0000] {dag.py:4138} INFO - Setting next_dagrun for example_branch_datetime_operator_2 to 2026-06-30 00:00:00+00:00, run_after=2026-07-01 00:00:00+00:00
[2026-07-01T09:12:43.628+0000] {logging_mixin.py:190} INFO - [2026-07-01T09:12:43.628+0000] {dag.py:4138} INFO - Setting next_dagrun for example_branch_datetime_operator_3 to 2026-06-30 00:00:00+00:00, run_after=2026-07-01 00:00:00+00:00
[2026-07-01T09:12:43.640+0000] {processor.py:208} INFO - Processing /home/airflow/.local/lib/python3.12/site-packages/airflow/example_dags/example_branch_datetime_operator.py took 0.071 seconds
[2026-07-01T09:13:14.081+0000] {processor.py:186} INFO - Started process (PID=534) to work on /home/airflow/.local/lib/python3.12/site-packages/airflow/example_dags/example_branch_datetime_operator.py
[2026-07-01T09:13:14.082+0000] {processor.py:914} INFO - Processing file /home/airflow/.local/lib/python3.12/site-packages/airflow/example_dags/example_branch_datetime_operator.py for tasks to queue
[2026-07-01T09:13:14.084+0000] {logging_mixin.py:190} INFO - [2026-07-01T09:13:14.083+0000] {dagbag.py:587} INFO - Filling up the DagBag from /home/airflow/.local/lib/python3.12/site-packages/airflow/example_dags/example_branch_datetime_operator.py
[2026-07-01T09:13:14.091+0000] {processor.py:925} INFO - DAG(s) 'example_branch_datetime_operator_3', 'example_branch_datetime_operator_2', 'example_branch_datetime_operator' retrieved from /home/airflow/.local/lib/python3.12/site-packages/airflow/example_dags/example_branch_datetime_operator.py
[2026-07-01T09:13:14.109+0000] {logging_mixin.py:190} INFO - [2026-07-01T09:13:14.109+0000] {dag.py:3211} INFO - Sync 3 DAGs
[2026-07-01T09:13:14.126+0000] {logging_mixin.py:190} INFO - [2026-07-01T09:13:14.125+0000] {dag.py:4138} INFO - Setting next_dagrun for example_branch_datetime_operator to 2026-06-30 00:00:00+00:00, run_after=2026-07-01 00:00:00+00:00
[2026-07-01T09:13:14.129+0000] {logging_mixin.py:190} INFO - [2026-07-01T09:13:14.128+0000] {dag.py:4138} INFO - Setting next_dagrun for example_branch_datetime_operator_2 to 2026-06-30 00:00:00+00:00, run_after=2026-07-01 00:00:00+00:00
[2026-07-01T09:13:14.130+0000] {logging_mixin.py:190} INFO - [2026-07-01T09:13:14.130+0000] {dag.py:4138} INFO - Setting next_dagrun for example_branch_datetime_operator_3 to 2026-06-30 00:00:00+00:00, run_after=2026-07-01 00:00:00+00:00
[2026-07-01T09:13:14.140+0000] {processor.py:208} INFO - Processing /home/airflow/.local/lib/python3.12/site-packages/airflow/example_dags/example_branch_datetime_operator.py took 0.064 seconds
[2026-07-01T09:13:44.997+0000] {processor.py:186} INFO - Started process (PID=596) to work on /home/airflow/.local/lib/python3.12/site-packages/airflow/example_dags/example_branch_datetime_operator.py
[2026-07-01T09:13:44.998+0000] {processor.py:914} INFO - Processing file /home/airflow/.local/lib/python3.12/site-packages/airflow/example_dags/example_branch_datetime_operator.py for tasks to queue
[2026-07-01T09:13:45.000+0000] {logging_mixin.py:190} INFO - [2026-07-01T09:13:45.000+0000] {dagbag.py:587} INFO - Filling up the DagBag from /home/airflow/.local/lib/python3.12/site-packages/airflow/example_dags/example_branch_datetime_operator.py
[2026-07-01T09:13:45.009+0000] {processor.py:925} INFO - DAG(s) 'example_branch_datetime_operator_3', 'example_branch_datetime_operator', 'example_branch_datetime_operator_2' retrieved from /home/airflow/.local/lib/python3.12/site-packages/airflow/example_dags/example_branch_datetime_operator.py
[2026-07-01T09:13:45.029+0000] {logging_mixin.py:190} INFO - [2026-07-01T09:13:45.028+0000] {dag.py:3211} INFO - Sync 3 DAGs
[2026-07-01T09:13:45.046+0000] {logging_mixin.py:190} INFO - [2026-07-01T09:13:45.046+0000] {dag.py:4138} INFO - Setting next_dagrun for example_branch_datetime_operator to 2026-06-30 00:00:00+00:00, run_after=2026-07-01 00:00:00+00:00
[2026-07-01T09:13:45.050+0000] {logging_mixin.py:190} INFO - [2026-07-01T09:13:45.050+0000] {dag.py:4138} INFO - Setting next_dagrun for example_branch_datetime_operator_2 to 2026-06-30 00:00:00+00:00, run_after=2026-07-01 00:00:00+00:00
[2026-07-01T09:13:45.052+0000] {logging_mixin.py:190} INFO - [2026-07-01T09:13:45.052+0000] {dag.py:4138} INFO - Setting next_dagrun for example_branch_datetime_operator_3 to 2026-06-30 00:00:00+00:00, run_after=2026-07-01 00:00:00+00:00
[2026-07-01T09:13:45.065+0000] {processor.py:208} INFO - Processing /home/airflow/.local/lib/python3.12/site-packages/airflow/example_dags/example_branch_datetime_operator.py took 0.072 seconds
[2026-07-01T09:14:16.145+0000] {processor.py:186} INFO - Started process (PID=658) to work on /home/airflow/.local/lib/python3.12/site-packages/airflow/example_dags/example_branch_datetime_operator.py
[2026-07-01T09:14:16.146+0000] {processor.py:914} INFO - Processing file /home/airflow/.local/lib/python3.12/site-packages/airflow/example_dags/example_branch_datetime_operator.py for tasks to queue
[2026-07-01T09:14:16.148+0000] {logging_mixin.py:190} INFO - [2026-07-01T09:14:16.148+0000] {dagbag.py:587} INFO - Filling up the DagBag from /home/airflow/.local/lib/python3.12/site-packages/airflow/example_dags/example_branch_datetime_operator.py
[2026-07-01T09:14:16.157+0000] {processor.py:925} INFO - DAG(s) 'example_branch_datetime_operator_2', 'example_branch_datetime_operator_3', 'example_branch_datetime_operator' retrieved from /home/airflow/.local/lib/python3.12/site-packages/airflow/example_dags/example_branch_datetime_operator.py
[2026-07-01T09:14:16.179+0000] {logging_mixin.py:190} INFO - [2026-07-01T09:14:16.179+0000] {dag.py:3211} INFO - Sync 3 DAGs
[2026-07-01T09:14:16.198+0000] {logging_mixin.py:190} INFO - [2026-07-01T09:14:16.197+0000] {dag.py:4138} INFO - Setting next_dagrun for example_branch_datetime_operator to 2026-06-30 00:00:00+00:00, run_after=2026-07-01 00:00:00+00:00
[2026-07-01T09:14:16.201+0000] {logging_mixin.py:190} INFO - [2026-07-01T09:14:16.201+0000] {dag.py:4138} INFO - Setting next_dagrun for example_branch_datetime_operator_2 to 2026-06-30 00:00:00+00:00, run_after=2026-07-01 00:00:00+00:00
[2026-07-01T09:14:16.203+0000] {logging_mixin.py:190} INFO - [2026-07-01T09:14:16.203+0000] {dag.py:4138} INFO - Setting next_dagrun for example_branch_datetime_operator_3 to 2026-06-30 00:00:00+00:00, run_after=2026-07-01 00:00:00+00:00
[2026-07-01T09:14:16.216+0000] {processor.py:208} INFO - Processing /home/airflow/.local/lib/python3.12/site-packages/airflow/example_dags/example_branch_datetime_operator.py took 0.075 seconds
[2026-07-01T09:14:46.411+0000] {processor.py:186} INFO - Started process (PID=720) to work on /home/airflow/.local/lib/python3.12/site-packages/airflow/example_dags/example_branch_datetime_operator.py
[2026-07-01T09:14:46.412+0000] {processor.py:914} INFO - Processing file /home/airflow/.local/lib/python3.12/site-packages/airflow/example_dags/example_branch_datetime_operator.py for tasks to queue
[2026-07-01T09:14:46.414+0000] {logging_mixin.py:190} INFO - [2026-07-01T09:14:46.413+0000] {dagbag.py:587} INFO - Filling up the DagBag from /home/airflow/.local/lib/python3.12/site-packages/airflow/example_dags/example_branch_datetime_operator.py
[2026-07-01T09:14:46.422+0000] {processor.py:925} INFO - DAG(s) 'example_branch_datetime_operator', 'example_branch_datetime_operator_3', 'example_branch_datetime_operator_2' retrieved from /home/airflow/.local/lib/python3.12/site-packages/airflow/example_dags/example_branch_datetime_operator.py
[2026-07-01T09:14:46.443+0000] {logging_mixin.py:190} INFO - [2026-07-01T09:14:46.443+0000] {dag.py:3211} INFO - Sync 3 DAGs
[2026-07-01T09:14:46.461+0000] {logging_mixin.py:190} INFO - [2026-07-01T09:14:46.461+0000] {dag.py:4138} INFO - Setting next_dagrun for example_branch_datetime_operator to 2026-06-30 00:00:00+00:00, run_after=2026-07-01 00:00:00+00:00
[2026-07-01T09:14:46.464+0000] {logging_mixin.py:190} INFO - [2026-07-01T09:14:46.464+0000] {dag.py:4138} INFO - Setting next_dagrun for example_branch_datetime_operator_2 to 2026-06-30 00:00:00+00:00, run_after=2026-07-01 00:00:00+00:00
[2026-07-01T09:14:46.466+0000] {logging_mixin.py:190} INFO - [2026-07-01T09:14:46.466+0000] {dag.py:4138} INFO - Setting next_dagrun for example_branch_datetime_operator_3 to 2026-06-30 00:00:00+00:00, run_after=2026-07-01 00:00:00+00:00
[2026-07-01T09:14:46.479+0000] {processor.py:208} INFO - Processing /home/airflow/.local/lib/python3.12/site-packages/airflow/example_dags/example_branch_datetime_operator.py took 0.073 seconds
[2026-07-01T09:15:17.199+0000] {processor.py:186} INFO - Started process (PID=782) to work on /home/airflow/.local/lib/python3.12/site-packages/airflow/example_dags/example_branch_datetime_operator.py
[2026-07-01T09:15:17.199+0000] {processor.py:914} INFO - Processing file /home/airflow/.local/lib/python3.12/site-packages/airflow/example_dags/example_branch_datetime_operator.py for tasks to queue
[2026-07-01T09:15:17.202+0000] {logging_mixin.py:190} INFO - [2026-07-01T09:15:17.201+0000] {dagbag.py:587} INFO - Filling up the DagBag from /home/airflow/.local/lib/python3.12/site-packages/airflow/example_dags/example_branch_datetime_operator.py
[2026-07-01T09:15:17.209+0000] {processor.py:925} INFO - DAG(s) 'example_branch_datetime_operator', 'example_branch_datetime_operator_3', 'example_branch_datetime_operator_2' retrieved from /home/airflow/.local/lib/python3.12/site-packages/airflow/example_dags/example_branch_datetime_operator.py
[2026-07-01T09:15:17.228+0000] {logging_mixin.py:190} INFO - [2026-07-01T09:15:17.227+0000] {dag.py:3211} INFO - Sync 3 DAGs
[2026-07-01T09:15:17.243+0000] {logging_mixin.py:190} INFO - [2026-07-01T09:15:17.243+0000] {dag.py:4138} INFO - Setting next_dagrun for example_branch_datetime_operator to 2026-06-30 00:00:00+00:00, run_after=2026-07-01 00:00:00+00:00
[2026-07-01T09:15:17.248+0000] {logging_mixin.py:190} INFO - [2026-07-01T09:15:17.248+0000] {dag.py:4138} INFO - Setting next_dagrun for example_branch_datetime_operator_2 to 2026-06-30 00:00:00+00:00, run_after=2026-07-01 00:00:00+00:00
[2026-07-01T09:15:17.250+0000] {logging_mixin.py:190} INFO - [2026-07-01T09:15:17.250+0000] {dag.py:4138} INFO - Setting next_dagrun for example_branch_datetime_operator_3 to 2026-06-30 00:00:00+00:00, run_after=2026-07-01 00:00:00+00:00
[2026-07-01T09:15:17.261+0000] {processor.py:208} INFO - Processing /home/airflow/.local/lib/python3.12/site-packages/airflow/example_dags/example_branch_datetime_operator.py took 0.067 seconds
[2026-07-01T09:15:48.148+0000] {processor.py:186} INFO - Started process (PID=844) to work on /home/airflow/.local/lib/python3.12/site-packages/airflow/example_dags/example_branch_datetime_operator.py
[2026-07-01T09:15:48.149+0000] {processor.py:914} INFO - Processing file /home/airflow/.local/lib/python3.12/site-packages/airflow/example_dags/example_branch_datetime_operator.py for tasks to queue
[2026-07-01T09:15:48.151+0000] {logging_mixin.py:190} INFO - [2026-07-01T09:15:48.151+0000] {dagbag.py:587} INFO - Filling up the DagBag from /home/airflow/.local/lib/python3.12/site-packages/airflow/example_dags/example_branch_datetime_operator.py
[2026-07-01T09:15:48.159+0000] {processor.py:925} INFO - DAG(s) 'example_branch_datetime_operator_3', 'example_branch_datetime_operator_2', 'example_branch_datetime_operator' retrieved from /home/airflow/.local/lib/python3.12/site-packages/airflow/example_dags/example_branch_datetime_operator.py
[2026-07-01T09:15:48.177+0000] {logging_mixin.py:190} INFO - [2026-07-01T09:15:48.176+0000] {dag.py:3211} INFO - Sync 3 DAGs
[2026-07-01T09:15:48.191+0000] {logging_mixin.py:190} INFO - [2026-07-01T09:15:48.191+0000] {dag.py:4138} INFO - Setting next_dagrun for example_branch_datetime_operator to 2026-06-30 00:00:00+00:00, run_after=2026-07-01 00:00:00+00:00
[2026-07-01T09:15:48.194+0000] {logging_mixin.py:190} INFO - [2026-07-01T09:15:48.194+0000] {dag.py:4138} INFO - Setting next_dagrun for example_branch_datetime_operator_2 to 2026-06-30 00:00:00+00:00, run_after=2026-07-01 00:00:00+00:00
[2026-07-01T09:15:48.195+0000] {logging_mixin.py:190} INFO - [2026-07-01T09:15:48.195+0000] {dag.py:4138} INFO - Setting next_dagrun for example_branch_datetime_operator_3 to 2026-06-30 00:00:00+00:00, run_after=2026-07-01 00:00:00+00:00
[2026-07-01T09:15:48.205+0000] {processor.py:208} INFO - Processing /home/airflow/.local/lib/python3.12/site-packages/airflow/example_dags/example_branch_datetime_operator.py took 0.061 seconds
[2026-07-01T09:16:18.439+0000] {processor.py:186} INFO - Started process (PID=906) to work on /home/airflow/.local/lib/python3.12/site-packages/airflow/example_dags/example_branch_datetime_operator.py
[2026-07-01T09:16:18.440+0000] {processor.py:914} INFO - Processing file /home/airflow/.local/lib/python3.12/site-packages/airflow/example_dags/example_branch_datetime_operator.py for tasks to queue
[2026-07-01T09:16:18.442+0000] {logging_mixin.py:190} INFO - [2026-07-01T09:16:18.442+0000] {dagbag.py:587} INFO - Filling up the DagBag from /home/airflow/.local/lib/python3.12/site-packages/airflow/example_dags/example_branch_datetime_operator.py
[2026-07-01T09:16:18.451+0000] {processor.py:925} INFO - DAG(s) 'example_branch_datetime_operator', 'example_branch_datetime_operator_3', 'example_branch_datetime_operator_2' retrieved from /home/airflow/.local/lib/python3.12/site-packages/airflow/example_dags/example_branch_datetime_operator.py
[2026-07-01T09:16:18.471+0000] {logging_mixin.py:190} INFO - [2026-07-01T09:16:18.471+0000] {dag.py:3211} INFO - Sync 3 DAGs
[2026-07-01T09:16:18.488+0000] {logging_mixin.py:190} INFO - [2026-07-01T09:16:18.487+0000] {dag.py:4138} INFO - Setting next_dagrun for example_branch_datetime_operator to 2026-06-30 00:00:00+00:00, run_after=2026-07-01 00:00:00+00:00
[2026-07-01T09:16:18.491+0000] {logging_mixin.py:190} INFO - [2026-07-01T09:16:18.491+0000] {dag.py:4138} INFO - Setting next_dagrun for example_branch_datetime_operator_2 to 2026-06-30 00:00:00+00:00, run_after=2026-07-01 00:00:00+00:00
[2026-07-01T09:16:18.493+0000] {logging_mixin.py:190} INFO - [2026-07-01T09:16:18.493+0000] {dag.py:4138} INFO - Setting next_dagrun for example_branch_datetime_operator_3 to 2026-06-30 00:00:00+00:00, run_after=2026-07-01 00:00:00+00:00
[2026-07-01T09:16:18.504+0000] {processor.py:208} INFO - Processing /home/airflow/.local/lib/python3.12/site-packages/airflow/example_dags/example_branch_datetime_operator.py took 0.070 seconds
[2026-07-01T09:16:48.710+0000] {processor.py:186} INFO - Started process (PID=968) to work on /home/airflow/.local/lib/python3.12/site-packages/airflow/example_dags/example_branch_datetime_operator.py
[2026-07-01T09:16:48.711+0000] {processor.py:914} INFO - Processing file /home/airflow/.local/lib/python3.12/site-packages/airflow/example_dags/example_branch_datetime_operator.py for tasks to queue
[2026-07-01T09:16:48.713+0000] {logging_mixin.py:190} INFO - [2026-07-01T09:16:48.713+0000] {dagbag.py:587} INFO - Filling up the DagBag from /home/airflow/.local/lib/python3.12/site-packages/airflow/example_dags/example_branch_datetime_operator.py
[2026-07-01T09:16:48.721+0000] {processor.py:925} INFO - DAG(s) 'example_branch_datetime_operator', 'example_branch_datetime_operator_3', 'example_branch_datetime_operator_2' retrieved from /home/airflow/.local/lib/python3.12/site-packages/airflow/example_dags/example_branch_datetime_operator.py
[2026-07-01T09:16:48.740+0000] {logging_mixin.py:190} INFO - [2026-07-01T09:16:48.740+0000] {dag.py:3211} INFO - Sync 3 DAGs
[2026-07-01T09:16:48.757+0000] {logging_mixin.py:190} INFO - [2026-07-01T09:16:48.757+0000] {dag.py:4138} INFO - Setting next_dagrun for example_branch_datetime_operator to 2026-06-30 00:00:00+00:00, run_after=2026-07-01 00:00:00+00:00
[2026-07-01T09:16:48.760+0000] {logging_mixin.py:190} INFO - [2026-07-01T09:16:48.760+0000] {dag.py:4138} INFO - Setting next_dagrun for example_branch_datetime_operator_2 to 2026-06-30 00:00:00+00:00, run_after=2026-07-01 00:00:00+00:00
[2026-07-01T09:16:48.762+0000] {logging_mixin.py:190} INFO - [2026-07-01T09:16:48.762+0000] {dag.py:4138} INFO - Setting next_dagrun for example_branch_datetime_operator_3 to 2026-06-30 00:00:00+00:00, run_after=2026-07-01 00:00:00+00:00
[2026-07-01T09:16:48.773+0000] {processor.py:208} INFO - Processing /home/airflow/.local/lib/python3.12/site-packages/airflow/example_dags/example_branch_datetime_operator.py took 0.067 seconds
[2026-07-01T09:17:19.149+0000] {processor.py:186} INFO - Started process (PID=1030) to work on /home/airflow/.local/lib/python3.12/site-packages/airflow/example_dags/example_branch_datetime_operator.py
[2026-07-01T09:17:19.151+0000] {processor.py:914} INFO - Processing file /home/airflow/.local/lib/python3.12/site-packages/airflow/example_dags/example_branch_datetime_operator.py for tasks to queue
[2026-07-01T09:17:19.153+0000] {logging_mixin.py:190} INFO - [2026-07-01T09:17:19.153+0000] {dagbag.py:587} INFO - Filling up the DagBag from /home/airflow/.local/lib/python3.12/site-packages/airflow/example_dags/example_branch_datetime_operator.py
[2026-07-01T09:17:19.163+0000] {processor.py:925} INFO - DAG(s) 'example_branch_datetime_operator', 'example_branch_datetime_operator_3', 'example_branch_datetime_operator_2' retrieved from /home/airflow/.local/lib/python3.12/site-packages/airflow/example_dags/example_branch_datetime_operator.py
[2026-07-01T09:17:19.188+0000] {logging_mixin.py:190} INFO - [2026-07-01T09:17:19.188+0000] {dag.py:3211} INFO - Sync 3 DAGs
[2026-07-01T09:17:19.209+0000] {logging_mixin.py:190} INFO - [2026-07-01T09:17:19.209+0000] {dag.py:4138} INFO - Setting next_dagrun for example_branch_datetime_operator to 2026-06-30 00:00:00+00:00, run_after=2026-07-01 00:00:00+00:00
[2026-07-01T09:17:19.213+0000] {logging_mixin.py:190} INFO - [2026-07-01T09:17:19.213+0000] {dag.py:4138} INFO - Setting next_dagrun for example_branch_datetime_operator_2 to 2026-06-30 00:00:00+00:00, run_after=2026-07-01 00:00:00+00:00
[2026-07-01T09:17:19.215+0000] {logging_mixin.py:190} INFO - [2026-07-01T09:17:19.215+0000] {dag.py:4138} INFO - Setting next_dagrun for example_branch_datetime_operator_3 to 2026-06-30 00:00:00+00:00, run_after=2026-07-01 00:00:00+00:00
[2026-07-01T09:17:19.236+0000] {processor.py:208} INFO - Processing /home/airflow/.local/lib/python3.12/site-packages/airflow/example_dags/example_branch_datetime_operator.py took 0.092 seconds
[2026-07-01T09:17:49.361+0000] {processor.py:186} INFO - Started process (PID=1092) to work on /home/airflow/.local/lib/python3.12/site-packages/airflow/example_dags/example_branch_datetime_operator.py
[2026-07-01T09:17:49.363+0000] {processor.py:914} INFO - Processing file /home/airflow/.local/lib/python3.12/site-packages/airflow/example_dags/example_branch_datetime_operator.py for tasks to queue
[2026-07-01T09:17:49.365+0000] {logging_mixin.py:190} INFO - [2026-07-01T09:17:49.365+0000] {dagbag.py:587} INFO - Filling up the DagBag from /home/airflow/.local/lib/python3.12/site-packages/airflow/example_dags/example_branch_datetime_operator.py
[2026-07-01T09:17:49.376+0000] {processor.py:925} INFO - DAG(s) 'example_branch_datetime_operator_2', 'example_branch_datetime_operator_3', 'example_branch_datetime_operator' retrieved from /home/airflow/.local/lib/python3.12/site-packages/airflow/example_dags/example_branch_datetime_operator.py
[2026-07-01T09:17:49.402+0000] {logging_mixin.py:190} INFO - [2026-07-01T09:17:49.402+0000] {dag.py:3211} INFO - Sync 3 DAGs
[2026-07-01T09:17:49.423+0000] {logging_mixin.py:190} INFO - [2026-07-01T09:17:49.423+0000] {dag.py:4138} INFO - Setting next_dagrun for example_branch_datetime_operator to 2026-06-30 00:00:00+00:00, run_after=2026-07-01 00:00:00+00:00
[2026-07-01T09:17:49.427+0000] {logging_mixin.py:190} INFO - [2026-07-01T09:17:49.427+0000] {dag.py:4138} INFO - Setting next_dagrun for example_branch_datetime_operator_2 to 2026-06-30 00:00:00+00:00, run_after=2026-07-01 00:00:00+00:00
[2026-07-01T09:17:49.429+0000] {logging_mixin.py:190} INFO - [2026-07-01T09:17:49.429+0000] {dag.py:4138} INFO - Setting next_dagrun for example_branch_datetime_operator_3 to 2026-06-30 00:00:00+00:00, run_after=2026-07-01 00:00:00+00:00
[2026-07-01T09:17:49.445+0000] {processor.py:208} INFO - Processing /home/airflow/.local/lib/python3.12/site-packages/airflow/example_dags/example_branch_datetime_operator.py took 0.090 seconds
[2026-07-01T09:18:19.815+0000] {processor.py:186} INFO - Started process (PID=1154) to work on /home/airflow/.local/lib/python3.12/site-packages/airflow/example_dags/example_branch_datetime_operator.py
[2026-07-01T09:18:19.816+0000] {processor.py:914} INFO - Processing file /home/airflow/.local/lib/python3.12/site-packages/airflow/example_dags/example_branch_datetime_operator.py for tasks to queue
[2026-07-01T09:18:19.818+0000] {logging_mixin.py:190} INFO - [2026-07-01T09:18:19.817+0000] {dagbag.py:587} INFO - Filling up the DagBag from /home/airflow/.local/lib/python3.12/site-packages/airflow/example_dags/example_branch_datetime_operator.py
[2026-07-01T09:18:19.825+0000] {processor.py:925} INFO - DAG(s) 'example_branch_datetime_operator_2', 'example_branch_datetime_operator', 'example_branch_datetime_operator_3' retrieved from /home/airflow/.local/lib/python3.12/site-packages/airflow/example_dags/example_branch_datetime_operator.py
[2026-07-01T09:18:19.842+0000] {logging_mixin.py:190} INFO - [2026-07-01T09:18:19.842+0000] {dag.py:3211} INFO - Sync 3 DAGs
[2026-07-01T09:18:19.857+0000] {logging_mixin.py:190} INFO - [2026-07-01T09:18:19.857+0000] {dag.py:4138} INFO - Setting next_dagrun for example_branch_datetime_operator to 2026-06-30 00:00:00+00:00, run_after=2026-07-01 00:00:00+00:00
[2026-07-01T09:18:19.861+0000] {logging_mixin.py:190} INFO - [2026-07-01T09:18:19.860+0000] {dag.py:4138} INFO - Setting next_dagrun for example_branch_datetime_operator_2 to 2026-06-30 00:00:00+00:00, run_after=2026-07-01 00:00:00+00:00
[2026-07-01T09:18:19.862+0000] {logging_mixin.py:190} INFO - [2026-07-01T09:18:19.862+0000] {dag.py:4138} INFO - Setting next_dagrun for example_branch_datetime_operator_3 to 2026-06-30 00:00:00+00:00, run_after=2026-07-01 00:00:00+00:00
[2026-07-01T09:18:19.872+0000] {processor.py:208} INFO - Processing /home/airflow/.local/lib/python3.12/site-packages/airflow/example_dags/example_branch_datetime_operator.py took 0.061 seconds
[2026-07-01T09:18:50.809+0000] {processor.py:186} INFO - Started process (PID=1216) to work on /home/airflow/.local/lib/python3.12/site-packages/airflow/example_dags/example_branch_datetime_operator.py
[2026-07-01T09:18:50.811+0000] {processor.py:914} INFO - Processing file /home/airflow/.local/lib/python3.12/site-packages/airflow/example_dags/example_branch_datetime_operator.py for tasks to queue
[2026-07-01T09:18:50.813+0000] {logging_mixin.py:190} INFO - [2026-07-01T09:18:50.813+0000] {dagbag.py:587} INFO - Filling up the DagBag from /home/airflow/.local/lib/python3.12/site-packages/airflow/example_dags/example_branch_datetime_operator.py
[2026-07-01T09:18:50.822+0000] {processor.py:925} INFO - DAG(s) 'example_branch_datetime_operator_2', 'example_branch_datetime_operator', 'example_branch_datetime_operator_3' retrieved from /home/airflow/.local/lib/python3.12/site-packages/airflow/example_dags/example_branch_datetime_operator.py
[2026-07-01T09:18:50.841+0000] {logging_mixin.py:190} INFO - [2026-07-01T09:18:50.841+0000] {dag.py:3211} INFO - Sync 3 DAGs
[2026-07-01T09:18:50.858+0000] {logging_mixin.py:190} INFO - [2026-07-01T09:18:50.858+0000] {dag.py:4138} INFO - Setting next_dagrun for example_branch_datetime_operator to 2026-06-30 00:00:00+00:00, run_after=2026-07-01 00:00:00+00:00
[2026-07-01T09:18:50.862+0000] {logging_mixin.py:190} INFO - [2026-07-01T09:18:50.862+0000] {dag.py:4138} INFO - Setting next_dagrun for example_branch_datetime_operator_2 to 2026-06-30 00:00:00+00:00, run_after=2026-07-01 00:00:00+00:00
[2026-07-01T09:18:50.864+0000] {logging_mixin.py:190} INFO - [2026-07-01T09:18:50.864+0000] {dag.py:4138} INFO - Setting next_dagrun for example_branch_datetime_operator_3 to 2026-06-30 00:00:00+00:00, run_after=2026-07-01 00:00:00+00:00
[2026-07-01T09:18:50.875+0000] {processor.py:208} INFO - Processing /home/airflow/.local/lib/python3.12/site-packages/airflow/example_dags/example_branch_datetime_operator.py took 0.072 seconds
[2026-07-01T09:19:21.517+0000] {processor.py:186} INFO - Started process (PID=1278) to work on /home/airflow/.local/lib/python3.12/site-packages/airflow/example_dags/example_branch_datetime_operator.py
[2026-07-01T09:19:21.518+0000] {processor.py:914} INFO - Processing file /home/airflow/.local/lib/python3.12/site-packages/airflow/example_dags/example_branch_datetime_operator.py for tasks to queue
[2026-07-01T09:19:21.520+0000] {logging_mixin.py:190} INFO - [2026-07-01T09:19:21.519+0000] {dagbag.py:587} INFO - Filling up the DagBag from /home/airflow/.local/lib/python3.12/site-packages/airflow/example_dags/example_branch_datetime_operator.py
[2026-07-01T09:19:21.527+0000] {processor.py:925} INFO - DAG(s) 'example_branch_datetime_operator', 'example_branch_datetime_operator_3', 'example_branch_datetime_operator_2' retrieved from /home/airflow/.local/lib/python3.12/site-packages/airflow/example_dags/example_branch_datetime_operator.py
[2026-07-01T09:19:21.545+0000] {logging_mixin.py:190} INFO - [2026-07-01T09:19:21.545+0000] {dag.py:3211} INFO - Sync 3 DAGs
[2026-07-01T09:19:21.560+0000] {logging_mixin.py:190} INFO - [2026-07-01T09:19:21.560+0000] {dag.py:4138} INFO - Setting next_dagrun for example_branch_datetime_operator to 2026-06-30 00:00:00+00:00, run_after=2026-07-01 00:00:00+00:00
[2026-07-01T09:19:21.564+0000] {logging_mixin.py:190} INFO - [2026-07-01T09:19:21.564+0000] {dag.py:4138} INFO - Setting next_dagrun for example_branch_datetime_operator_2 to 2026-06-30 00:00:00+00:00, run_after=2026-07-01 00:00:00+00:00
[2026-07-01T09:19:21.569+0000] {logging_mixin.py:190} INFO - [2026-07-01T09:19:21.569+0000] {dag.py:4138} INFO - Setting next_dagrun for example_branch_datetime_operator_3 to 2026-06-30 00:00:00+00:00, run_after=2026-07-01 00:00:00+00:00
[2026-07-01T09:19:21.580+0000] {processor.py:208} INFO - Processing /home/airflow/.local/lib/python3.12/site-packages/airflow/example_dags/example_branch_datetime_operator.py took 0.068 seconds
[2026-07-01T09:19:52.282+0000] {processor.py:186} INFO - Started process (PID=1340) to work on /home/airflow/.local/lib/python3.12/site-packages/airflow/example_dags/example_branch_datetime_operator.py
[2026-07-01T09:19:52.283+0000] {processor.py:914} INFO - Processing file /home/airflow/.local/lib/python3.12/site-packages/airflow/example_dags/example_branch_datetime_operator.py for tasks to queue
[2026-07-01T09:19:52.286+0000] {logging_mixin.py:190} INFO - [2026-07-01T09:19:52.285+0000] {dagbag.py:587} INFO - Filling up the DagBag from /home/airflow/.local/lib/python3.12/site-packages/airflow/example_dags/example_branch_datetime_operator.py
[2026-07-01T09:19:52.295+0000] {processor.py:925} INFO - DAG(s) 'example_branch_datetime_operator', 'example_branch_datetime_operator_2', 'example_branch_datetime_operator_3' retrieved from /home/airflow/.local/lib/python3.12/site-packages/airflow/example_dags/example_branch_datetime_operator.py
[2026-07-01T09:19:52.315+0000] {logging_mixin.py:190} INFO - [2026-07-01T09:19:52.315+0000] {dag.py:3211} INFO - Sync 3 DAGs
[2026-07-01T09:19:52.333+0000] {logging_mixin.py:190} INFO - [2026-07-01T09:19:52.332+0000] {dag.py:4138} INFO - Setting next_dagrun for example_branch_datetime_operator to 2026-06-30 00:00:00+00:00, run_after=2026-07-01 00:00:00+00:00
[2026-07-01T09:19:52.336+0000] {logging_mixin.py:190} INFO - [2026-07-01T09:19:52.336+0000] {dag.py:4138} INFO - Setting next_dagrun for example_branch_datetime_operator_2 to 2026-06-30 00:00:00+00:00, run_after=2026-07-01 00:00:00+00:00
[2026-07-01T09:19:52.339+0000] {logging_mixin.py:190} INFO - [2026-07-01T09:19:52.339+0000] {dag.py:4138} INFO - Setting next_dagrun for example_branch_datetime_operator_3 to 2026-06-30 00:00:00+00:00, run_after=2026-07-01 00:00:00+00:00
[2026-07-01T09:19:52.351+0000] {processor.py:208} INFO - Processing /home/airflow/.local/lib/python3.12/site-packages/airflow/example_dags/example_branch_datetime_operator.py took 0.073 seconds
[2026-07-01T09:20:23.018+0000] {processor.py:186} INFO - Started process (PID=1402) to work on /home/airflow/.local/lib/python3.12/site-packages/airflow/example_dags/example_branch_datetime_operator.py
[2026-07-01T09:20:23.019+0000] {processor.py:914} INFO - Processing file /home/airflow/.local/lib/python3.12/site-packages/airflow/example_dags/example_branch_datetime_operator.py for tasks to queue
[2026-07-01T09:20:23.021+0000] {logging_mixin.py:190} INFO - [2026-07-01T09:20:23.021+0000] {dagbag.py:587} INFO - Filling up the DagBag from /home/airflow/.local/lib/python3.12/site-packages/airflow/example_dags/example_branch_datetime_operator.py
[2026-07-01T09:20:23.029+0000] {processor.py:925} INFO - DAG(s) 'example_branch_datetime_operator_3', 'example_branch_datetime_operator', 'example_branch_datetime_operator_2' retrieved from /home/airflow/.local/lib/python3.12/site-packages/airflow/example_dags/example_branch_datetime_operator.py
[2026-07-01T09:20:23.047+0000] {logging_mixin.py:190} INFO - [2026-07-01T09:20:23.047+0000] {dag.py:3211} INFO - Sync 3 DAGs
[2026-07-01T09:20:23.064+0000] {logging_mixin.py:190} INFO - [2026-07-01T09:20:23.064+0000] {dag.py:4138} INFO - Setting next_dagrun for example_branch_datetime_operator to 2026-06-30 00:00:00+00:00, run_after=2026-07-01 00:00:00+00:00
[2026-07-01T09:20:23.068+0000] {logging_mixin.py:190} INFO - [2026-07-01T09:20:23.068+0000] {dag.py:4138} INFO - Setting next_dagrun for example_branch_datetime_operator_2 to 2026-06-30 00:00:00+00:00, run_after=2026-07-01 00:00:00+00:00
[2026-07-01T09:20:23.069+0000] {logging_mixin.py:190} INFO - [2026-07-01T09:20:23.069+0000] {dag.py:4138} INFO - Setting next_dagrun for example_branch_datetime_operator_3 to 2026-06-30 00:00:00+00:00, run_after=2026-07-01 00:00:00+00:00
[2026-07-01T09:20:23.081+0000] {processor.py:208} INFO - Processing /home/airflow/.local/lib/python3.12/site-packages/airflow/example_dags/example_branch_datetime_operator.py took 0.068 seconds
[2026-07-01T09:20:53.813+0000] {processor.py:186} INFO - Started process (PID=1464) to work on /home/airflow/.local/lib/python3.12/site-packages/airflow/example_dags/example_branch_datetime_operator.py
[2026-07-01T09:20:53.814+0000] {processor.py:914} INFO - Processing file /home/airflow/.local/lib/python3.12/site-packages/airflow/example_dags/example_branch_datetime_operator.py for tasks to queue
[2026-07-01T09:20:53.817+0000] {logging_mixin.py:190} INFO - [2026-07-01T09:20:53.816+0000] {dagbag.py:587} INFO - Filling up the DagBag from /home/airflow/.local/lib/python3.12/site-packages/airflow/example_dags/example_branch_datetime_operator.py
[2026-07-01T09:20:53.826+0000] {processor.py:925} INFO - DAG(s) 'example_branch_datetime_operator_3', 'example_branch_datetime_operator', 'example_branch_datetime_operator_2' retrieved from /home/airflow/.local/lib/python3.12/site-packages/airflow/example_dags/example_branch_datetime_operator.py
[2026-07-01T09:20:53.847+0000] {logging_mixin.py:190} INFO - [2026-07-01T09:20:53.846+0000] {dag.py:3211} INFO - Sync 3 DAGs
[2026-07-01T09:20:53.863+0000] {logging_mixin.py:190} INFO - [2026-07-01T09:20:53.863+0000] {dag.py:4138} INFO - Setting next_dagrun for example_branch_datetime_operator to 2026-06-30 00:00:00+00:00, run_after=2026-07-01 00:00:00+00:00
[2026-07-01T09:20:53.866+0000] {logging_mixin.py:190} INFO - [2026-07-01T09:20:53.866+0000] {dag.py:4138} INFO - Setting next_dagrun for example_branch_datetime_operator_2 to 2026-06-30 00:00:00+00:00, run_after=2026-07-01 00:00:00+00:00
[2026-07-01T09:20:53.868+0000] {logging_mixin.py:190} INFO - [2026-07-01T09:20:53.868+0000] {dag.py:4138} INFO - Setting next_dagrun for example_branch_datetime_operator_3 to 2026-06-30 00:00:00+00:00, run_after=2026-07-01 00:00:00+00:00
[2026-07-01T09:20:53.879+0000] {processor.py:208} INFO - Processing /home/airflow/.local/lib/python3.12/site-packages/airflow/example_dags/example_branch_datetime_operator.py took 0.071 seconds
[2026-07-01T09:21:24.019+0000] {processor.py:186} INFO - Started process (PID=1526) to work on /home/airflow/.local/lib/python3.12/site-packages/airflow/example_dags/example_branch_datetime_operator.py
[2026-07-01T09:21:24.020+0000] {processor.py:914} INFO - Processing file /home/airflow/.local/lib/python3.12/site-packages/airflow/example_dags/example_branch_datetime_operator.py for tasks to queue
[2026-07-01T09:21:24.022+0000] {logging_mixin.py:190} INFO - [2026-07-01T09:21:24.022+0000] {dagbag.py:587} INFO - Filling up the DagBag from /home/airflow/.local/lib/python3.12/site-packages/airflow/example_dags/example_branch_datetime_operator.py
[2026-07-01T09:21:24.030+0000] {processor.py:925} INFO - DAG(s) 'example_branch_datetime_operator', 'example_branch_datetime_operator_3', 'example_branch_datetime_operator_2' retrieved from /home/airflow/.local/lib/python3.12/site-packages/airflow/example_dags/example_branch_datetime_operator.py
[2026-07-01T09:21:24.048+0000] {logging_mixin.py:190} INFO - [2026-07-01T09:21:24.048+0000] {dag.py:3211} INFO - Sync 3 DAGs
[2026-07-01T09:21:24.064+0000] {logging_mixin.py:190} INFO - [2026-07-01T09:21:24.064+0000] {dag.py:4138} INFO - Setting next_dagrun for example_branch_datetime_operator to 2026-06-30 00:00:00+00:00, run_after=2026-07-01 00:00:00+00:00
[2026-07-01T09:21:24.067+0000] {logging_mixin.py:190} INFO - [2026-07-01T09:21:24.067+0000] {dag.py:4138} INFO - Setting next_dagrun for example_branch_datetime_operator_2 to 2026-06-30 00:00:00+00:00, run_after=2026-07-01 00:00:00+00:00
[2026-07-01T09:21:24.068+0000] {logging_mixin.py:190} INFO - [2026-07-01T09:21:24.068+0000] {dag.py:4138} INFO - Setting next_dagrun for example_branch_datetime_operator_3 to 2026-06-30 00:00:00+00:00, run_after=2026-07-01 00:00:00+00:00
[2026-07-01T09:21:24.079+0000] {processor.py:208} INFO - Processing /home/airflow/.local/lib/python3.12/site-packages/airflow/example_dags/example_branch_datetime_operator.py took 0.065 seconds
[2026-07-01T09:21:54.384+0000] {processor.py:186} INFO - Started process (PID=1588) to work on /home/airflow/.local/lib/python3.12/site-packages/airflow/example_dags/example_branch_datetime_operator.py
[2026-07-01T09:21:54.385+0000] {processor.py:914} INFO - Processing file /home/airflow/.local/lib/python3.12/site-packages/airflow/example_dags/example_branch_datetime_operator.py for tasks to queue
[2026-07-01T09:21:54.387+0000] {logging_mixin.py:190} INFO - [2026-07-01T09:21:54.387+0000] {dagbag.py:587} INFO - Filling up the DagBag from /home/airflow/.local/lib/python3.12/site-packages/airflow/example_dags/example_branch_datetime_operator.py
[2026-07-01T09:21:54.396+0000] {processor.py:925} INFO - DAG(s) 'example_branch_datetime_operator_3', 'example_branch_datetime_operator', 'example_branch_datetime_operator_2' retrieved from /home/airflow/.local/lib/python3.12/site-packages/airflow/example_dags/example_branch_datetime_operator.py
[2026-07-01T09:21:54.415+0000] {logging_mixin.py:190} INFO - [2026-07-01T09:21:54.415+0000] {dag.py:3211} INFO - Sync 3 DAGs
[2026-07-01T09:21:54.432+0000] {logging_mixin.py:190} INFO - [2026-07-01T09:21:54.432+0000] {dag.py:4138} INFO - Setting next_dagrun for example_branch_datetime_operator to 2026-06-30 00:00:00+00:00, run_after=2026-07-01 00:00:00+00:00
[2026-07-01T09:21:54.436+0000] {logging_mixin.py:190} INFO - [2026-07-01T09:21:54.435+0000] {dag.py:4138} INFO - Setting next_dagrun for example_branch_datetime_operator_2 to 2026-06-30 00:00:00+00:00, run_after=2026-07-01 00:00:00+00:00
[2026-07-01T09:21:54.438+0000] {logging_mixin.py:190} INFO - [2026-07-01T09:21:54.437+0000] {dag.py:4138} INFO - Setting next_dagrun for example_branch_datetime_operator_3 to 2026-06-30 00:00:00+00:00, run_after=2026-07-01 00:00:00+00:00
[2026-07-01T09:21:54.450+0000] {processor.py:208} INFO - Processing /home/airflow/.local/lib/python3.12/site-packages/airflow/example_dags/example_branch_datetime_operator.py took 0.071 seconds
[2026-07-01T09:22:24.781+0000] {processor.py:186} INFO - Started process (PID=1650) to work on /home/airflow/.local/lib/python3.12/site-packages/airflow/example_dags/example_branch_datetime_operator.py
[2026-07-01T09:22:24.781+0000] {processor.py:914} INFO - Processing file /home/airflow/.local/lib/python3.12/site-packages/airflow/example_dags/example_branch_datetime_operator.py for tasks to queue
[2026-07-01T09:22:24.783+0000] {logging_mixin.py:190} INFO - [2026-07-01T09:22:24.783+0000] {dagbag.py:587} INFO - Filling up the DagBag from /home/airflow/.local/lib/python3.12/site-packages/airflow/example_dags/example_branch_datetime_operator.py
[2026-07-01T09:22:24.791+0000] {processor.py:925} INFO - DAG(s) 'example_branch_datetime_operator', 'example_branch_datetime_operator_3', 'example_branch_datetime_operator_2' retrieved from /home/airflow/.local/lib/python3.12/site-packages/airflow/example_dags/example_branch_datetime_operator.py
[2026-07-01T09:22:24.809+0000] {logging_mixin.py:190} INFO - [2026-07-01T09:22:24.809+0000] {dag.py:3211} INFO - Sync 3 DAGs
[2026-07-01T09:22:24.825+0000] {logging_mixin.py:190} INFO - [2026-07-01T09:22:24.825+0000] {dag.py:4138} INFO - Setting next_dagrun for example_branch_datetime_operator to 2026-06-30 00:00:00+00:00, run_after=2026-07-01 00:00:00+00:00
[2026-07-01T09:22:24.833+0000] {logging_mixin.py:190} INFO - [2026-07-01T09:22:24.833+0000] {dag.py:4138} INFO - Setting next_dagrun for example_branch_datetime_operator_2 to 2026-06-30 00:00:00+00:00, run_after=2026-07-01 00:00:00+00:00
[2026-07-01T09:22:24.837+0000] {logging_mixin.py:190} INFO - [2026-07-01T09:22:24.836+0000] {dag.py:4138} INFO - Setting next_dagrun for example_branch_datetime_operator_3 to 2026-06-30 00:00:00+00:00, run_after=2026-07-01 00:00:00+00:00
[2026-07-01T09:22:24.847+0000] {processor.py:208} INFO - Processing /home/airflow/.local/lib/python3.12/site-packages/airflow/example_dags/example_branch_datetime_operator.py took 0.070 seconds
[2026-07-01T09:22:55.697+0000] {processor.py:186} INFO - Started process (PID=1712) to work on /home/airflow/.local/lib/python3.12/site-packages/airflow/example_dags/example_branch_datetime_operator.py
[2026-07-01T09:22:55.698+0000] {processor.py:914} INFO - Processing file /home/airflow/.local/lib/python3.12/site-packages/airflow/example_dags/example_branch_datetime_operator.py for tasks to queue
[2026-07-01T09:22:55.700+0000] {logging_mixin.py:190} INFO - [2026-07-01T09:22:55.700+0000] {dagbag.py:587} INFO - Filling up the DagBag from /home/airflow/.local/lib/python3.12/site-packages/airflow/example_dags/example_branch_datetime_operator.py
[2026-07-01T09:22:55.709+0000] {processor.py:925} INFO - DAG(s) 'example_branch_datetime_operator_2', 'example_branch_datetime_operator_3', 'example_branch_datetime_operator' retrieved from /home/airflow/.local/lib/python3.12/site-packages/airflow/example_dags/example_branch_datetime_operator.py
[2026-07-01T09:22:55.731+0000] {logging_mixin.py:190} INFO - [2026-07-01T09:22:55.731+0000] {dag.py:3211} INFO - Sync 3 DAGs
[2026-07-01T09:22:55.747+0000] {logging_mixin.py:190} INFO - [2026-07-01T09:22:55.747+0000] {dag.py:4138} INFO - Setting next_dagrun for example_branch_datetime_operator to 2026-06-30 00:00:00+00:00, run_after=2026-07-01 00:00:00+00:00
[2026-07-01T09:22:55.751+0000] {logging_mixin.py:190} INFO - [2026-07-01T09:22:55.751+0000] {dag.py:4138} INFO - Setting next_dagrun for example_branch_datetime_operator_2 to 2026-06-30 00:00:00+00:00, run_after=2026-07-01 00:00:00+00:00
[2026-07-01T09:22:55.752+0000] {logging_mixin.py:190} INFO - [2026-07-01T09:22:55.752+0000] {dag.py:4138} INFO - Setting next_dagrun for example_branch_datetime_operator_3 to 2026-06-30 00:00:00+00:00, run_after=2026-07-01 00:00:00+00:00
[2026-07-01T09:22:55.763+0000] {processor.py:208} INFO - Processing /home/airflow/.local/lib/python3.12/site-packages/airflow/example_dags/example_branch_datetime_operator.py took 0.072 seconds
[2026-07-01T09:23:25.940+0000] {processor.py:186} INFO - Started process (PID=1774) to work on /home/airflow/.local/lib/python3.12/site-packages/airflow/example_dags/example_branch_datetime_operator.py
[2026-07-01T09:23:25.941+0000] {processor.py:914} INFO - Processing file /home/airflow/.local/lib/python3.12/site-packages/airflow/example_dags/example_branch_datetime_operator.py for tasks to queue
[2026-07-01T09:23:25.944+0000] {logging_mixin.py:190} INFO - [2026-07-01T09:23:25.944+0000] {dagbag.py:587} INFO - Filling up the DagBag from /home/airflow/.local/lib/python3.12/site-packages/airflow/example_dags/example_branch_datetime_operator.py
[2026-07-01T09:23:25.953+0000] {processor.py:925} INFO - DAG(s) 'example_branch_datetime_operator', 'example_branch_datetime_operator_3', 'example_branch_datetime_operator_2' retrieved from /home/airflow/.local/lib/python3.12/site-packages/airflow/example_dags/example_branch_datetime_operator.py
[2026-07-01T09:23:25.975+0000] {logging_mixin.py:190} INFO - [2026-07-01T09:23:25.975+0000] {dag.py:3211} INFO - Sync 3 DAGs
[2026-07-01T09:23:25.992+0000] {logging_mixin.py:190} INFO - [2026-07-01T09:23:25.992+0000] {dag.py:4138} INFO - Setting next_dagrun for example_branch_datetime_operator to 2026-06-30 00:00:00+00:00, run_after=2026-07-01 00:00:00+00:00
[2026-07-01T09:23:25.997+0000] {logging_mixin.py:190} INFO - [2026-07-01T09:23:25.997+0000] {dag.py:4138} INFO - Setting next_dagrun for example_branch_datetime_operator_2 to 2026-06-30 00:00:00+00:00, run_after=2026-07-01 00:00:00+00:00
[2026-07-01T09:23:25.999+0000] {logging_mixin.py:190} INFO - [2026-07-01T09:23:25.999+0000] {dag.py:4138} INFO - Setting next_dagrun for example_branch_datetime_operator_3 to 2026-06-30 00:00:00+00:00, run_after=2026-07-01 00:00:00+00:00
[2026-07-01T09:23:26.011+0000] {processor.py:208} INFO - Processing /home/airflow/.local/lib/python3.12/site-packages/airflow/example_dags/example_branch_datetime_operator.py took 0.075 seconds
[2026-07-01T09:23:56.342+0000] {processor.py:186} INFO - Started process (PID=1836) to work on /home/airflow/.local/lib/python3.12/site-packages/airflow/example_dags/example_branch_datetime_operator.py
[2026-07-01T09:23:56.343+0000] {processor.py:914} INFO - Processing file /home/airflow/.local/lib/python3.12/site-packages/airflow/example_dags/example_branch_datetime_operator.py for tasks to queue
[2026-07-01T09:23:56.345+0000] {logging_mixin.py:190} INFO - [2026-07-01T09:23:56.345+0000] {dagbag.py:587} INFO - Filling up the DagBag from /home/airflow/.local/lib/python3.12/site-packages/airflow/example_dags/example_branch_datetime_operator.py
[2026-07-01T09:23:56.356+0000] {processor.py:925} INFO - DAG(s) 'example_branch_datetime_operator', 'example_branch_datetime_operator_2', 'example_branch_datetime_operator_3' retrieved from /home/airflow/.local/lib/python3.12/site-packages/airflow/example_dags/example_branch_datetime_operator.py
[2026-07-01T09:23:56.379+0000] {logging_mixin.py:190} INFO - [2026-07-01T09:23:56.379+0000] {dag.py:3211} INFO - Sync 3 DAGs
[2026-07-01T09:23:56.397+0000] {logging_mixin.py:190} INFO - [2026-07-01T09:23:56.397+0000] {dag.py:4138} INFO - Setting next_dagrun for example_branch_datetime_operator to 2026-06-30 00:00:00+00:00, run_after=2026-07-01 00:00:00+00:00
[2026-07-01T09:23:56.401+0000] {logging_mixin.py:190} INFO - [2026-07-01T09:23:56.401+0000] {dag.py:4138} INFO - Setting next_dagrun for example_branch_datetime_operator_2 to 2026-06-30 00:00:00+00:00, run_after=2026-07-01 00:00:00+00:00
[2026-07-01T09:23:56.403+0000] {logging_mixin.py:190} INFO - [2026-07-01T09:23:56.403+0000] {dag.py:4138} INFO - Setting next_dagrun for example_branch_datetime_operator_3 to 2026-06-30 00:00:00+00:00, run_after=2026-07-01 00:00:00+00:00
[2026-07-01T09:23:56.414+0000] {processor.py:208} INFO - Processing /home/airflow/.local/lib/python3.12/site-packages/airflow/example_dags/example_branch_datetime_operator.py took 0.078 seconds
[2026-07-01T09:24:26.705+0000] {processor.py:186} INFO - Started process (PID=1898) to work on /home/airflow/.local/lib/python3.12/site-packages/airflow/example_dags/example_branch_datetime_operator.py
[2026-07-01T09:24:26.706+0000] {processor.py:914} INFO - Processing file /home/airflow/.local/lib/python3.12/site-packages/airflow/example_dags/example_branch_datetime_operator.py for tasks to queue
[2026-07-01T09:24:26.707+0000] {logging_mixin.py:190} INFO - [2026-07-01T09:24:26.707+0000] {dagbag.py:587} INFO - Filling up the DagBag from /home/airflow/.local/lib/python3.12/site-packages/airflow/example_dags/example_branch_datetime_operator.py
[2026-07-01T09:24:26.715+0000] {processor.py:925} INFO - DAG(s) 'example_branch_datetime_operator', 'example_branch_datetime_operator_2', 'example_branch_datetime_operator_3' retrieved from /home/airflow/.local/lib/python3.12/site-packages/airflow/example_dags/example_branch_datetime_operator.py
[2026-07-01T09:24:26.734+0000] {logging_mixin.py:190} INFO - [2026-07-01T09:24:26.734+0000] {dag.py:3211} INFO - Sync 3 DAGs
[2026-07-01T09:24:26.749+0000] {logging_mixin.py:190} INFO - [2026-07-01T09:24:26.749+0000] {dag.py:4138} INFO - Setting next_dagrun for example_branch_datetime_operator to 2026-06-30 00:00:00+00:00, run_after=2026-07-01 00:00:00+00:00
[2026-07-01T09:24:26.752+0000] {logging_mixin.py:190} INFO - [2026-07-01T09:24:26.752+0000] {dag.py:4138} INFO - Setting next_dagrun for example_branch_datetime_operator_2 to 2026-06-30 00:00:00+00:00, run_after=2026-07-01 00:00:00+00:00
[2026-07-01T09:24:26.754+0000] {logging_mixin.py:190} INFO - [2026-07-01T09:24:26.754+0000] {dag.py:4138} INFO - Setting next_dagrun for example_branch_datetime_operator_3 to 2026-06-30 00:00:00+00:00, run_after=2026-07-01 00:00:00+00:00
[2026-07-01T09:24:26.765+0000] {processor.py:208} INFO - Processing /home/airflow/.local/lib/python3.12/site-packages/airflow/example_dags/example_branch_datetime_operator.py took 0.065 seconds
[2026-07-01T09:24:57.654+0000] {processor.py:186} INFO - Started process (PID=1960) to work on /home/airflow/.local/lib/python3.12/site-packages/airflow/example_dags/example_branch_datetime_operator.py
[2026-07-01T09:24:57.655+0000] {processor.py:914} INFO - Processing file /home/airflow/.local/lib/python3.12/site-packages/airflow/example_dags/example_branch_datetime_operator.py for tasks to queue
[2026-07-01T09:24:57.657+0000] {logging_mixin.py:190} INFO - [2026-07-01T09:24:57.657+0000] {dagbag.py:587} INFO - Filling up the DagBag from /home/airflow/.local/lib/python3.12/site-packages/airflow/example_dags/example_branch_datetime_operator.py
[2026-07-01T09:24:57.665+0000] {processor.py:925} INFO - DAG(s) 'example_branch_datetime_operator', 'example_branch_datetime_operator_3', 'example_branch_datetime_operator_2' retrieved from /home/airflow/.local/lib/python3.12/site-packages/airflow/example_dags/example_branch_datetime_operator.py
[2026-07-01T09:24:57.683+0000] {logging_mixin.py:190} INFO - [2026-07-01T09:24:57.683+0000] {dag.py:3211} INFO - Sync 3 DAGs
[2026-07-01T09:24:57.700+0000] {logging_mixin.py:190} INFO - [2026-07-01T09:24:57.700+0000] {dag.py:4138} INFO - Setting next_dagrun for example_branch_datetime_operator to 2026-06-30 00:00:00+00:00, run_after=2026-07-01 00:00:00+00:00
[2026-07-01T09:24:57.703+0000] {logging_mixin.py:190} INFO - [2026-07-01T09:24:57.703+0000] {dag.py:4138} INFO - Setting next_dagrun for example_branch_datetime_operator_2 to 2026-06-30 00:00:00+00:00, run_after=2026-07-01 00:00:00+00:00
[2026-07-01T09:24:57.705+0000] {logging_mixin.py:190} INFO - [2026-07-01T09:24:57.705+0000] {dag.py:4138} INFO - Setting next_dagrun for example_branch_datetime_operator_3 to 2026-06-30 00:00:00+00:00, run_after=2026-07-01 00:00:00+00:00
[2026-07-01T09:24:57.715+0000] {processor.py:208} INFO - Processing /home/airflow/.local/lib/python3.12/site-packages/airflow/example_dags/example_branch_datetime_operator.py took 0.065 seconds
[2026-07-01T09:25:28.165+0000] {processor.py:186} INFO - Started process (PID=2022) to work on /home/airflow/.local/lib/python3.12/site-packages/airflow/example_dags/example_branch_datetime_operator.py
[2026-07-01T09:25:28.166+0000] {processor.py:914} INFO - Processing file /home/airflow/.local/lib/python3.12/site-packages/airflow/example_dags/example_branch_datetime_operator.py for tasks to queue
[2026-07-01T09:25:28.168+0000] {logging_mixin.py:190} INFO - [2026-07-01T09:25:28.168+0000] {dagbag.py:587} INFO - Filling up the DagBag from /home/airflow/.local/lib/python3.12/site-packages/airflow/example_dags/example_branch_datetime_operator.py
[2026-07-01T09:25:28.179+0000] {processor.py:925} INFO - DAG(s) 'example_branch_datetime_operator_3', 'example_branch_datetime_operator_2', 'example_branch_datetime_operator' retrieved from /home/airflow/.local/lib/python3.12/site-packages/airflow/example_dags/example_branch_datetime_operator.py
[2026-07-01T09:25:28.201+0000] {logging_mixin.py:190} INFO - [2026-07-01T09:25:28.201+0000] {dag.py:3211} INFO - Sync 3 DAGs
[2026-07-01T09:25:28.222+0000] {logging_mixin.py:190} INFO - [2026-07-01T09:25:28.222+0000] {dag.py:4138} INFO - Setting next_dagrun for example_branch_datetime_operator to 2026-06-30 00:00:00+00:00, run_after=2026-07-01 00:00:00+00:00
[2026-07-01T09:25:28.226+0000] {logging_mixin.py:190} INFO - [2026-07-01T09:25:28.226+0000] {dag.py:4138} INFO - Setting next_dagrun for example_branch_datetime_operator_2 to 2026-06-30 00:00:00+00:00, run_after=2026-07-01 00:00:00+00:00
[2026-07-01T09:25:28.229+0000] {logging_mixin.py:190} INFO - [2026-07-01T09:25:28.229+0000] {dag.py:4138} INFO - Setting next_dagrun for example_branch_datetime_operator_3 to 2026-06-30 00:00:00+00:00, run_after=2026-07-01 00:00:00+00:00
[2026-07-01T09:25:28.243+0000] {processor.py:208} INFO - Processing /home/airflow/.local/lib/python3.12/site-packages/airflow/example_dags/example_branch_datetime_operator.py took 0.085 seconds
[2026-07-01T09:30:08.819+0000] {processor.py:186} INFO - Started process (PID=2078) to work on /home/airflow/.local/lib/python3.12/site-packages/airflow/example_dags/example_branch_datetime_operator.py
[2026-07-01T09:30:08.820+0000] {processor.py:914} INFO - Processing file /home/airflow/.local/lib/python3.12/site-packages/airflow/example_dags/example_branch_datetime_operator.py for tasks to queue
[2026-07-01T09:30:08.822+0000] {logging_mixin.py:190} INFO - [2026-07-01T09:30:08.822+0000] {dagbag.py:587} INFO - Filling up the DagBag from /home/airflow/.local/lib/python3.12/site-packages/airflow/example_dags/example_branch_datetime_operator.py
[2026-07-01T09:30:08.831+0000] {processor.py:925} INFO - DAG(s) 'example_branch_datetime_operator_2', 'example_branch_datetime_operator', 'example_branch_datetime_operator_3' retrieved from /home/airflow/.local/lib/python3.12/site-packages/airflow/example_dags/example_branch_datetime_operator.py
[2026-07-01T09:30:08.851+0000] {logging_mixin.py:190} INFO - [2026-07-01T09:30:08.851+0000] {dag.py:3211} INFO - Sync 3 DAGs
[2026-07-01T09:30:08.868+0000] {logging_mixin.py:190} INFO - [2026-07-01T09:30:08.868+0000] {dag.py:4138} INFO - Setting next_dagrun for example_branch_datetime_operator to 2026-06-30 00:00:00+00:00, run_after=2026-07-01 00:00:00+00:00
[2026-07-01T09:30:08.872+0000] {logging_mixin.py:190} INFO - [2026-07-01T09:30:08.872+0000] {dag.py:4138} INFO - Setting next_dagrun for example_branch_datetime_operator_2 to 2026-06-30 00:00:00+00:00, run_after=2026-07-01 00:00:00+00:00
[2026-07-01T09:30:08.874+0000] {logging_mixin.py:190} INFO - [2026-07-01T09:30:08.874+0000] {dag.py:4138} INFO - Setting next_dagrun for example_branch_datetime_operator_3 to 2026-06-30 00:00:00+00:00, run_after=2026-07-01 00:00:00+00:00
[2026-07-01T09:30:08.887+0000] {processor.py:208} INFO - Processing /home/airflow/.local/lib/python3.12/site-packages/airflow/example_dags/example_branch_datetime_operator.py took 0.072 seconds
[2026-07-01T09:30:39.392+0000] {processor.py:186} INFO - Started process (PID=2140) to work on /home/airflow/.local/lib/python3.12/site-packages/airflow/example_dags/example_branch_datetime_operator.py
[2026-07-01T09:30:39.393+0000] {processor.py:914} INFO - Processing file /home/airflow/.local/lib/python3.12/site-packages/airflow/example_dags/example_branch_datetime_operator.py for tasks to queue
[2026-07-01T09:30:39.394+0000] {logging_mixin.py:190} INFO - [2026-07-01T09:30:39.394+0000] {dagbag.py:587} INFO - Filling up the DagBag from /home/airflow/.local/lib/python3.12/site-packages/airflow/example_dags/example_branch_datetime_operator.py
[2026-07-01T09:30:39.402+0000] {processor.py:925} INFO - DAG(s) 'example_branch_datetime_operator_2', 'example_branch_datetime_operator', 'example_branch_datetime_operator_3' retrieved from /home/airflow/.local/lib/python3.12/site-packages/airflow/example_dags/example_branch_datetime_operator.py
[2026-07-01T09:30:39.421+0000] {logging_mixin.py:190} INFO - [2026-07-01T09:30:39.421+0000] {dag.py:3211} INFO - Sync 3 DAGs
[2026-07-01T09:30:39.439+0000] {logging_mixin.py:190} INFO - [2026-07-01T09:30:39.439+0000] {dag.py:4138} INFO - Setting next_dagrun for example_branch_datetime_operator to 2026-06-30 00:00:00+00:00, run_after=2026-07-01 00:00:00+00:00
[2026-07-01T09:30:39.443+0000] {logging_mixin.py:190} INFO - [2026-07-01T09:30:39.443+0000] {dag.py:4138} INFO - Setting next_dagrun for example_branch_datetime_operator_2 to 2026-06-30 00:00:00+00:00, run_after=2026-07-01 00:00:00+00:00
[2026-07-01T09:30:39.444+0000] {logging_mixin.py:190} INFO - [2026-07-01T09:30:39.444+0000] {dag.py:4138} INFO - Setting next_dagrun for example_branch_datetime_operator_3 to 2026-06-30 00:00:00+00:00, run_after=2026-07-01 00:00:00+00:00
[2026-07-01T09:30:39.456+0000] {processor.py:208} INFO - Processing /home/airflow/.local/lib/python3.12/site-packages/airflow/example_dags/example_branch_datetime_operator.py took 0.068 seconds
[2026-07-01T09:31:09.788+0000] {processor.py:186} INFO - Started process (PID=2202) to work on /home/airflow/.local/lib/python3.12/site-packages/airflow/example_dags/example_branch_datetime_operator.py
[2026-07-01T09:31:09.789+0000] {processor.py:914} INFO - Processing file /home/airflow/.local/lib/python3.12/site-packages/airflow/example_dags/example_branch_datetime_operator.py for tasks to queue
[2026-07-01T09:31:09.791+0000] {logging_mixin.py:190} INFO - [2026-07-01T09:31:09.791+0000] {dagbag.py:587} INFO - Filling up the DagBag from /home/airflow/.local/lib/python3.12/site-packages/airflow/example_dags/example_branch_datetime_operator.py
[2026-07-01T09:31:09.800+0000] {processor.py:925} INFO - DAG(s) 'example_branch_datetime_operator_2', 'example_branch_datetime_operator_3', 'example_branch_datetime_operator' retrieved from /home/airflow/.local/lib/python3.12/site-packages/airflow/example_dags/example_branch_datetime_operator.py
[2026-07-01T09:31:09.820+0000] {logging_mixin.py:190} INFO - [2026-07-01T09:31:09.819+0000] {dag.py:3211} INFO - Sync 3 DAGs
[2026-07-01T09:31:09.837+0000] {logging_mixin.py:190} INFO - [2026-07-01T09:31:09.837+0000] {dag.py:4138} INFO - Setting next_dagrun for example_branch_datetime_operator to 2026-06-30 00:00:00+00:00, run_after=2026-07-01 00:00:00+00:00
[2026-07-01T09:31:09.841+0000] {logging_mixin.py:190} INFO - [2026-07-01T09:31:09.840+0000] {dag.py:4138} INFO - Setting next_dagrun for example_branch_datetime_operator_2 to 2026-06-30 00:00:00+00:00, run_after=2026-07-01 00:00:00+00:00
[2026-07-01T09:31:09.842+0000] {logging_mixin.py:190} INFO - [2026-07-01T09:31:09.842+0000] {dag.py:4138} INFO - Setting next_dagrun for example_branch_datetime_operator_3 to 2026-06-30 00:00:00+00:00, run_after=2026-07-01 00:00:00+00:00
[2026-07-01T09:31:09.854+0000] {processor.py:208} INFO - Processing /home/airflow/.local/lib/python3.12/site-packages/airflow/example_dags/example_branch_datetime_operator.py took 0.070 seconds
[2026-07-01T09:31:40.323+0000] {processor.py:186} INFO - Started process (PID=2264) to work on /home/airflow/.local/lib/python3.12/site-packages/airflow/example_dags/example_branch_datetime_operator.py
[2026-07-01T09:31:40.324+0000] {processor.py:914} INFO - Processing file /home/airflow/.local/lib/python3.12/site-packages/airflow/example_dags/example_branch_datetime_operator.py for tasks to queue
[2026-07-01T09:31:40.326+0000] {logging_mixin.py:190} INFO - [2026-07-01T09:31:40.326+0000] {dagbag.py:587} INFO - Filling up the DagBag from /home/airflow/.local/lib/python3.12/site-packages/airflow/example_dags/example_branch_datetime_operator.py
[2026-07-01T09:31:40.334+0000] {processor.py:925} INFO - DAG(s) 'example_branch_datetime_operator_3', 'example_branch_datetime_operator_2', 'example_branch_datetime_operator' retrieved from /home/airflow/.local/lib/python3.12/site-packages/airflow/example_dags/example_branch_datetime_operator.py
[2026-07-01T09:31:40.353+0000] {logging_mixin.py:190} INFO - [2026-07-01T09:31:40.353+0000] {dag.py:3211} INFO - Sync 3 DAGs
[2026-07-01T09:31:40.370+0000] {logging_mixin.py:190} INFO - [2026-07-01T09:31:40.369+0000] {dag.py:4138} INFO - Setting next_dagrun for example_branch_datetime_operator to 2026-06-30 00:00:00+00:00, run_after=2026-07-01 00:00:00+00:00
[2026-07-01T09:31:40.373+0000] {logging_mixin.py:190} INFO - [2026-07-01T09:31:40.373+0000] {dag.py:4138} INFO - Setting next_dagrun for example_branch_datetime_operator_2 to 2026-06-30 00:00:00+00:00, run_after=2026-07-01 00:00:00+00:00
[2026-07-01T09:31:40.375+0000] {logging_mixin.py:190} INFO - [2026-07-01T09:31:40.375+0000] {dag.py:4138} INFO - Setting next_dagrun for example_branch_datetime_operator_3 to 2026-06-30 00:00:00+00:00, run_after=2026-07-01 00:00:00+00:00
[2026-07-01T09:31:40.385+0000] {processor.py:208} INFO - Processing /home/airflow/.local/lib/python3.12/site-packages/airflow/example_dags/example_branch_datetime_operator.py took 0.066 seconds
[2026-07-01T09:32:10.647+0000] {processor.py:186} INFO - Started process (PID=2326) to work on /home/airflow/.local/lib/python3.12/site-packages/airflow/example_dags/example_branch_datetime_operator.py
[2026-07-01T09:32:10.648+0000] {processor.py:914} INFO - Processing file /home/airflow/.local/lib/python3.12/site-packages/airflow/example_dags/example_branch_datetime_operator.py for tasks to queue
[2026-07-01T09:32:10.651+0000] {logging_mixin.py:190} INFO - [2026-07-01T09:32:10.650+0000] {dagbag.py:587} INFO - Filling up the DagBag from /home/airflow/.local/lib/python3.12/site-packages/airflow/example_dags/example_branch_datetime_operator.py
[2026-07-01T09:32:10.660+0000] {processor.py:925} INFO - DAG(s) 'example_branch_datetime_operator', 'example_branch_datetime_operator_3', 'example_branch_datetime_operator_2' retrieved from /home/airflow/.local/lib/python3.12/site-packages/airflow/example_dags/example_branch_datetime_operator.py
[2026-07-01T09:32:10.679+0000] {logging_mixin.py:190} INFO - [2026-07-01T09:32:10.678+0000] {dag.py:3211} INFO - Sync 3 DAGs
[2026-07-01T09:32:10.696+0000] {logging_mixin.py:190} INFO - [2026-07-01T09:32:10.695+0000] {dag.py:4138} INFO - Setting next_dagrun for example_branch_datetime_operator to 2026-06-30 00:00:00+00:00, run_after=2026-07-01 00:00:00+00:00
[2026-07-01T09:32:10.699+0000] {logging_mixin.py:190} INFO - [2026-07-01T09:32:10.699+0000] {dag.py:4138} INFO - Setting next_dagrun for example_branch_datetime_operator_2 to 2026-06-30 00:00:00+00:00, run_after=2026-07-01 00:00:00+00:00
[2026-07-01T09:32:10.700+0000] {logging_mixin.py:190} INFO - [2026-07-01T09:32:10.700+0000] {dag.py:4138} INFO - Setting next_dagrun for example_branch_datetime_operator_3 to 2026-06-30 00:00:00+00:00, run_after=2026-07-01 00:00:00+00:00
[2026-07-01T09:32:10.711+0000] {processor.py:208} INFO - Processing /home/airflow/.local/lib/python3.12/site-packages/airflow/example_dags/example_branch_datetime_operator.py took 0.069 seconds
[2026-07-01T09:32:41.259+0000] {processor.py:186} INFO - Started process (PID=2388) to work on /home/airflow/.local/lib/python3.12/site-packages/airflow/example_dags/example_branch_datetime_operator.py
[2026-07-01T09:32:41.260+0000] {processor.py:914} INFO - Processing file /home/airflow/.local/lib/python3.12/site-packages/airflow/example_dags/example_branch_datetime_operator.py for tasks to queue
[2026-07-01T09:32:41.262+0000] {logging_mixin.py:190} INFO - [2026-07-01T09:32:41.262+0000] {dagbag.py:587} INFO - Filling up the DagBag from /home/airflow/.local/lib/python3.12/site-packages/airflow/example_dags/example_branch_datetime_operator.py
[2026-07-01T09:32:41.272+0000] {processor.py:925} INFO - DAG(s) 'example_branch_datetime_operator_3', 'example_branch_datetime_operator', 'example_branch_datetime_operator_2' retrieved from /home/airflow/.local/lib/python3.12/site-packages/airflow/example_dags/example_branch_datetime_operator.py
[2026-07-01T09:32:41.294+0000] {logging_mixin.py:190} INFO - [2026-07-01T09:32:41.294+0000] {dag.py:3211} INFO - Sync 3 DAGs
[2026-07-01T09:32:41.312+0000] {logging_mixin.py:190} INFO - [2026-07-01T09:32:41.312+0000] {dag.py:4138} INFO - Setting next_dagrun for example_branch_datetime_operator to 2026-06-30 00:00:00+00:00, run_after=2026-07-01 00:00:00+00:00
[2026-07-01T09:32:41.316+0000] {logging_mixin.py:190} INFO - [2026-07-01T09:32:41.316+0000] {dag.py:4138} INFO - Setting next_dagrun for example_branch_datetime_operator_2 to 2026-06-30 00:00:00+00:00, run_after=2026-07-01 00:00:00+00:00
[2026-07-01T09:32:41.318+0000] {logging_mixin.py:190} INFO - [2026-07-01T09:32:41.317+0000] {dag.py:4138} INFO - Setting next_dagrun for example_branch_datetime_operator_3 to 2026-06-30 00:00:00+00:00, run_after=2026-07-01 00:00:00+00:00
[2026-07-01T09:32:41.329+0000] {processor.py:208} INFO - Processing /home/airflow/.local/lib/python3.12/site-packages/airflow/example_dags/example_branch_datetime_operator.py took 0.075 seconds
[2026-07-01T09:33:11.807+0000] {processor.py:186} INFO - Started process (PID=2450) to work on /home/airflow/.local/lib/python3.12/site-packages/airflow/example_dags/example_branch_datetime_operator.py
[2026-07-01T09:33:11.808+0000] {processor.py:914} INFO - Processing file /home/airflow/.local/lib/python3.12/site-packages/airflow/example_dags/example_branch_datetime_operator.py for tasks to queue
[2026-07-01T09:33:11.809+0000] {logging_mixin.py:190} INFO - [2026-07-01T09:33:11.809+0000] {dagbag.py:587} INFO - Filling up the DagBag from /home/airflow/.local/lib/python3.12/site-packages/airflow/example_dags/example_branch_datetime_operator.py
[2026-07-01T09:33:11.818+0000] {processor.py:925} INFO - DAG(s) 'example_branch_datetime_operator_3', 'example_branch_datetime_operator', 'example_branch_datetime_operator_2' retrieved from /home/airflow/.local/lib/python3.12/site-packages/airflow/example_dags/example_branch_datetime_operator.py
[2026-07-01T09:33:11.836+0000] {logging_mixin.py:190} INFO - [2026-07-01T09:33:11.836+0000] {dag.py:3211} INFO - Sync 3 DAGs
[2026-07-01T09:33:11.854+0000] {logging_mixin.py:190} INFO - [2026-07-01T09:33:11.854+0000] {dag.py:4138} INFO - Setting next_dagrun for example_branch_datetime_operator to 2026-06-30 00:00:00+00:00, run_after=2026-07-01 00:00:00+00:00
[2026-07-01T09:33:11.857+0000] {logging_mixin.py:190} INFO - [2026-07-01T09:33:11.857+0000] {dag.py:4138} INFO - Setting next_dagrun for example_branch_datetime_operator_2 to 2026-06-30 00:00:00+00:00, run_after=2026-07-01 00:00:00+00:00
[2026-07-01T09:33:11.859+0000] {logging_mixin.py:190} INFO - [2026-07-01T09:33:11.859+0000] {dag.py:4138} INFO - Setting next_dagrun for example_branch_datetime_operator_3 to 2026-06-30 00:00:00+00:00, run_after=2026-07-01 00:00:00+00:00
[2026-07-01T09:33:11.870+0000] {processor.py:208} INFO - Processing /home/airflow/.local/lib/python3.12/site-packages/airflow/example_dags/example_branch_datetime_operator.py took 0.068 seconds
[2026-07-01T09:33:42.608+0000] {processor.py:186} INFO - Started process (PID=2512) to work on /home/airflow/.local/lib/python3.12/site-packages/airflow/example_dags/example_branch_datetime_operator.py
[2026-07-01T09:33:42.609+0000] {processor.py:914} INFO - Processing file /home/airflow/.local/lib/python3.12/site-packages/airflow/example_dags/example_branch_datetime_operator.py for tasks to queue
[2026-07-01T09:33:42.612+0000] {logging_mixin.py:190} INFO - [2026-07-01T09:33:42.611+0000] {dagbag.py:587} INFO - Filling up the DagBag from /home/airflow/.local/lib/python3.12/site-packages/airflow/example_dags/example_branch_datetime_operator.py
[2026-07-01T09:33:42.623+0000] {processor.py:925} INFO - DAG(s) 'example_branch_datetime_operator_3', 'example_branch_datetime_operator', 'example_branch_datetime_operator_2' retrieved from /home/airflow/.local/lib/python3.12/site-packages/airflow/example_dags/example_branch_datetime_operator.py
[2026-07-01T09:33:42.643+0000] {logging_mixin.py:190} INFO - [2026-07-01T09:33:42.642+0000] {dag.py:3211} INFO - Sync 3 DAGs
[2026-07-01T09:33:42.659+0000] {logging_mixin.py:190} INFO - [2026-07-01T09:33:42.659+0000] {dag.py:4138} INFO - Setting next_dagrun for example_branch_datetime_operator to 2026-06-30 00:00:00+00:00, run_after=2026-07-01 00:00:00+00:00
[2026-07-01T09:33:42.663+0000] {logging_mixin.py:190} INFO - [2026-07-01T09:33:42.663+0000] {dag.py:4138} INFO - Setting next_dagrun for example_branch_datetime_operator_2 to 2026-06-30 00:00:00+00:00, run_after=2026-07-01 00:00:00+00:00
[2026-07-01T09:33:42.665+0000] {logging_mixin.py:190} INFO - [2026-07-01T09:33:42.665+0000] {dag.py:4138} INFO - Setting next_dagrun for example_branch_datetime_operator_3 to 2026-06-30 00:00:00+00:00, run_after=2026-07-01 00:00:00+00:00
[2026-07-01T09:33:42.679+0000] {processor.py:208} INFO - Processing /home/airflow/.local/lib/python3.12/site-packages/airflow/example_dags/example_branch_datetime_operator.py took 0.076 seconds
[2026-07-01T09:34:13.409+0000] {processor.py:186} INFO - Started process (PID=2574) to work on /home/airflow/.local/lib/python3.12/site-packages/airflow/example_dags/example_branch_datetime_operator.py
[2026-07-01T09:34:13.410+0000] {processor.py:914} INFO - Processing file /home/airflow/.local/lib/python3.12/site-packages/airflow/example_dags/example_branch_datetime_operator.py for tasks to queue
[2026-07-01T09:34:13.412+0000] {logging_mixin.py:190} INFO - [2026-07-01T09:34:13.412+0000] {dagbag.py:587} INFO - Filling up the DagBag from /home/airflow/.local/lib/python3.12/site-packages/airflow/example_dags/example_branch_datetime_operator.py
[2026-07-01T09:34:13.422+0000] {processor.py:925} INFO - DAG(s) 'example_branch_datetime_operator', 'example_branch_datetime_operator_3', 'example_branch_datetime_operator_2' retrieved from /home/airflow/.local/lib/python3.12/site-packages/airflow/example_dags/example_branch_datetime_operator.py
[2026-07-01T09:34:13.446+0000] {logging_mixin.py:190} INFO - [2026-07-01T09:34:13.446+0000] {dag.py:3211} INFO - Sync 3 DAGs
[2026-07-01T09:34:13.465+0000] {logging_mixin.py:190} INFO - [2026-07-01T09:34:13.465+0000] {dag.py:4138} INFO - Setting next_dagrun for example_branch_datetime_operator to 2026-06-30 00:00:00+00:00, run_after=2026-07-01 00:00:00+00:00
[2026-07-01T09:34:13.469+0000] {logging_mixin.py:190} INFO - [2026-07-01T09:34:13.468+0000] {dag.py:4138} INFO - Setting next_dagrun for example_branch_datetime_operator_2 to 2026-06-30 00:00:00+00:00, run_after=2026-07-01 00:00:00+00:00
[2026-07-01T09:34:13.471+0000] {logging_mixin.py:190} INFO - [2026-07-01T09:34:13.471+0000] {dag.py:4138} INFO - Setting next_dagrun for example_branch_datetime_operator_3 to 2026-06-30 00:00:00+00:00, run_after=2026-07-01 00:00:00+00:00
[2026-07-01T09:34:13.485+0000] {processor.py:208} INFO - Processing /home/airflow/.local/lib/python3.12/site-packages/airflow/example_dags/example_branch_datetime_operator.py took 0.082 seconds
[2026-07-01T09:34:44.390+0000] {processor.py:186} INFO - Started process (PID=2636) to work on /home/airflow/.local/lib/python3.12/site-packages/airflow/example_dags/example_branch_datetime_operator.py
[2026-07-01T09:34:44.391+0000] {processor.py:914} INFO - Processing file /home/airflow/.local/lib/python3.12/site-packages/airflow/example_dags/example_branch_datetime_operator.py for tasks to queue
[2026-07-01T09:34:44.395+0000] {logging_mixin.py:190} INFO - [2026-07-01T09:34:44.395+0000] {dagbag.py:587} INFO - Filling up the DagBag from /home/airflow/.local/lib/python3.12/site-packages/airflow/example_dags/example_branch_datetime_operator.py
[2026-07-01T09:34:44.407+0000] {processor.py:925} INFO - DAG(s) 'example_branch_datetime_operator', 'example_branch_datetime_operator_2', 'example_branch_datetime_operator_3' retrieved from /home/airflow/.local/lib/python3.12/site-packages/airflow/example_dags/example_branch_datetime_operator.py
[2026-07-01T09:34:44.429+0000] {logging_mixin.py:190} INFO - [2026-07-01T09:34:44.429+0000] {dag.py:3211} INFO - Sync 3 DAGs
[2026-07-01T09:34:44.447+0000] {logging_mixin.py:190} INFO - [2026-07-01T09:34:44.446+0000] {dag.py:4138} INFO - Setting next_dagrun for example_branch_datetime_operator to 2026-06-30 00:00:00+00:00, run_after=2026-07-01 00:00:00+00:00
[2026-07-01T09:34:44.449+0000] {logging_mixin.py:190} INFO - [2026-07-01T09:34:44.449+0000] {dag.py:4138} INFO - Setting next_dagrun for example_branch_datetime_operator_2 to 2026-06-30 00:00:00+00:00, run_after=2026-07-01 00:00:00+00:00
[2026-07-01T09:34:44.451+0000] {logging_mixin.py:190} INFO - [2026-07-01T09:34:44.451+0000] {dag.py:4138} INFO - Setting next_dagrun for example_branch_datetime_operator_3 to 2026-06-30 00:00:00+00:00, run_after=2026-07-01 00:00:00+00:00
[2026-07-01T09:34:44.463+0000] {processor.py:208} INFO - Processing /home/airflow/.local/lib/python3.12/site-packages/airflow/example_dags/example_branch_datetime_operator.py took 0.078 seconds
[2026-07-01T09:35:15.032+0000] {processor.py:186} INFO - Started process (PID=2698) to work on /home/airflow/.local/lib/python3.12/site-packages/airflow/example_dags/example_branch_datetime_operator.py
[2026-07-01T09:35:15.034+0000] {processor.py:914} INFO - Processing file /home/airflow/.local/lib/python3.12/site-packages/airflow/example_dags/example_branch_datetime_operator.py for tasks to queue
[2026-07-01T09:35:15.035+0000] {logging_mixin.py:190} INFO - [2026-07-01T09:35:15.035+0000] {dagbag.py:587} INFO - Filling up the DagBag from /home/airflow/.local/lib/python3.12/site-packages/airflow/example_dags/example_branch_datetime_operator.py
[2026-07-01T09:35:15.044+0000] {processor.py:925} INFO - DAG(s) 'example_branch_datetime_operator', 'example_branch_datetime_operator_2', 'example_branch_datetime_operator_3' retrieved from /home/airflow/.local/lib/python3.12/site-packages/airflow/example_dags/example_branch_datetime_operator.py
[2026-07-01T09:35:15.062+0000] {logging_mixin.py:190} INFO - [2026-07-01T09:35:15.062+0000] {dag.py:3211} INFO - Sync 3 DAGs
[2026-07-01T09:35:15.077+0000] {logging_mixin.py:190} INFO - [2026-07-01T09:35:15.077+0000] {dag.py:4138} INFO - Setting next_dagrun for example_branch_datetime_operator to 2026-06-30 00:00:00+00:00, run_after=2026-07-01 00:00:00+00:00
[2026-07-01T09:35:15.080+0000] {logging_mixin.py:190} INFO - [2026-07-01T09:35:15.080+0000] {dag.py:4138} INFO - Setting next_dagrun for example_branch_datetime_operator_2 to 2026-06-30 00:00:00+00:00, run_after=2026-07-01 00:00:00+00:00
[2026-07-01T09:35:15.082+0000] {logging_mixin.py:190} INFO - [2026-07-01T09:35:15.082+0000] {dag.py:4138} INFO - Setting next_dagrun for example_branch_datetime_operator_3 to 2026-06-30 00:00:00+00:00, run_after=2026-07-01 00:00:00+00:00
[2026-07-01T09:35:15.092+0000] {processor.py:208} INFO - Processing /home/airflow/.local/lib/python3.12/site-packages/airflow/example_dags/example_branch_datetime_operator.py took 0.064 seconds
[2026-07-01T09:35:45.503+0000] {processor.py:186} INFO - Started process (PID=2760) to work on /home/airflow/.local/lib/python3.12/site-packages/airflow/example_dags/example_branch_datetime_operator.py
[2026-07-01T09:35:45.504+0000] {processor.py:914} INFO - Processing file /home/airflow/.local/lib/python3.12/site-packages/airflow/example_dags/example_branch_datetime_operator.py for tasks to queue
[2026-07-01T09:35:45.506+0000] {logging_mixin.py:190} INFO - [2026-07-01T09:35:45.505+0000] {dagbag.py:587} INFO - Filling up the DagBag from /home/airflow/.local/lib/python3.12/site-packages/airflow/example_dags/example_branch_datetime_operator.py
[2026-07-01T09:35:45.514+0000] {processor.py:925} INFO - DAG(s) 'example_branch_datetime_operator_3', 'example_branch_datetime_operator_2', 'example_branch_datetime_operator' retrieved from /home/airflow/.local/lib/python3.12/site-packages/airflow/example_dags/example_branch_datetime_operator.py
[2026-07-01T09:35:45.534+0000] {logging_mixin.py:190} INFO - [2026-07-01T09:35:45.533+0000] {dag.py:3211} INFO - Sync 3 DAGs
[2026-07-01T09:35:45.549+0000] {logging_mixin.py:190} INFO - [2026-07-01T09:35:45.549+0000] {dag.py:4138} INFO - Setting next_dagrun for example_branch_datetime_operator to 2026-06-30 00:00:00+00:00, run_after=2026-07-01 00:00:00+00:00
[2026-07-01T09:35:45.553+0000] {logging_mixin.py:190} INFO - [2026-07-01T09:35:45.553+0000] {dag.py:4138} INFO - Setting next_dagrun for example_branch_datetime_operator_2 to 2026-06-30 00:00:00+00:00, run_after=2026-07-01 00:00:00+00:00
[2026-07-01T09:35:45.554+0000] {logging_mixin.py:190} INFO - [2026-07-01T09:35:45.554+0000] {dag.py:4138} INFO - Setting next_dagrun for example_branch_datetime_operator_3 to 2026-06-30 00:00:00+00:00, run_after=2026-07-01 00:00:00+00:00
[2026-07-01T09:35:45.566+0000] {processor.py:208} INFO - Processing /home/airflow/.local/lib/python3.12/site-packages/airflow/example_dags/example_branch_datetime_operator.py took 0.067 seconds
[2026-07-01T09:36:16.357+0000] {processor.py:186} INFO - Started process (PID=2822) to work on /home/airflow/.local/lib/python3.12/site-packages/airflow/example_dags/example_branch_datetime_operator.py
[2026-07-01T09:36:16.358+0000] {processor.py:914} INFO - Processing file /home/airflow/.local/lib/python3.12/site-packages/airflow/example_dags/example_branch_datetime_operator.py for tasks to queue
[2026-07-01T09:36:16.360+0000] {logging_mixin.py:190} INFO - [2026-07-01T09:36:16.360+0000] {dagbag.py:587} INFO - Filling up the DagBag from /home/airflow/.local/lib/python3.12/site-packages/airflow/example_dags/example_branch_datetime_operator.py
[2026-07-01T09:36:16.370+0000] {processor.py:925} INFO - DAG(s) 'example_branch_datetime_operator_2', 'example_branch_datetime_operator', 'example_branch_datetime_operator_3' retrieved from /home/airflow/.local/lib/python3.12/site-packages/airflow/example_dags/example_branch_datetime_operator.py
[2026-07-01T09:36:16.392+0000] {logging_mixin.py:190} INFO - [2026-07-01T09:36:16.392+0000] {dag.py:3211} INFO - Sync 3 DAGs
[2026-07-01T09:36:16.412+0000] {logging_mixin.py:190} INFO - [2026-07-01T09:36:16.411+0000] {dag.py:4138} INFO - Setting next_dagrun for example_branch_datetime_operator to 2026-06-30 00:00:00+00:00, run_after=2026-07-01 00:00:00+00:00
[2026-07-01T09:36:16.416+0000] {logging_mixin.py:190} INFO - [2026-07-01T09:36:16.416+0000] {dag.py:4138} INFO - Setting next_dagrun for example_branch_datetime_operator_2 to 2026-06-30 00:00:00+00:00, run_after=2026-07-01 00:00:00+00:00
[2026-07-01T09:36:16.418+0000] {logging_mixin.py:190} INFO - [2026-07-01T09:36:16.418+0000] {dag.py:4138} INFO - Setting next_dagrun for example_branch_datetime_operator_3 to 2026-06-30 00:00:00+00:00, run_after=2026-07-01 00:00:00+00:00
[2026-07-01T09:36:16.430+0000] {processor.py:208} INFO - Processing /home/airflow/.local/lib/python3.12/site-packages/airflow/example_dags/example_branch_datetime_operator.py took 0.077 seconds
[2026-07-01T09:36:47.131+0000] {processor.py:186} INFO - Started process (PID=2884) to work on /home/airflow/.local/lib/python3.12/site-packages/airflow/example_dags/example_branch_datetime_operator.py
[2026-07-01T09:36:47.133+0000] {processor.py:914} INFO - Processing file /home/airflow/.local/lib/python3.12/site-packages/airflow/example_dags/example_branch_datetime_operator.py for tasks to queue
[2026-07-01T09:36:47.137+0000] {logging_mixin.py:190} INFO - [2026-07-01T09:36:47.136+0000] {dagbag.py:587} INFO - Filling up the DagBag from /home/airflow/.local/lib/python3.12/site-packages/airflow/example_dags/example_branch_datetime_operator.py
[2026-07-01T09:36:47.146+0000] {processor.py:925} INFO - DAG(s) 'example_branch_datetime_operator', 'example_branch_datetime_operator_2', 'example_branch_datetime_operator_3' retrieved from /home/airflow/.local/lib/python3.12/site-packages/airflow/example_dags/example_branch_datetime_operator.py
[2026-07-01T09:36:47.166+0000] {logging_mixin.py:190} INFO - [2026-07-01T09:36:47.166+0000] {dag.py:3211} INFO - Sync 3 DAGs
[2026-07-01T09:36:47.183+0000] {logging_mixin.py:190} INFO - [2026-07-01T09:36:47.183+0000] {dag.py:4138} INFO - Setting next_dagrun for example_branch_datetime_operator to 2026-06-30 00:00:00+00:00, run_after=2026-07-01 00:00:00+00:00
[2026-07-01T09:36:47.186+0000] {logging_mixin.py:190} INFO - [2026-07-01T09:36:47.186+0000] {dag.py:4138} INFO - Setting next_dagrun for example_branch_datetime_operator_2 to 2026-06-30 00:00:00+00:00, run_after=2026-07-01 00:00:00+00:00
[2026-07-01T09:36:47.187+0000] {logging_mixin.py:190} INFO - [2026-07-01T09:36:47.187+0000] {dag.py:4138} INFO - Setting next_dagrun for example_branch_datetime_operator_3 to 2026-06-30 00:00:00+00:00, run_after=2026-07-01 00:00:00+00:00
[2026-07-01T09:36:47.197+0000] {processor.py:208} INFO - Processing /home/airflow/.local/lib/python3.12/site-packages/airflow/example_dags/example_branch_datetime_operator.py took 0.071 seconds
[2026-07-01T09:37:19.059+0000] {processor.py:186} INFO - Started process (PID=2946) to work on /home/airflow/.local/lib/python3.12/site-packages/airflow/example_dags/example_branch_datetime_operator.py
[2026-07-01T09:37:19.060+0000] {processor.py:914} INFO - Processing file /home/airflow/.local/lib/python3.12/site-packages/airflow/example_dags/example_branch_datetime_operator.py for tasks to queue
[2026-07-01T09:37:19.062+0000] {logging_mixin.py:190} INFO - [2026-07-01T09:37:19.062+0000] {dagbag.py:587} INFO - Filling up the DagBag from /home/airflow/.local/lib/python3.12/site-packages/airflow/example_dags/example_branch_datetime_operator.py
[2026-07-01T09:37:19.071+0000] {processor.py:925} INFO - DAG(s) 'example_branch_datetime_operator', 'example_branch_datetime_operator_3', 'example_branch_datetime_operator_2' retrieved from /home/airflow/.local/lib/python3.12/site-packages/airflow/example_dags/example_branch_datetime_operator.py
[2026-07-01T09:37:19.094+0000] {logging_mixin.py:190} INFO - [2026-07-01T09:37:19.094+0000] {dag.py:3211} INFO - Sync 3 DAGs
[2026-07-01T09:37:19.115+0000] {logging_mixin.py:190} INFO - [2026-07-01T09:37:19.115+0000] {dag.py:4138} INFO - Setting next_dagrun for example_branch_datetime_operator to 2026-06-30 00:00:00+00:00, run_after=2026-07-01 00:00:00+00:00
[2026-07-01T09:37:19.118+0000] {logging_mixin.py:190} INFO - [2026-07-01T09:37:19.118+0000] {dag.py:4138} INFO - Setting next_dagrun for example_branch_datetime_operator_2 to 2026-06-30 00:00:00+00:00, run_after=2026-07-01 00:00:00+00:00
[2026-07-01T09:37:19.120+0000] {logging_mixin.py:190} INFO - [2026-07-01T09:37:19.120+0000] {dag.py:4138} INFO - Setting next_dagrun for example_branch_datetime_operator_3 to 2026-06-30 00:00:00+00:00, run_after=2026-07-01 00:00:00+00:00
[2026-07-01T09:37:19.132+0000] {processor.py:208} INFO - Processing /home/airflow/.local/lib/python3.12/site-packages/airflow/example_dags/example_branch_datetime_operator.py took 0.078 seconds
[2026-07-01T09:37:50.274+0000] {processor.py:186} INFO - Started process (PID=3014) to work on /home/airflow/.local/lib/python3.12/site-packages/airflow/example_dags/example_branch_datetime_operator.py
[2026-07-01T09:37:50.275+0000] {processor.py:914} INFO - Processing file /home/airflow/.local/lib/python3.12/site-packages/airflow/example_dags/example_branch_datetime_operator.py for tasks to queue
[2026-07-01T09:37:50.277+0000] {logging_mixin.py:190} INFO - [2026-07-01T09:37:50.276+0000] {dagbag.py:587} INFO - Filling up the DagBag from /home/airflow/.local/lib/python3.12/site-packages/airflow/example_dags/example_branch_datetime_operator.py
[2026-07-01T09:37:50.285+0000] {processor.py:925} INFO - DAG(s) 'example_branch_datetime_operator', 'example_branch_datetime_operator_3', 'example_branch_datetime_operator_2' retrieved from /home/airflow/.local/lib/python3.12/site-packages/airflow/example_dags/example_branch_datetime_operator.py
[2026-07-01T09:37:50.306+0000] {logging_mixin.py:190} INFO - [2026-07-01T09:37:50.306+0000] {dag.py:3211} INFO - Sync 3 DAGs
[2026-07-01T09:37:50.324+0000] {logging_mixin.py:190} INFO - [2026-07-01T09:37:50.324+0000] {dag.py:4138} INFO - Setting next_dagrun for example_branch_datetime_operator to 2026-06-30 00:00:00+00:00, run_after=2026-07-01 00:00:00+00:00
[2026-07-01T09:37:50.327+0000] {logging_mixin.py:190} INFO - [2026-07-01T09:37:50.327+0000] {dag.py:4138} INFO - Setting next_dagrun for example_branch_datetime_operator_2 to 2026-06-30 00:00:00+00:00, run_after=2026-07-01 00:00:00+00:00
[2026-07-01T09:37:50.328+0000] {logging_mixin.py:190} INFO - [2026-07-01T09:37:50.328+0000] {dag.py:4138} INFO - Setting next_dagrun for example_branch_datetime_operator_3 to 2026-06-30 00:00:00+00:00, run_after=2026-07-01 00:00:00+00:00
[2026-07-01T09:37:50.339+0000] {processor.py:208} INFO - Processing /home/airflow/.local/lib/python3.12/site-packages/airflow/example_dags/example_branch_datetime_operator.py took 0.070 seconds
[2026-07-01T09:38:21.461+0000] {processor.py:186} INFO - Started process (PID=3076) to work on /home/airflow/.local/lib/python3.12/site-packages/airflow/example_dags/example_branch_datetime_operator.py
[2026-07-01T09:38:21.462+0000] {processor.py:914} INFO - Processing file /home/airflow/.local/lib/python3.12/site-packages/airflow/example_dags/example_branch_datetime_operator.py for tasks to queue
[2026-07-01T09:38:21.465+0000] {logging_mixin.py:190} INFO - [2026-07-01T09:38:21.464+0000] {dagbag.py:587} INFO - Filling up the DagBag from /home/airflow/.local/lib/python3.12/site-packages/airflow/example_dags/example_branch_datetime_operator.py
[2026-07-01T09:38:21.475+0000] {processor.py:925} INFO - DAG(s) 'example_branch_datetime_operator_2', 'example_branch_datetime_operator', 'example_branch_datetime_operator_3' retrieved from /home/airflow/.local/lib/python3.12/site-packages/airflow/example_dags/example_branch_datetime_operator.py
[2026-07-01T09:38:21.497+0000] {logging_mixin.py:190} INFO - [2026-07-01T09:38:21.497+0000] {dag.py:3211} INFO - Sync 3 DAGs
[2026-07-01T09:38:21.643+0000] {logging_mixin.py:190} INFO - [2026-07-01T09:38:21.643+0000] {dag.py:4138} INFO - Setting next_dagrun for example_branch_datetime_operator to 2026-06-30 00:00:00+00:00, run_after=2026-07-01 00:00:00+00:00
[2026-07-01T09:38:21.647+0000] {logging_mixin.py:190} INFO - [2026-07-01T09:38:21.647+0000] {dag.py:4138} INFO - Setting next_dagrun for example_branch_datetime_operator_2 to 2026-06-30 00:00:00+00:00, run_after=2026-07-01 00:00:00+00:00
[2026-07-01T09:38:21.649+0000] {logging_mixin.py:190} INFO - [2026-07-01T09:38:21.648+0000] {dag.py:4138} INFO - Setting next_dagrun for example_branch_datetime_operator_3 to 2026-06-30 00:00:00+00:00, run_after=2026-07-01 00:00:00+00:00
[2026-07-01T09:38:21.662+0000] {processor.py:208} INFO - Processing /home/airflow/.local/lib/python3.12/site-packages/airflow/example_dags/example_branch_datetime_operator.py took 0.207 seconds
[2026-07-01T09:38:51.755+0000] {processor.py:186} INFO - Started process (PID=3138) to work on /home/airflow/.local/lib/python3.12/site-packages/airflow/example_dags/example_branch_datetime_operator.py
[2026-07-01T09:38:51.756+0000] {processor.py:914} INFO - Processing file /home/airflow/.local/lib/python3.12/site-packages/airflow/example_dags/example_branch_datetime_operator.py for tasks to queue
[2026-07-01T09:38:51.758+0000] {logging_mixin.py:190} INFO - [2026-07-01T09:38:51.758+0000] {dagbag.py:587} INFO - Filling up the DagBag from /home/airflow/.local/lib/python3.12/site-packages/airflow/example_dags/example_branch_datetime_operator.py
[2026-07-01T09:38:51.767+0000] {processor.py:925} INFO - DAG(s) 'example_branch_datetime_operator_3', 'example_branch_datetime_operator_2', 'example_branch_datetime_operator' retrieved from /home/airflow/.local/lib/python3.12/site-packages/airflow/example_dags/example_branch_datetime_operator.py
[2026-07-01T09:38:51.788+0000] {logging_mixin.py:190} INFO - [2026-07-01T09:38:51.787+0000] {dag.py:3211} INFO - Sync 3 DAGs
[2026-07-01T09:38:51.926+0000] {logging_mixin.py:190} INFO - [2026-07-01T09:38:51.926+0000] {dag.py:4138} INFO - Setting next_dagrun for example_branch_datetime_operator to 2026-06-30 00:00:00+00:00, run_after=2026-07-01 00:00:00+00:00
[2026-07-01T09:38:51.929+0000] {logging_mixin.py:190} INFO - [2026-07-01T09:38:51.929+0000] {dag.py:4138} INFO - Setting next_dagrun for example_branch_datetime_operator_2 to 2026-06-30 00:00:00+00:00, run_after=2026-07-01 00:00:00+00:00
[2026-07-01T09:38:51.930+0000] {logging_mixin.py:190} INFO - [2026-07-01T09:38:51.930+0000] {dag.py:4138} INFO - Setting next_dagrun for example_branch_datetime_operator_3 to 2026-06-30 00:00:00+00:00, run_after=2026-07-01 00:00:00+00:00
[2026-07-01T09:38:51.941+0000] {processor.py:208} INFO - Processing /home/airflow/.local/lib/python3.12/site-packages/airflow/example_dags/example_branch_datetime_operator.py took 0.191 seconds
[2026-07-01T09:39:22.558+0000] {processor.py:186} INFO - Started process (PID=3200) to work on /home/airflow/.local/lib/python3.12/site-packages/airflow/example_dags/example_branch_datetime_operator.py
[2026-07-01T09:39:22.558+0000] {processor.py:914} INFO - Processing file /home/airflow/.local/lib/python3.12/site-packages/airflow/example_dags/example_branch_datetime_operator.py for tasks to queue
[2026-07-01T09:39:22.560+0000] {logging_mixin.py:190} INFO - [2026-07-01T09:39:22.560+0000] {dagbag.py:587} INFO - Filling up the DagBag from /home/airflow/.local/lib/python3.12/site-packages/airflow/example_dags/example_branch_datetime_operator.py
[2026-07-01T09:39:22.570+0000] {processor.py:925} INFO - DAG(s) 'example_branch_datetime_operator', 'example_branch_datetime_operator_3', 'example_branch_datetime_operator_2' retrieved from /home/airflow/.local/lib/python3.12/site-packages/airflow/example_dags/example_branch_datetime_operator.py
[2026-07-01T09:39:22.592+0000] {logging_mixin.py:190} INFO - [2026-07-01T09:39:22.592+0000] {dag.py:3211} INFO - Sync 3 DAGs
[2026-07-01T09:39:22.754+0000] {logging_mixin.py:190} INFO - [2026-07-01T09:39:22.753+0000] {dag.py:4138} INFO - Setting next_dagrun for example_branch_datetime_operator to 2026-06-30 00:00:00+00:00, run_after=2026-07-01 00:00:00+00:00
[2026-07-01T09:39:22.761+0000] {logging_mixin.py:190} INFO - [2026-07-01T09:39:22.761+0000] {dag.py:4138} INFO - Setting next_dagrun for example_branch_datetime_operator_2 to 2026-06-30 00:00:00+00:00, run_after=2026-07-01 00:00:00+00:00
[2026-07-01T09:39:22.763+0000] {logging_mixin.py:190} INFO - [2026-07-01T09:39:22.763+0000] {dag.py:4138} INFO - Setting next_dagrun for example_branch_datetime_operator_3 to 2026-06-30 00:00:00+00:00, run_after=2026-07-01 00:00:00+00:00
[2026-07-01T09:39:22.778+0000] {processor.py:208} INFO - Processing /home/airflow/.local/lib/python3.12/site-packages/airflow/example_dags/example_branch_datetime_operator.py took 0.225 seconds
[2026-07-01T09:39:53.601+0000] {processor.py:186} INFO - Started process (PID=3262) to work on /home/airflow/.local/lib/python3.12/site-packages/airflow/example_dags/example_branch_datetime_operator.py
[2026-07-01T09:39:53.602+0000] {processor.py:914} INFO - Processing file /home/airflow/.local/lib/python3.12/site-packages/airflow/example_dags/example_branch_datetime_operator.py for tasks to queue
[2026-07-01T09:39:53.604+0000] {logging_mixin.py:190} INFO - [2026-07-01T09:39:53.604+0000] {dagbag.py:587} INFO - Filling up the DagBag from /home/airflow/.local/lib/python3.12/site-packages/airflow/example_dags/example_branch_datetime_operator.py
[2026-07-01T09:39:53.612+0000] {processor.py:925} INFO - DAG(s) 'example_branch_datetime_operator_2', 'example_branch_datetime_operator_3', 'example_branch_datetime_operator' retrieved from /home/airflow/.local/lib/python3.12/site-packages/airflow/example_dags/example_branch_datetime_operator.py
[2026-07-01T09:39:53.635+0000] {logging_mixin.py:190} INFO - [2026-07-01T09:39:53.635+0000] {dag.py:3211} INFO - Sync 3 DAGs
[2026-07-01T09:39:53.782+0000] {logging_mixin.py:190} INFO - [2026-07-01T09:39:53.781+0000] {dag.py:4138} INFO - Setting next_dagrun for example_branch_datetime_operator to 2026-06-30 00:00:00+00:00, run_after=2026-07-01 00:00:00+00:00
[2026-07-01T09:39:53.785+0000] {logging_mixin.py:190} INFO - [2026-07-01T09:39:53.785+0000] {dag.py:4138} INFO - Setting next_dagrun for example_branch_datetime_operator_2 to 2026-06-30 00:00:00+00:00, run_after=2026-07-01 00:00:00+00:00
[2026-07-01T09:39:53.787+0000] {logging_mixin.py:190} INFO - [2026-07-01T09:39:53.787+0000] {dag.py:4138} INFO - Setting next_dagrun for example_branch_datetime_operator_3 to 2026-06-30 00:00:00+00:00, run_after=2026-07-01 00:00:00+00:00
[2026-07-01T09:39:53.797+0000] {processor.py:208} INFO - Processing /home/airflow/.local/lib/python3.12/site-packages/airflow/example_dags/example_branch_datetime_operator.py took 0.200 seconds
[2026-07-01T09:40:24.139+0000] {processor.py:186} INFO - Started process (PID=3324) to work on /home/airflow/.local/lib/python3.12/site-packages/airflow/example_dags/example_branch_datetime_operator.py
[2026-07-01T09:40:24.140+0000] {processor.py:914} INFO - Processing file /home/airflow/.local/lib/python3.12/site-packages/airflow/example_dags/example_branch_datetime_operator.py for tasks to queue
[2026-07-01T09:40:24.142+0000] {logging_mixin.py:190} INFO - [2026-07-01T09:40:24.142+0000] {dagbag.py:587} INFO - Filling up the DagBag from /home/airflow/.local/lib/python3.12/site-packages/airflow/example_dags/example_branch_datetime_operator.py
[2026-07-01T09:40:24.150+0000] {processor.py:925} INFO - DAG(s) 'example_branch_datetime_operator_2', 'example_branch_datetime_operator_3', 'example_branch_datetime_operator' retrieved from /home/airflow/.local/lib/python3.12/site-packages/airflow/example_dags/example_branch_datetime_operator.py
[2026-07-01T09:40:24.169+0000] {logging_mixin.py:190} INFO - [2026-07-01T09:40:24.169+0000] {dag.py:3211} INFO - Sync 3 DAGs
[2026-07-01T09:40:24.187+0000] {logging_mixin.py:190} INFO - [2026-07-01T09:40:24.187+0000] {dag.py:4138} INFO - Setting next_dagrun for example_branch_datetime_operator to 2026-06-30 00:00:00+00:00, run_after=2026-07-01 00:00:00+00:00
[2026-07-01T09:40:24.192+0000] {logging_mixin.py:190} INFO - [2026-07-01T09:40:24.192+0000] {dag.py:4138} INFO - Setting next_dagrun for example_branch_datetime_operator_2 to 2026-06-30 00:00:00+00:00, run_after=2026-07-01 00:00:00+00:00
[2026-07-01T09:40:24.194+0000] {logging_mixin.py:190} INFO - [2026-07-01T09:40:24.194+0000] {dag.py:4138} INFO - Setting next_dagrun for example_branch_datetime_operator_3 to 2026-06-30 00:00:00+00:00, run_after=2026-07-01 00:00:00+00:00
[2026-07-01T09:40:24.206+0000] {processor.py:208} INFO - Processing /home/airflow/.local/lib/python3.12/site-packages/airflow/example_dags/example_branch_datetime_operator.py took 0.072 seconds
[2026-07-01T09:40:54.483+0000] {processor.py:186} INFO - Started process (PID=3386) to work on /home/airflow/.local/lib/python3.12/site-packages/airflow/example_dags/example_branch_datetime_operator.py
[2026-07-01T09:40:54.484+0000] {processor.py:914} INFO - Processing file /home/airflow/.local/lib/python3.12/site-packages/airflow/example_dags/example_branch_datetime_operator.py for tasks to queue
[2026-07-01T09:40:54.486+0000] {logging_mixin.py:190} INFO - [2026-07-01T09:40:54.486+0000] {dagbag.py:587} INFO - Filling up the DagBag from /home/airflow/.local/lib/python3.12/site-packages/airflow/example_dags/example_branch_datetime_operator.py
[2026-07-01T09:40:54.496+0000] {processor.py:925} INFO - DAG(s) 'example_branch_datetime_operator_2', 'example_branch_datetime_operator_3', 'example_branch_datetime_operator' retrieved from /home/airflow/.local/lib/python3.12/site-packages/airflow/example_dags/example_branch_datetime_operator.py
[2026-07-01T09:40:54.518+0000] {logging_mixin.py:190} INFO - [2026-07-01T09:40:54.518+0000] {dag.py:3211} INFO - Sync 3 DAGs
[2026-07-01T09:40:54.540+0000] {logging_mixin.py:190} INFO - [2026-07-01T09:40:54.540+0000] {dag.py:4138} INFO - Setting next_dagrun for example_branch_datetime_operator to 2026-06-30 00:00:00+00:00, run_after=2026-07-01 00:00:00+00:00
[2026-07-01T09:40:54.544+0000] {logging_mixin.py:190} INFO - [2026-07-01T09:40:54.544+0000] {dag.py:4138} INFO - Setting next_dagrun for example_branch_datetime_operator_2 to 2026-06-30 00:00:00+00:00, run_after=2026-07-01 00:00:00+00:00
[2026-07-01T09:40:54.547+0000] {logging_mixin.py:190} INFO - [2026-07-01T09:40:54.547+0000] {dag.py:4138} INFO - Setting next_dagrun for example_branch_datetime_operator_3 to 2026-06-30 00:00:00+00:00, run_after=2026-07-01 00:00:00+00:00
[2026-07-01T09:40:54.562+0000] {processor.py:208} INFO - Processing /home/airflow/.local/lib/python3.12/site-packages/airflow/example_dags/example_branch_datetime_operator.py took 0.084 seconds
[2026-07-01T09:41:24.836+0000] {processor.py:186} INFO - Started process (PID=3448) to work on /home/airflow/.local/lib/python3.12/site-packages/airflow/example_dags/example_branch_datetime_operator.py
[2026-07-01T09:41:24.837+0000] {processor.py:914} INFO - Processing file /home/airflow/.local/lib/python3.12/site-packages/airflow/example_dags/example_branch_datetime_operator.py for tasks to queue
[2026-07-01T09:41:24.839+0000] {logging_mixin.py:190} INFO - [2026-07-01T09:41:24.839+0000] {dagbag.py:587} INFO - Filling up the DagBag from /home/airflow/.local/lib/python3.12/site-packages/airflow/example_dags/example_branch_datetime_operator.py
[2026-07-01T09:41:24.848+0000] {processor.py:925} INFO - DAG(s) 'example_branch_datetime_operator_2', 'example_branch_datetime_operator', 'example_branch_datetime_operator_3' retrieved from /home/airflow/.local/lib/python3.12/site-packages/airflow/example_dags/example_branch_datetime_operator.py
[2026-07-01T09:41:24.867+0000] {logging_mixin.py:190} INFO - [2026-07-01T09:41:24.866+0000] {dag.py:3211} INFO - Sync 3 DAGs
[2026-07-01T09:41:24.883+0000] {logging_mixin.py:190} INFO - [2026-07-01T09:41:24.883+0000] {dag.py:4138} INFO - Setting next_dagrun for example_branch_datetime_operator to 2026-06-30 00:00:00+00:00, run_after=2026-07-01 00:00:00+00:00
[2026-07-01T09:41:24.886+0000] {logging_mixin.py:190} INFO - [2026-07-01T09:41:24.886+0000] {dag.py:4138} INFO - Setting next_dagrun for example_branch_datetime_operator_2 to 2026-06-30 00:00:00+00:00, run_after=2026-07-01 00:00:00+00:00
[2026-07-01T09:41:24.888+0000] {logging_mixin.py:190} INFO - [2026-07-01T09:41:24.888+0000] {dag.py:4138} INFO - Setting next_dagrun for example_branch_datetime_operator_3 to 2026-06-30 00:00:00+00:00, run_after=2026-07-01 00:00:00+00:00
[2026-07-01T09:41:24.898+0000] {processor.py:208} INFO - Processing /home/airflow/.local/lib/python3.12/site-packages/airflow/example_dags/example_branch_datetime_operator.py took 0.067 seconds
[2026-07-01T09:41:55.044+0000] {processor.py:186} INFO - Started process (PID=3510) to work on /home/airflow/.local/lib/python3.12/site-packages/airflow/example_dags/example_branch_datetime_operator.py
[2026-07-01T09:41:55.045+0000] {processor.py:914} INFO - Processing file /home/airflow/.local/lib/python3.12/site-packages/airflow/example_dags/example_branch_datetime_operator.py for tasks to queue
[2026-07-01T09:41:55.047+0000] {logging_mixin.py:190} INFO - [2026-07-01T09:41:55.047+0000] {dagbag.py:587} INFO - Filling up the DagBag from /home/airflow/.local/lib/python3.12/site-packages/airflow/example_dags/example_branch_datetime_operator.py
[2026-07-01T09:41:55.056+0000] {processor.py:925} INFO - DAG(s) 'example_branch_datetime_operator_3', 'example_branch_datetime_operator_2', 'example_branch_datetime_operator' retrieved from /home/airflow/.local/lib/python3.12/site-packages/airflow/example_dags/example_branch_datetime_operator.py
[2026-07-01T09:41:55.079+0000] {logging_mixin.py:190} INFO - [2026-07-01T09:41:55.079+0000] {dag.py:3211} INFO - Sync 3 DAGs
[2026-07-01T09:41:55.099+0000] {logging_mixin.py:190} INFO - [2026-07-01T09:41:55.099+0000] {dag.py:4138} INFO - Setting next_dagrun for example_branch_datetime_operator to 2026-06-30 00:00:00+00:00, run_after=2026-07-01 00:00:00+00:00
[2026-07-01T09:41:55.103+0000] {logging_mixin.py:190} INFO - [2026-07-01T09:41:55.103+0000] {dag.py:4138} INFO - Setting next_dagrun for example_branch_datetime_operator_2 to 2026-06-30 00:00:00+00:00, run_after=2026-07-01 00:00:00+00:00
[2026-07-01T09:41:55.105+0000] {logging_mixin.py:190} INFO - [2026-07-01T09:41:55.105+0000] {dag.py:4138} INFO - Setting next_dagrun for example_branch_datetime_operator_3 to 2026-06-30 00:00:00+00:00, run_after=2026-07-01 00:00:00+00:00
[2026-07-01T09:41:55.118+0000] {processor.py:208} INFO - Processing /home/airflow/.local/lib/python3.12/site-packages/airflow/example_dags/example_branch_datetime_operator.py took 0.080 seconds
[2026-07-01T09:42:25.551+0000] {processor.py:186} INFO - Started process (PID=3572) to work on /home/airflow/.local/lib/python3.12/site-packages/airflow/example_dags/example_branch_datetime_operator.py
[2026-07-01T09:42:25.552+0000] {processor.py:914} INFO - Processing file /home/airflow/.local/lib/python3.12/site-packages/airflow/example_dags/example_branch_datetime_operator.py for tasks to queue
[2026-07-01T09:42:25.554+0000] {logging_mixin.py:190} INFO - [2026-07-01T09:42:25.554+0000] {dagbag.py:587} INFO - Filling up the DagBag from /home/airflow/.local/lib/python3.12/site-packages/airflow/example_dags/example_branch_datetime_operator.py
[2026-07-01T09:42:25.562+0000] {processor.py:925} INFO - DAG(s) 'example_branch_datetime_operator_2', 'example_branch_datetime_operator', 'example_branch_datetime_operator_3' retrieved from /home/airflow/.local/lib/python3.12/site-packages/airflow/example_dags/example_branch_datetime_operator.py
[2026-07-01T09:42:25.582+0000] {logging_mixin.py:190} INFO - [2026-07-01T09:42:25.581+0000] {dag.py:3211} INFO - Sync 3 DAGs
[2026-07-01T09:42:25.602+0000] {logging_mixin.py:190} INFO - [2026-07-01T09:42:25.602+0000] {dag.py:4138} INFO - Setting next_dagrun for example_branch_datetime_operator to 2026-06-30 00:00:00+00:00, run_after=2026-07-01 00:00:00+00:00
[2026-07-01T09:42:25.606+0000] {logging_mixin.py:190} INFO - [2026-07-01T09:42:25.606+0000] {dag.py:4138} INFO - Setting next_dagrun for example_branch_datetime_operator_2 to 2026-06-30 00:00:00+00:00, run_after=2026-07-01 00:00:00+00:00
[2026-07-01T09:42:25.608+0000] {logging_mixin.py:190} INFO - [2026-07-01T09:42:25.608+0000] {dag.py:4138} INFO - Setting next_dagrun for example_branch_datetime_operator_3 to 2026-06-30 00:00:00+00:00, run_after=2026-07-01 00:00:00+00:00
[2026-07-01T09:42:25.620+0000] {processor.py:208} INFO - Processing /home/airflow/.local/lib/python3.12/site-packages/airflow/example_dags/example_branch_datetime_operator.py took 0.073 seconds
[2026-07-01T09:42:55.933+0000] {processor.py:186} INFO - Started process (PID=3634) to work on /home/airflow/.local/lib/python3.12/site-packages/airflow/example_dags/example_branch_datetime_operator.py
[2026-07-01T09:42:55.934+0000] {processor.py:914} INFO - Processing file /home/airflow/.local/lib/python3.12/site-packages/airflow/example_dags/example_branch_datetime_operator.py for tasks to queue
[2026-07-01T09:42:55.936+0000] {logging_mixin.py:190} INFO - [2026-07-01T09:42:55.936+0000] {dagbag.py:587} INFO - Filling up the DagBag from /home/airflow/.local/lib/python3.12/site-packages/airflow/example_dags/example_branch_datetime_operator.py
[2026-07-01T09:42:55.946+0000] {processor.py:925} INFO - DAG(s) 'example_branch_datetime_operator_3', 'example_branch_datetime_operator_2', 'example_branch_datetime_operator' retrieved from /home/airflow/.local/lib/python3.12/site-packages/airflow/example_dags/example_branch_datetime_operator.py
[2026-07-01T09:42:55.967+0000] {logging_mixin.py:190} INFO - [2026-07-01T09:42:55.967+0000] {dag.py:3211} INFO - Sync 3 DAGs
[2026-07-01T09:42:55.985+0000] {logging_mixin.py:190} INFO - [2026-07-01T09:42:55.984+0000] {dag.py:4138} INFO - Setting next_dagrun for example_branch_datetime_operator to 2026-06-30 00:00:00+00:00, run_after=2026-07-01 00:00:00+00:00
[2026-07-01T09:42:55.988+0000] {logging_mixin.py:190} INFO - [2026-07-01T09:42:55.987+0000] {dag.py:4138} INFO - Setting next_dagrun for example_branch_datetime_operator_2 to 2026-06-30 00:00:00+00:00, run_after=2026-07-01 00:00:00+00:00
[2026-07-01T09:42:55.989+0000] {logging_mixin.py:190} INFO - [2026-07-01T09:42:55.989+0000] {dag.py:4138} INFO - Setting next_dagrun for example_branch_datetime_operator_3 to 2026-06-30 00:00:00+00:00, run_after=2026-07-01 00:00:00+00:00
[2026-07-01T09:42:56.001+0000] {processor.py:208} INFO - Processing /home/airflow/.local/lib/python3.12/site-packages/airflow/example_dags/example_branch_datetime_operator.py took 0.073 seconds
[2026-07-01T09:43:26.230+0000] {processor.py:186} INFO - Started process (PID=3696) to work on /home/airflow/.local/lib/python3.12/site-packages/airflow/example_dags/example_branch_datetime_operator.py
[2026-07-01T09:43:26.231+0000] {processor.py:914} INFO - Processing file /home/airflow/.local/lib/python3.12/site-packages/airflow/example_dags/example_branch_datetime_operator.py for tasks to queue
[2026-07-01T09:43:26.234+0000] {logging_mixin.py:190} INFO - [2026-07-01T09:43:26.234+0000] {dagbag.py:587} INFO - Filling up the DagBag from /home/airflow/.local/lib/python3.12/site-packages/airflow/example_dags/example_branch_datetime_operator.py
[2026-07-01T09:43:26.244+0000] {processor.py:925} INFO - DAG(s) 'example_branch_datetime_operator_3', 'example_branch_datetime_operator', 'example_branch_datetime_operator_2' retrieved from /home/airflow/.local/lib/python3.12/site-packages/airflow/example_dags/example_branch_datetime_operator.py
[2026-07-01T09:43:26.267+0000] {logging_mixin.py:190} INFO - [2026-07-01T09:43:26.267+0000] {dag.py:3211} INFO - Sync 3 DAGs
[2026-07-01T09:43:26.289+0000] {logging_mixin.py:190} INFO - [2026-07-01T09:43:26.289+0000] {dag.py:4138} INFO - Setting next_dagrun for example_branch_datetime_operator to 2026-06-30 00:00:00+00:00, run_after=2026-07-01 00:00:00+00:00
[2026-07-01T09:43:26.293+0000] {logging_mixin.py:190} INFO - [2026-07-01T09:43:26.293+0000] {dag.py:4138} INFO - Setting next_dagrun for example_branch_datetime_operator_2 to 2026-06-30 00:00:00+00:00, run_after=2026-07-01 00:00:00+00:00
[2026-07-01T09:43:26.296+0000] {logging_mixin.py:190} INFO - [2026-07-01T09:43:26.296+0000] {dag.py:4138} INFO - Setting next_dagrun for example_branch_datetime_operator_3 to 2026-06-30 00:00:00+00:00, run_after=2026-07-01 00:00:00+00:00
[2026-07-01T09:43:26.310+0000] {processor.py:208} INFO - Processing /home/airflow/.local/lib/python3.12/site-packages/airflow/example_dags/example_branch_datetime_operator.py took 0.087 seconds
[2026-07-01T09:43:56.578+0000] {processor.py:186} INFO - Started process (PID=3758) to work on /home/airflow/.local/lib/python3.12/site-packages/airflow/example_dags/example_branch_datetime_operator.py
[2026-07-01T09:43:56.579+0000] {processor.py:914} INFO - Processing file /home/airflow/.local/lib/python3.12/site-packages/airflow/example_dags/example_branch_datetime_operator.py for tasks to queue
[2026-07-01T09:43:56.582+0000] {logging_mixin.py:190} INFO - [2026-07-01T09:43:56.582+0000] {dagbag.py:587} INFO - Filling up the DagBag from /home/airflow/.local/lib/python3.12/site-packages/airflow/example_dags/example_branch_datetime_operator.py
[2026-07-01T09:43:56.594+0000] {processor.py:925} INFO - DAG(s) 'example_branch_datetime_operator_2', 'example_branch_datetime_operator', 'example_branch_datetime_operator_3' retrieved from /home/airflow/.local/lib/python3.12/site-packages/airflow/example_dags/example_branch_datetime_operator.py
[2026-07-01T09:43:56.617+0000] {logging_mixin.py:190} INFO - [2026-07-01T09:43:56.617+0000] {dag.py:3211} INFO - Sync 3 DAGs
[2026-07-01T09:43:56.639+0000] {logging_mixin.py:190} INFO - [2026-07-01T09:43:56.639+0000] {dag.py:4138} INFO - Setting next_dagrun for example_branch_datetime_operator to 2026-06-30 00:00:00+00:00, run_after=2026-07-01 00:00:00+00:00
[2026-07-01T09:43:56.644+0000] {logging_mixin.py:190} INFO - [2026-07-01T09:43:56.644+0000] {dag.py:4138} INFO - Setting next_dagrun for example_branch_datetime_operator_2 to 2026-06-30 00:00:00+00:00, run_after=2026-07-01 00:00:00+00:00
[2026-07-01T09:43:56.646+0000] {logging_mixin.py:190} INFO - [2026-07-01T09:43:56.646+0000] {dag.py:4138} INFO - Setting next_dagrun for example_branch_datetime_operator_3 to 2026-06-30 00:00:00+00:00, run_after=2026-07-01 00:00:00+00:00
[2026-07-01T09:43:56.659+0000] {processor.py:208} INFO - Processing /home/airflow/.local/lib/python3.12/site-packages/airflow/example_dags/example_branch_datetime_operator.py took 0.086 seconds
[2026-07-01T09:44:26.881+0000] {processor.py:186} INFO - Started process (PID=3820) to work on /home/airflow/.local/lib/python3.12/site-packages/airflow/example_dags/example_branch_datetime_operator.py
[2026-07-01T09:44:26.882+0000] {processor.py:914} INFO - Processing file /home/airflow/.local/lib/python3.12/site-packages/airflow/example_dags/example_branch_datetime_operator.py for tasks to queue
[2026-07-01T09:44:26.884+0000] {logging_mixin.py:190} INFO - [2026-07-01T09:44:26.884+0000] {dagbag.py:587} INFO - Filling up the DagBag from /home/airflow/.local/lib/python3.12/site-packages/airflow/example_dags/example_branch_datetime_operator.py
[2026-07-01T09:44:26.892+0000] {processor.py:925} INFO - DAG(s) 'example_branch_datetime_operator_3', 'example_branch_datetime_operator_2', 'example_branch_datetime_operator' retrieved from /home/airflow/.local/lib/python3.12/site-packages/airflow/example_dags/example_branch_datetime_operator.py
[2026-07-01T09:44:26.910+0000] {logging_mixin.py:190} INFO - [2026-07-01T09:44:26.910+0000] {dag.py:3211} INFO - Sync 3 DAGs
[2026-07-01T09:44:26.925+0000] {logging_mixin.py:190} INFO - [2026-07-01T09:44:26.925+0000] {dag.py:4138} INFO - Setting next_dagrun for example_branch_datetime_operator to 2026-06-30 00:00:00+00:00, run_after=2026-07-01 00:00:00+00:00
[2026-07-01T09:44:26.928+0000] {logging_mixin.py:190} INFO - [2026-07-01T09:44:26.928+0000] {dag.py:4138} INFO - Setting next_dagrun for example_branch_datetime_operator_2 to 2026-06-30 00:00:00+00:00, run_after=2026-07-01 00:00:00+00:00
[2026-07-01T09:44:26.930+0000] {logging_mixin.py:190} INFO - [2026-07-01T09:44:26.929+0000] {dag.py:4138} INFO - Setting next_dagrun for example_branch_datetime_operator_3 to 2026-06-30 00:00:00+00:00, run_after=2026-07-01 00:00:00+00:00
[2026-07-01T09:44:26.940+0000] {processor.py:208} INFO - Processing /home/airflow/.local/lib/python3.12/site-packages/airflow/example_dags/example_branch_datetime_operator.py took 0.064 seconds
[2026-07-01T09:44:57.272+0000] {processor.py:186} INFO - Started process (PID=3882) to work on /home/airflow/.local/lib/python3.12/site-packages/airflow/example_dags/example_branch_datetime_operator.py
[2026-07-01T09:44:57.274+0000] {processor.py:914} INFO - Processing file /home/airflow/.local/lib/python3.12/site-packages/airflow/example_dags/example_branch_datetime_operator.py for tasks to queue
[2026-07-01T09:44:57.276+0000] {logging_mixin.py:190} INFO - [2026-07-01T09:44:57.276+0000] {dagbag.py:587} INFO - Filling up the DagBag from /home/airflow/.local/lib/python3.12/site-packages/airflow/example_dags/example_branch_datetime_operator.py
[2026-07-01T09:44:57.284+0000] {processor.py:925} INFO - DAG(s) 'example_branch_datetime_operator_2', 'example_branch_datetime_operator', 'example_branch_datetime_operator_3' retrieved from /home/airflow/.local/lib/python3.12/site-packages/airflow/example_dags/example_branch_datetime_operator.py
[2026-07-01T09:44:57.303+0000] {logging_mixin.py:190} INFO - [2026-07-01T09:44:57.303+0000] {dag.py:3211} INFO - Sync 3 DAGs
[2026-07-01T09:44:57.318+0000] {logging_mixin.py:190} INFO - [2026-07-01T09:44:57.318+0000] {dag.py:4138} INFO - Setting next_dagrun for example_branch_datetime_operator to 2026-06-30 00:00:00+00:00, run_after=2026-07-01 00:00:00+00:00
[2026-07-01T09:44:57.322+0000] {logging_mixin.py:190} INFO - [2026-07-01T09:44:57.321+0000] {dag.py:4138} INFO - Setting next_dagrun for example_branch_datetime_operator_2 to 2026-06-30 00:00:00+00:00, run_after=2026-07-01 00:00:00+00:00
[2026-07-01T09:44:57.323+0000] {logging_mixin.py:190} INFO - [2026-07-01T09:44:57.323+0000] {dag.py:4138} INFO - Setting next_dagrun for example_branch_datetime_operator_3 to 2026-06-30 00:00:00+00:00, run_after=2026-07-01 00:00:00+00:00
[2026-07-01T09:44:57.334+0000] {processor.py:208} INFO - Processing /home/airflow/.local/lib/python3.12/site-packages/airflow/example_dags/example_branch_datetime_operator.py took 0.067 seconds
[2026-07-01T09:45:27.625+0000] {processor.py:186} INFO - Started process (PID=3944) to work on /home/airflow/.local/lib/python3.12/site-packages/airflow/example_dags/example_branch_datetime_operator.py
[2026-07-01T09:45:27.626+0000] {processor.py:914} INFO - Processing file /home/airflow/.local/lib/python3.12/site-packages/airflow/example_dags/example_branch_datetime_operator.py for tasks to queue
[2026-07-01T09:45:27.628+0000] {logging_mixin.py:190} INFO - [2026-07-01T09:45:27.628+0000] {dagbag.py:587} INFO - Filling up the DagBag from /home/airflow/.local/lib/python3.12/site-packages/airflow/example_dags/example_branch_datetime_operator.py
[2026-07-01T09:45:27.638+0000] {processor.py:925} INFO - DAG(s) 'example_branch_datetime_operator_2', 'example_branch_datetime_operator_3', 'example_branch_datetime_operator' retrieved from /home/airflow/.local/lib/python3.12/site-packages/airflow/example_dags/example_branch_datetime_operator.py
[2026-07-01T09:45:27.658+0000] {logging_mixin.py:190} INFO - [2026-07-01T09:45:27.658+0000] {dag.py:3211} INFO - Sync 3 DAGs
[2026-07-01T09:45:27.676+0000] {logging_mixin.py:190} INFO - [2026-07-01T09:45:27.676+0000] {dag.py:4138} INFO - Setting next_dagrun for example_branch_datetime_operator to 2026-06-30 00:00:00+00:00, run_after=2026-07-01 00:00:00+00:00
[2026-07-01T09:45:27.680+0000] {logging_mixin.py:190} INFO - [2026-07-01T09:45:27.679+0000] {dag.py:4138} INFO - Setting next_dagrun for example_branch_datetime_operator_2 to 2026-06-30 00:00:00+00:00, run_after=2026-07-01 00:00:00+00:00
[2026-07-01T09:45:27.682+0000] {logging_mixin.py:190} INFO - [2026-07-01T09:45:27.682+0000] {dag.py:4138} INFO - Setting next_dagrun for example_branch_datetime_operator_3 to 2026-06-30 00:00:00+00:00, run_after=2026-07-01 00:00:00+00:00
[2026-07-01T09:45:27.694+0000] {processor.py:208} INFO - Processing /home/airflow/.local/lib/python3.12/site-packages/airflow/example_dags/example_branch_datetime_operator.py took 0.074 seconds
