[2026-07-01T09:09:40.912+0000] {processor.py:186} INFO - Started process (PID=94) to work on /home/airflow/.local/lib/python3.12/site-packages/airflow/example_dags/example_dataset_alias_with_no_taskflow.py
[2026-07-01T09:09:40.913+0000] {processor.py:914} INFO - Processing file /home/airflow/.local/lib/python3.12/site-packages/airflow/example_dags/example_dataset_alias_with_no_taskflow.py for tasks to queue
[2026-07-01T09:09:40.916+0000] {logging_mixin.py:190} INFO - [2026-07-01T09:09:40.915+0000] {dagbag.py:587} INFO - Filling up the DagBag from /home/airflow/.local/lib/python3.12/site-packages/airflow/example_dags/example_dataset_alias_with_no_taskflow.py
[2026-07-01T09:09:41.033+0000] {processor.py:925} INFO - DAG(s) 'dataset_s3_bucket_consumer_with_no_taskflow', 'dataset_alias_example_alias_consumer_with_no_taskflow', 'dataset_s3_bucket_producer_with_no_taskflow', 'dataset_alias_example_alias_producer_with_no_taskflow' retrieved from /home/airflow/.local/lib/python3.12/site-packages/airflow/example_dags/example_dataset_alias_with_no_taskflow.py
[2026-07-01T09:09:41.102+0000] {logging_mixin.py:190} INFO - [2026-07-01T09:09:41.102+0000] {override.py:1858} INFO - Created Permission View: can read on DAG:dataset_s3_bucket_consumer_with_no_taskflow
[2026-07-01T09:09:41.111+0000] {logging_mixin.py:190} INFO - [2026-07-01T09:09:41.110+0000] {override.py:1858} INFO - Created Permission View: can delete on DAG:dataset_s3_bucket_consumer_with_no_taskflow
[2026-07-01T09:09:41.116+0000] {logging_mixin.py:190} INFO - [2026-07-01T09:09:41.116+0000] {override.py:1858} INFO - Created Permission View: can edit on DAG:dataset_s3_bucket_consumer_with_no_taskflow
[2026-07-01T09:09:41.126+0000] {logging_mixin.py:190} INFO - [2026-07-01T09:09:41.126+0000] {override.py:1858} INFO - Created Permission View: can read on DAG:dataset_alias_example_alias_consumer_with_no_taskflow
[2026-07-01T09:09:41.132+0000] {logging_mixin.py:190} INFO - [2026-07-01T09:09:41.132+0000] {override.py:1858} INFO - Created Permission View: can delete on DAG:dataset_alias_example_alias_consumer_with_no_taskflow
[2026-07-01T09:09:41.137+0000] {logging_mixin.py:190} INFO - [2026-07-01T09:09:41.137+0000] {override.py:1858} INFO - Created Permission View: can edit on DAG:dataset_alias_example_alias_consumer_with_no_taskflow
[2026-07-01T09:09:41.146+0000] {logging_mixin.py:190} INFO - [2026-07-01T09:09:41.146+0000] {override.py:1858} INFO - Created Permission View: can read on DAG:dataset_s3_bucket_producer_with_no_taskflow
[2026-07-01T09:09:41.151+0000] {logging_mixin.py:190} INFO - [2026-07-01T09:09:41.151+0000] {override.py:1858} INFO - Created Permission View: can delete on DAG:dataset_s3_bucket_producer_with_no_taskflow
[2026-07-01T09:09:41.156+0000] {logging_mixin.py:190} INFO - [2026-07-01T09:09:41.156+0000] {override.py:1858} INFO - Created Permission View: can edit on DAG:dataset_s3_bucket_producer_with_no_taskflow
[2026-07-01T09:09:41.166+0000] {logging_mixin.py:190} INFO - [2026-07-01T09:09:41.165+0000] {override.py:1858} INFO - Created Permission View: can read on DAG:dataset_alias_example_alias_producer_with_no_taskflow
[2026-07-01T09:09:41.170+0000] {logging_mixin.py:190} INFO - [2026-07-01T09:09:41.170+0000] {override.py:1858} INFO - Created Permission View: can delete on DAG:dataset_alias_example_alias_producer_with_no_taskflow
[2026-07-01T09:09:41.175+0000] {logging_mixin.py:190} INFO - [2026-07-01T09:09:41.175+0000] {override.py:1858} INFO - Created Permission View: can edit on DAG:dataset_alias_example_alias_producer_with_no_taskflow
[2026-07-01T09:09:41.176+0000] {logging_mixin.py:190} INFO - [2026-07-01T09:09:41.176+0000] {dag.py:3211} INFO - Sync 4 DAGs
[2026-07-01T09:09:41.185+0000] {logging_mixin.py:190} INFO - [2026-07-01T09:09:41.185+0000] {dag.py:3234} INFO - Creating ORM DAG for dataset_s3_bucket_producer_with_no_taskflow
[2026-07-01T09:09:41.186+0000] {logging_mixin.py:190} INFO - [2026-07-01T09:09:41.186+0000] {dag.py:3234} INFO - Creating ORM DAG for dataset_alias_example_alias_consumer_with_no_taskflow
[2026-07-01T09:09:41.187+0000] {logging_mixin.py:190} INFO - [2026-07-01T09:09:41.186+0000] {dag.py:3234} INFO - Creating ORM DAG for dataset_s3_bucket_consumer_with_no_taskflow
[2026-07-01T09:09:41.187+0000] {logging_mixin.py:190} INFO - [2026-07-01T09:09:41.187+0000] {dag.py:3234} INFO - Creating ORM DAG for dataset_alias_example_alias_producer_with_no_taskflow
[2026-07-01T09:09:41.195+0000] {logging_mixin.py:190} INFO - [2026-07-01T09:09:41.195+0000] {dag.py:4138} INFO - Setting next_dagrun for dataset_alias_example_alias_consumer_with_no_taskflow to None, run_after=None
[2026-07-01T09:09:41.196+0000] {logging_mixin.py:190} INFO - [2026-07-01T09:09:41.196+0000] {dag.py:4138} INFO - Setting next_dagrun for dataset_alias_example_alias_producer_with_no_taskflow to None, run_after=None
[2026-07-01T09:09:41.197+0000] {logging_mixin.py:190} INFO - [2026-07-01T09:09:41.197+0000] {dag.py:4138} INFO - Setting next_dagrun for dataset_s3_bucket_consumer_with_no_taskflow to None, run_after=None
[2026-07-01T09:09:41.197+0000] {logging_mixin.py:190} INFO - [2026-07-01T09:09:41.197+0000] {dag.py:4138} INFO - Setting next_dagrun for dataset_s3_bucket_producer_with_no_taskflow to None, run_after=None
[2026-07-01T09:09:41.222+0000] {processor.py:208} INFO - Processing /home/airflow/.local/lib/python3.12/site-packages/airflow/example_dags/example_dataset_alias_with_no_taskflow.py took 0.316 seconds
[2026-07-01T09:10:11.359+0000] {processor.py:186} INFO - Started process (PID=156) to work on /home/airflow/.local/lib/python3.12/site-packages/airflow/example_dags/example_dataset_alias_with_no_taskflow.py
[2026-07-01T09:10:11.360+0000] {processor.py:914} INFO - Processing file /home/airflow/.local/lib/python3.12/site-packages/airflow/example_dags/example_dataset_alias_with_no_taskflow.py for tasks to queue
[2026-07-01T09:10:11.362+0000] {logging_mixin.py:190} INFO - [2026-07-01T09:10:11.362+0000] {dagbag.py:587} INFO - Filling up the DagBag from /home/airflow/.local/lib/python3.12/site-packages/airflow/example_dags/example_dataset_alias_with_no_taskflow.py
[2026-07-01T09:10:11.463+0000] {processor.py:925} INFO - DAG(s) 'dataset_s3_bucket_producer_with_no_taskflow', 'dataset_alias_example_alias_consumer_with_no_taskflow', 'dataset_s3_bucket_consumer_with_no_taskflow', 'dataset_alias_example_alias_producer_with_no_taskflow' retrieved from /home/airflow/.local/lib/python3.12/site-packages/airflow/example_dags/example_dataset_alias_with_no_taskflow.py
[2026-07-01T09:10:11.477+0000] {logging_mixin.py:190} INFO - [2026-07-01T09:10:11.477+0000] {dag.py:3211} INFO - Sync 4 DAGs
[2026-07-01T09:10:11.492+0000] {logging_mixin.py:190} INFO - [2026-07-01T09:10:11.491+0000] {dag.py:4138} INFO - Setting next_dagrun for dataset_alias_example_alias_consumer_with_no_taskflow to None, run_after=None
[2026-07-01T09:10:11.493+0000] {logging_mixin.py:190} INFO - [2026-07-01T09:10:11.493+0000] {dag.py:4138} INFO - Setting next_dagrun for dataset_alias_example_alias_producer_with_no_taskflow to None, run_after=None
[2026-07-01T09:10:11.494+0000] {logging_mixin.py:190} INFO - [2026-07-01T09:10:11.494+0000] {dag.py:4138} INFO - Setting next_dagrun for dataset_s3_bucket_consumer_with_no_taskflow to None, run_after=None
[2026-07-01T09:10:11.495+0000] {logging_mixin.py:190} INFO - [2026-07-01T09:10:11.495+0000] {dag.py:4138} INFO - Setting next_dagrun for dataset_s3_bucket_producer_with_no_taskflow to None, run_after=None
[2026-07-01T09:10:11.510+0000] {processor.py:208} INFO - Processing /home/airflow/.local/lib/python3.12/site-packages/airflow/example_dags/example_dataset_alias_with_no_taskflow.py took 0.155 seconds
[2026-07-01T09:10:41.616+0000] {processor.py:186} INFO - Started process (PID=218) to work on /home/airflow/.local/lib/python3.12/site-packages/airflow/example_dags/example_dataset_alias_with_no_taskflow.py
[2026-07-01T09:10:41.617+0000] {processor.py:914} INFO - Processing file /home/airflow/.local/lib/python3.12/site-packages/airflow/example_dags/example_dataset_alias_with_no_taskflow.py for tasks to queue
[2026-07-01T09:10:41.618+0000] {logging_mixin.py:190} INFO - [2026-07-01T09:10:41.618+0000] {dagbag.py:587} INFO - Filling up the DagBag from /home/airflow/.local/lib/python3.12/site-packages/airflow/example_dags/example_dataset_alias_with_no_taskflow.py
[2026-07-01T09:10:41.720+0000] {processor.py:925} INFO - DAG(s) 'dataset_alias_example_alias_producer_with_no_taskflow', 'dataset_alias_example_alias_consumer_with_no_taskflow', 'dataset_s3_bucket_consumer_with_no_taskflow', 'dataset_s3_bucket_producer_with_no_taskflow' retrieved from /home/airflow/.local/lib/python3.12/site-packages/airflow/example_dags/example_dataset_alias_with_no_taskflow.py
[2026-07-01T09:10:41.733+0000] {logging_mixin.py:190} INFO - [2026-07-01T09:10:41.733+0000] {dag.py:3211} INFO - Sync 4 DAGs
[2026-07-01T09:10:41.748+0000] {logging_mixin.py:190} INFO - [2026-07-01T09:10:41.748+0000] {dag.py:4138} INFO - Setting next_dagrun for dataset_alias_example_alias_consumer_with_no_taskflow to None, run_after=None
[2026-07-01T09:10:41.750+0000] {logging_mixin.py:190} INFO - [2026-07-01T09:10:41.750+0000] {dag.py:4138} INFO - Setting next_dagrun for dataset_alias_example_alias_producer_with_no_taskflow to None, run_after=None
[2026-07-01T09:10:41.751+0000] {logging_mixin.py:190} INFO - [2026-07-01T09:10:41.751+0000] {dag.py:4138} INFO - Setting next_dagrun for dataset_s3_bucket_consumer_with_no_taskflow to None, run_after=None
[2026-07-01T09:10:41.753+0000] {logging_mixin.py:190} INFO - [2026-07-01T09:10:41.752+0000] {dag.py:4138} INFO - Setting next_dagrun for dataset_s3_bucket_producer_with_no_taskflow to None, run_after=None
[2026-07-01T09:10:41.768+0000] {processor.py:208} INFO - Processing /home/airflow/.local/lib/python3.12/site-packages/airflow/example_dags/example_dataset_alias_with_no_taskflow.py took 0.156 seconds
[2026-07-01T09:11:12.043+0000] {processor.py:186} INFO - Started process (PID=280) to work on /home/airflow/.local/lib/python3.12/site-packages/airflow/example_dags/example_dataset_alias_with_no_taskflow.py
[2026-07-01T09:11:12.044+0000] {processor.py:914} INFO - Processing file /home/airflow/.local/lib/python3.12/site-packages/airflow/example_dags/example_dataset_alias_with_no_taskflow.py for tasks to queue
[2026-07-01T09:11:12.046+0000] {logging_mixin.py:190} INFO - [2026-07-01T09:11:12.045+0000] {dagbag.py:587} INFO - Filling up the DagBag from /home/airflow/.local/lib/python3.12/site-packages/airflow/example_dags/example_dataset_alias_with_no_taskflow.py
[2026-07-01T09:11:12.145+0000] {processor.py:925} INFO - DAG(s) 'dataset_alias_example_alias_consumer_with_no_taskflow', 'dataset_s3_bucket_consumer_with_no_taskflow', 'dataset_s3_bucket_producer_with_no_taskflow', 'dataset_alias_example_alias_producer_with_no_taskflow' retrieved from /home/airflow/.local/lib/python3.12/site-packages/airflow/example_dags/example_dataset_alias_with_no_taskflow.py
[2026-07-01T09:11:12.159+0000] {logging_mixin.py:190} INFO - [2026-07-01T09:11:12.159+0000] {dag.py:3211} INFO - Sync 4 DAGs
[2026-07-01T09:11:12.174+0000] {logging_mixin.py:190} INFO - [2026-07-01T09:11:12.174+0000] {dag.py:4138} INFO - Setting next_dagrun for dataset_alias_example_alias_consumer_with_no_taskflow to None, run_after=None
[2026-07-01T09:11:12.175+0000] {logging_mixin.py:190} INFO - [2026-07-01T09:11:12.175+0000] {dag.py:4138} INFO - Setting next_dagrun for dataset_alias_example_alias_producer_with_no_taskflow to None, run_after=None
[2026-07-01T09:11:12.176+0000] {logging_mixin.py:190} INFO - [2026-07-01T09:11:12.176+0000] {dag.py:4138} INFO - Setting next_dagrun for dataset_s3_bucket_consumer_with_no_taskflow to None, run_after=None
[2026-07-01T09:11:12.177+0000] {logging_mixin.py:190} INFO - [2026-07-01T09:11:12.177+0000] {dag.py:4138} INFO - Setting next_dagrun for dataset_s3_bucket_producer_with_no_taskflow to None, run_after=None
[2026-07-01T09:11:12.191+0000] {processor.py:208} INFO - Processing /home/airflow/.local/lib/python3.12/site-packages/airflow/example_dags/example_dataset_alias_with_no_taskflow.py took 0.152 seconds
[2026-07-01T09:11:42.396+0000] {processor.py:186} INFO - Started process (PID=342) to work on /home/airflow/.local/lib/python3.12/site-packages/airflow/example_dags/example_dataset_alias_with_no_taskflow.py
[2026-07-01T09:11:42.398+0000] {processor.py:914} INFO - Processing file /home/airflow/.local/lib/python3.12/site-packages/airflow/example_dags/example_dataset_alias_with_no_taskflow.py for tasks to queue
[2026-07-01T09:11:42.400+0000] {logging_mixin.py:190} INFO - [2026-07-01T09:11:42.399+0000] {dagbag.py:587} INFO - Filling up the DagBag from /home/airflow/.local/lib/python3.12/site-packages/airflow/example_dags/example_dataset_alias_with_no_taskflow.py
[2026-07-01T09:11:42.533+0000] {processor.py:925} INFO - DAG(s) 'dataset_s3_bucket_consumer_with_no_taskflow', 'dataset_s3_bucket_producer_with_no_taskflow', 'dataset_alias_example_alias_consumer_with_no_taskflow', 'dataset_alias_example_alias_producer_with_no_taskflow' retrieved from /home/airflow/.local/lib/python3.12/site-packages/airflow/example_dags/example_dataset_alias_with_no_taskflow.py
[2026-07-01T09:11:42.553+0000] {logging_mixin.py:190} INFO - [2026-07-01T09:11:42.552+0000] {dag.py:3211} INFO - Sync 4 DAGs
[2026-07-01T09:11:42.574+0000] {logging_mixin.py:190} INFO - [2026-07-01T09:11:42.574+0000] {dag.py:4138} INFO - Setting next_dagrun for dataset_alias_example_alias_consumer_with_no_taskflow to None, run_after=None
[2026-07-01T09:11:42.576+0000] {logging_mixin.py:190} INFO - [2026-07-01T09:11:42.576+0000] {dag.py:4138} INFO - Setting next_dagrun for dataset_alias_example_alias_producer_with_no_taskflow to None, run_after=None
[2026-07-01T09:11:42.577+0000] {logging_mixin.py:190} INFO - [2026-07-01T09:11:42.577+0000] {dag.py:4138} INFO - Setting next_dagrun for dataset_s3_bucket_consumer_with_no_taskflow to None, run_after=None
[2026-07-01T09:11:42.578+0000] {logging_mixin.py:190} INFO - [2026-07-01T09:11:42.578+0000] {dag.py:4138} INFO - Setting next_dagrun for dataset_s3_bucket_producer_with_no_taskflow to None, run_after=None
[2026-07-01T09:11:42.596+0000] {processor.py:208} INFO - Processing /home/airflow/.local/lib/python3.12/site-packages/airflow/example_dags/example_dataset_alias_with_no_taskflow.py took 0.207 seconds
[2026-07-01T09:12:12.765+0000] {processor.py:186} INFO - Started process (PID=404) to work on /home/airflow/.local/lib/python3.12/site-packages/airflow/example_dags/example_dataset_alias_with_no_taskflow.py
[2026-07-01T09:12:12.767+0000] {processor.py:914} INFO - Processing file /home/airflow/.local/lib/python3.12/site-packages/airflow/example_dags/example_dataset_alias_with_no_taskflow.py for tasks to queue
[2026-07-01T09:12:12.769+0000] {logging_mixin.py:190} INFO - [2026-07-01T09:12:12.769+0000] {dagbag.py:587} INFO - Filling up the DagBag from /home/airflow/.local/lib/python3.12/site-packages/airflow/example_dags/example_dataset_alias_with_no_taskflow.py
[2026-07-01T09:12:12.896+0000] {processor.py:925} INFO - DAG(s) 'dataset_alias_example_alias_consumer_with_no_taskflow', 'dataset_s3_bucket_producer_with_no_taskflow', 'dataset_alias_example_alias_producer_with_no_taskflow', 'dataset_s3_bucket_consumer_with_no_taskflow' retrieved from /home/airflow/.local/lib/python3.12/site-packages/airflow/example_dags/example_dataset_alias_with_no_taskflow.py
[2026-07-01T09:12:12.914+0000] {logging_mixin.py:190} INFO - [2026-07-01T09:12:12.914+0000] {dag.py:3211} INFO - Sync 4 DAGs
[2026-07-01T09:12:12.936+0000] {logging_mixin.py:190} INFO - [2026-07-01T09:12:12.936+0000] {dag.py:4138} INFO - Setting next_dagrun for dataset_alias_example_alias_consumer_with_no_taskflow to None, run_after=None
[2026-07-01T09:12:12.938+0000] {logging_mixin.py:190} INFO - [2026-07-01T09:12:12.938+0000] {dag.py:4138} INFO - Setting next_dagrun for dataset_alias_example_alias_producer_with_no_taskflow to None, run_after=None
[2026-07-01T09:12:12.940+0000] {logging_mixin.py:190} INFO - [2026-07-01T09:12:12.940+0000] {dag.py:4138} INFO - Setting next_dagrun for dataset_s3_bucket_consumer_with_no_taskflow to None, run_after=None
[2026-07-01T09:12:12.942+0000] {logging_mixin.py:190} INFO - [2026-07-01T09:12:12.941+0000] {dag.py:4138} INFO - Setting next_dagrun for dataset_s3_bucket_producer_with_no_taskflow to None, run_after=None
[2026-07-01T09:12:12.961+0000] {processor.py:208} INFO - Processing /home/airflow/.local/lib/python3.12/site-packages/airflow/example_dags/example_dataset_alias_with_no_taskflow.py took 0.200 seconds
[2026-07-01T09:12:43.293+0000] {processor.py:186} INFO - Started process (PID=467) to work on /home/airflow/.local/lib/python3.12/site-packages/airflow/example_dags/example_dataset_alias_with_no_taskflow.py
[2026-07-01T09:12:43.294+0000] {processor.py:914} INFO - Processing file /home/airflow/.local/lib/python3.12/site-packages/airflow/example_dags/example_dataset_alias_with_no_taskflow.py for tasks to queue
[2026-07-01T09:12:43.295+0000] {logging_mixin.py:190} INFO - [2026-07-01T09:12:43.295+0000] {dagbag.py:587} INFO - Filling up the DagBag from /home/airflow/.local/lib/python3.12/site-packages/airflow/example_dags/example_dataset_alias_with_no_taskflow.py
[2026-07-01T09:12:43.402+0000] {processor.py:925} INFO - DAG(s) 'dataset_s3_bucket_consumer_with_no_taskflow', 'dataset_s3_bucket_producer_with_no_taskflow', 'dataset_alias_example_alias_consumer_with_no_taskflow', 'dataset_alias_example_alias_producer_with_no_taskflow' retrieved from /home/airflow/.local/lib/python3.12/site-packages/airflow/example_dags/example_dataset_alias_with_no_taskflow.py
[2026-07-01T09:12:43.418+0000] {logging_mixin.py:190} INFO - [2026-07-01T09:12:43.418+0000] {dag.py:3211} INFO - Sync 4 DAGs
[2026-07-01T09:12:43.436+0000] {logging_mixin.py:190} INFO - [2026-07-01T09:12:43.436+0000] {dag.py:4138} INFO - Setting next_dagrun for dataset_alias_example_alias_consumer_with_no_taskflow to None, run_after=None
[2026-07-01T09:12:43.438+0000] {logging_mixin.py:190} INFO - [2026-07-01T09:12:43.438+0000] {dag.py:4138} INFO - Setting next_dagrun for dataset_alias_example_alias_producer_with_no_taskflow to None, run_after=None
[2026-07-01T09:12:43.439+0000] {logging_mixin.py:190} INFO - [2026-07-01T09:12:43.439+0000] {dag.py:4138} INFO - Setting next_dagrun for dataset_s3_bucket_consumer_with_no_taskflow to None, run_after=None
[2026-07-01T09:12:43.440+0000] {logging_mixin.py:190} INFO - [2026-07-01T09:12:43.440+0000] {dag.py:4138} INFO - Setting next_dagrun for dataset_s3_bucket_producer_with_no_taskflow to None, run_after=None
[2026-07-01T09:12:43.457+0000] {processor.py:208} INFO - Processing /home/airflow/.local/lib/python3.12/site-packages/airflow/example_dags/example_dataset_alias_with_no_taskflow.py took 0.169 seconds
[2026-07-01T09:13:13.673+0000] {processor.py:186} INFO - Started process (PID=529) to work on /home/airflow/.local/lib/python3.12/site-packages/airflow/example_dags/example_dataset_alias_with_no_taskflow.py
[2026-07-01T09:13:13.674+0000] {processor.py:914} INFO - Processing file /home/airflow/.local/lib/python3.12/site-packages/airflow/example_dags/example_dataset_alias_with_no_taskflow.py for tasks to queue
[2026-07-01T09:13:13.676+0000] {logging_mixin.py:190} INFO - [2026-07-01T09:13:13.675+0000] {dagbag.py:587} INFO - Filling up the DagBag from /home/airflow/.local/lib/python3.12/site-packages/airflow/example_dags/example_dataset_alias_with_no_taskflow.py
[2026-07-01T09:13:13.776+0000] {processor.py:925} INFO - DAG(s) 'dataset_s3_bucket_producer_with_no_taskflow', 'dataset_s3_bucket_consumer_with_no_taskflow', 'dataset_alias_example_alias_producer_with_no_taskflow', 'dataset_alias_example_alias_consumer_with_no_taskflow' retrieved from /home/airflow/.local/lib/python3.12/site-packages/airflow/example_dags/example_dataset_alias_with_no_taskflow.py
[2026-07-01T09:13:13.791+0000] {logging_mixin.py:190} INFO - [2026-07-01T09:13:13.791+0000] {dag.py:3211} INFO - Sync 4 DAGs
[2026-07-01T09:13:13.809+0000] {logging_mixin.py:190} INFO - [2026-07-01T09:13:13.809+0000] {dag.py:4138} INFO - Setting next_dagrun for dataset_alias_example_alias_consumer_with_no_taskflow to None, run_after=None
[2026-07-01T09:13:13.812+0000] {logging_mixin.py:190} INFO - [2026-07-01T09:13:13.812+0000] {dag.py:4138} INFO - Setting next_dagrun for dataset_alias_example_alias_producer_with_no_taskflow to None, run_after=None
[2026-07-01T09:13:13.813+0000] {logging_mixin.py:190} INFO - [2026-07-01T09:13:13.813+0000] {dag.py:4138} INFO - Setting next_dagrun for dataset_s3_bucket_consumer_with_no_taskflow to None, run_after=None
[2026-07-01T09:13:13.815+0000] {logging_mixin.py:190} INFO - [2026-07-01T09:13:13.814+0000] {dag.py:4138} INFO - Setting next_dagrun for dataset_s3_bucket_producer_with_no_taskflow to None, run_after=None
[2026-07-01T09:13:13.832+0000] {processor.py:208} INFO - Processing /home/airflow/.local/lib/python3.12/site-packages/airflow/example_dags/example_dataset_alias_with_no_taskflow.py took 0.164 seconds
[2026-07-01T09:13:44.626+0000] {processor.py:186} INFO - Started process (PID=591) to work on /home/airflow/.local/lib/python3.12/site-packages/airflow/example_dags/example_dataset_alias_with_no_taskflow.py
[2026-07-01T09:13:44.627+0000] {processor.py:914} INFO - Processing file /home/airflow/.local/lib/python3.12/site-packages/airflow/example_dags/example_dataset_alias_with_no_taskflow.py for tasks to queue
[2026-07-01T09:13:44.629+0000] {logging_mixin.py:190} INFO - [2026-07-01T09:13:44.629+0000] {dagbag.py:587} INFO - Filling up the DagBag from /home/airflow/.local/lib/python3.12/site-packages/airflow/example_dags/example_dataset_alias_with_no_taskflow.py
[2026-07-01T09:13:44.726+0000] {processor.py:925} INFO - DAG(s) 'dataset_s3_bucket_producer_with_no_taskflow', 'dataset_alias_example_alias_producer_with_no_taskflow', 'dataset_s3_bucket_consumer_with_no_taskflow', 'dataset_alias_example_alias_consumer_with_no_taskflow' retrieved from /home/airflow/.local/lib/python3.12/site-packages/airflow/example_dags/example_dataset_alias_with_no_taskflow.py
[2026-07-01T09:13:44.739+0000] {logging_mixin.py:190} INFO - [2026-07-01T09:13:44.739+0000] {dag.py:3211} INFO - Sync 4 DAGs
[2026-07-01T09:13:44.753+0000] {logging_mixin.py:190} INFO - [2026-07-01T09:13:44.753+0000] {dag.py:4138} INFO - Setting next_dagrun for dataset_alias_example_alias_consumer_with_no_taskflow to None, run_after=None
[2026-07-01T09:13:44.755+0000] {logging_mixin.py:190} INFO - [2026-07-01T09:13:44.755+0000] {dag.py:4138} INFO - Setting next_dagrun for dataset_alias_example_alias_producer_with_no_taskflow to None, run_after=None
[2026-07-01T09:13:44.756+0000] {logging_mixin.py:190} INFO - [2026-07-01T09:13:44.756+0000] {dag.py:4138} INFO - Setting next_dagrun for dataset_s3_bucket_consumer_with_no_taskflow to None, run_after=None
[2026-07-01T09:13:44.757+0000] {logging_mixin.py:190} INFO - [2026-07-01T09:13:44.757+0000] {dag.py:4138} INFO - Setting next_dagrun for dataset_s3_bucket_producer_with_no_taskflow to None, run_after=None
[2026-07-01T09:13:44.771+0000] {processor.py:208} INFO - Processing /home/airflow/.local/lib/python3.12/site-packages/airflow/example_dags/example_dataset_alias_with_no_taskflow.py took 0.150 seconds
[2026-07-01T09:14:15.703+0000] {processor.py:186} INFO - Started process (PID=652) to work on /home/airflow/.local/lib/python3.12/site-packages/airflow/example_dags/example_dataset_alias_with_no_taskflow.py
[2026-07-01T09:14:15.706+0000] {processor.py:914} INFO - Processing file /home/airflow/.local/lib/python3.12/site-packages/airflow/example_dags/example_dataset_alias_with_no_taskflow.py for tasks to queue
[2026-07-01T09:14:15.708+0000] {logging_mixin.py:190} INFO - [2026-07-01T09:14:15.708+0000] {dagbag.py:587} INFO - Filling up the DagBag from /home/airflow/.local/lib/python3.12/site-packages/airflow/example_dags/example_dataset_alias_with_no_taskflow.py
[2026-07-01T09:14:15.828+0000] {processor.py:925} INFO - DAG(s) 'dataset_alias_example_alias_producer_with_no_taskflow', 'dataset_s3_bucket_consumer_with_no_taskflow', 'dataset_alias_example_alias_consumer_with_no_taskflow', 'dataset_s3_bucket_producer_with_no_taskflow' retrieved from /home/airflow/.local/lib/python3.12/site-packages/airflow/example_dags/example_dataset_alias_with_no_taskflow.py
[2026-07-01T09:14:15.845+0000] {logging_mixin.py:190} INFO - [2026-07-01T09:14:15.845+0000] {dag.py:3211} INFO - Sync 4 DAGs
[2026-07-01T09:14:15.859+0000] {logging_mixin.py:190} INFO - [2026-07-01T09:14:15.859+0000] {dag.py:4138} INFO - Setting next_dagrun for dataset_alias_example_alias_consumer_with_no_taskflow to None, run_after=None
[2026-07-01T09:14:15.861+0000] {logging_mixin.py:190} INFO - [2026-07-01T09:14:15.861+0000] {dag.py:4138} INFO - Setting next_dagrun for dataset_alias_example_alias_producer_with_no_taskflow to None, run_after=None
[2026-07-01T09:14:15.863+0000] {logging_mixin.py:190} INFO - [2026-07-01T09:14:15.863+0000] {dag.py:4138} INFO - Setting next_dagrun for dataset_s3_bucket_consumer_with_no_taskflow to None, run_after=None
[2026-07-01T09:14:15.864+0000] {logging_mixin.py:190} INFO - [2026-07-01T09:14:15.864+0000] {dag.py:4138} INFO - Setting next_dagrun for dataset_s3_bucket_producer_with_no_taskflow to None, run_after=None
[2026-07-01T09:14:15.880+0000] {processor.py:208} INFO - Processing /home/airflow/.local/lib/python3.12/site-packages/airflow/example_dags/example_dataset_alias_with_no_taskflow.py took 0.181 seconds
[2026-07-01T09:14:46.003+0000] {processor.py:186} INFO - Started process (PID=715) to work on /home/airflow/.local/lib/python3.12/site-packages/airflow/example_dags/example_dataset_alias_with_no_taskflow.py
[2026-07-01T09:14:46.004+0000] {processor.py:914} INFO - Processing file /home/airflow/.local/lib/python3.12/site-packages/airflow/example_dags/example_dataset_alias_with_no_taskflow.py for tasks to queue
[2026-07-01T09:14:46.006+0000] {logging_mixin.py:190} INFO - [2026-07-01T09:14:46.006+0000] {dagbag.py:587} INFO - Filling up the DagBag from /home/airflow/.local/lib/python3.12/site-packages/airflow/example_dags/example_dataset_alias_with_no_taskflow.py
[2026-07-01T09:14:46.104+0000] {processor.py:925} INFO - DAG(s) 'dataset_s3_bucket_producer_with_no_taskflow', 'dataset_alias_example_alias_consumer_with_no_taskflow', 'dataset_s3_bucket_consumer_with_no_taskflow', 'dataset_alias_example_alias_producer_with_no_taskflow' retrieved from /home/airflow/.local/lib/python3.12/site-packages/airflow/example_dags/example_dataset_alias_with_no_taskflow.py
[2026-07-01T09:14:46.117+0000] {logging_mixin.py:190} INFO - [2026-07-01T09:14:46.117+0000] {dag.py:3211} INFO - Sync 4 DAGs
[2026-07-01T09:14:46.131+0000] {logging_mixin.py:190} INFO - [2026-07-01T09:14:46.130+0000] {dag.py:4138} INFO - Setting next_dagrun for dataset_alias_example_alias_consumer_with_no_taskflow to None, run_after=None
[2026-07-01T09:14:46.133+0000] {logging_mixin.py:190} INFO - [2026-07-01T09:14:46.132+0000] {dag.py:4138} INFO - Setting next_dagrun for dataset_alias_example_alias_producer_with_no_taskflow to None, run_after=None
[2026-07-01T09:14:46.134+0000] {logging_mixin.py:190} INFO - [2026-07-01T09:14:46.133+0000] {dag.py:4138} INFO - Setting next_dagrun for dataset_s3_bucket_consumer_with_no_taskflow to None, run_after=None
[2026-07-01T09:14:46.134+0000] {logging_mixin.py:190} INFO - [2026-07-01T09:14:46.134+0000] {dag.py:4138} INFO - Setting next_dagrun for dataset_s3_bucket_producer_with_no_taskflow to None, run_after=None
[2026-07-01T09:14:46.148+0000] {processor.py:208} INFO - Processing /home/airflow/.local/lib/python3.12/site-packages/airflow/example_dags/example_dataset_alias_with_no_taskflow.py took 0.149 seconds
[2026-07-01T09:15:16.829+0000] {processor.py:186} INFO - Started process (PID=777) to work on /home/airflow/.local/lib/python3.12/site-packages/airflow/example_dags/example_dataset_alias_with_no_taskflow.py
[2026-07-01T09:15:16.830+0000] {processor.py:914} INFO - Processing file /home/airflow/.local/lib/python3.12/site-packages/airflow/example_dags/example_dataset_alias_with_no_taskflow.py for tasks to queue
[2026-07-01T09:15:16.832+0000] {logging_mixin.py:190} INFO - [2026-07-01T09:15:16.832+0000] {dagbag.py:587} INFO - Filling up the DagBag from /home/airflow/.local/lib/python3.12/site-packages/airflow/example_dags/example_dataset_alias_with_no_taskflow.py
[2026-07-01T09:15:16.934+0000] {processor.py:925} INFO - DAG(s) 'dataset_alias_example_alias_producer_with_no_taskflow', 'dataset_s3_bucket_consumer_with_no_taskflow', 'dataset_s3_bucket_producer_with_no_taskflow', 'dataset_alias_example_alias_consumer_with_no_taskflow' retrieved from /home/airflow/.local/lib/python3.12/site-packages/airflow/example_dags/example_dataset_alias_with_no_taskflow.py
[2026-07-01T09:15:16.950+0000] {logging_mixin.py:190} INFO - [2026-07-01T09:15:16.950+0000] {dag.py:3211} INFO - Sync 4 DAGs
[2026-07-01T09:15:16.965+0000] {logging_mixin.py:190} INFO - [2026-07-01T09:15:16.965+0000] {dag.py:4138} INFO - Setting next_dagrun for dataset_alias_example_alias_consumer_with_no_taskflow to None, run_after=None
[2026-07-01T09:15:16.967+0000] {logging_mixin.py:190} INFO - [2026-07-01T09:15:16.967+0000] {dag.py:4138} INFO - Setting next_dagrun for dataset_alias_example_alias_producer_with_no_taskflow to None, run_after=None
[2026-07-01T09:15:16.969+0000] {logging_mixin.py:190} INFO - [2026-07-01T09:15:16.968+0000] {dag.py:4138} INFO - Setting next_dagrun for dataset_s3_bucket_consumer_with_no_taskflow to None, run_after=None
[2026-07-01T09:15:16.969+0000] {logging_mixin.py:190} INFO - [2026-07-01T09:15:16.969+0000] {dag.py:4138} INFO - Setting next_dagrun for dataset_s3_bucket_producer_with_no_taskflow to None, run_after=None
[2026-07-01T09:15:16.983+0000] {processor.py:208} INFO - Processing /home/airflow/.local/lib/python3.12/site-packages/airflow/example_dags/example_dataset_alias_with_no_taskflow.py took 0.158 seconds
[2026-07-01T09:15:47.773+0000] {processor.py:186} INFO - Started process (PID=839) to work on /home/airflow/.local/lib/python3.12/site-packages/airflow/example_dags/example_dataset_alias_with_no_taskflow.py
[2026-07-01T09:15:47.774+0000] {processor.py:914} INFO - Processing file /home/airflow/.local/lib/python3.12/site-packages/airflow/example_dags/example_dataset_alias_with_no_taskflow.py for tasks to queue
[2026-07-01T09:15:47.776+0000] {logging_mixin.py:190} INFO - [2026-07-01T09:15:47.776+0000] {dagbag.py:587} INFO - Filling up the DagBag from /home/airflow/.local/lib/python3.12/site-packages/airflow/example_dags/example_dataset_alias_with_no_taskflow.py
[2026-07-01T09:15:47.877+0000] {processor.py:925} INFO - DAG(s) 'dataset_alias_example_alias_producer_with_no_taskflow', 'dataset_alias_example_alias_consumer_with_no_taskflow', 'dataset_s3_bucket_producer_with_no_taskflow', 'dataset_s3_bucket_consumer_with_no_taskflow' retrieved from /home/airflow/.local/lib/python3.12/site-packages/airflow/example_dags/example_dataset_alias_with_no_taskflow.py
[2026-07-01T09:15:47.893+0000] {logging_mixin.py:190} INFO - [2026-07-01T09:15:47.893+0000] {dag.py:3211} INFO - Sync 4 DAGs
[2026-07-01T09:15:47.907+0000] {logging_mixin.py:190} INFO - [2026-07-01T09:15:47.907+0000] {dag.py:4138} INFO - Setting next_dagrun for dataset_alias_example_alias_consumer_with_no_taskflow to None, run_after=None
[2026-07-01T09:15:47.909+0000] {logging_mixin.py:190} INFO - [2026-07-01T09:15:47.909+0000] {dag.py:4138} INFO - Setting next_dagrun for dataset_alias_example_alias_producer_with_no_taskflow to None, run_after=None
[2026-07-01T09:15:47.910+0000] {logging_mixin.py:190} INFO - [2026-07-01T09:15:47.909+0000] {dag.py:4138} INFO - Setting next_dagrun for dataset_s3_bucket_consumer_with_no_taskflow to None, run_after=None
[2026-07-01T09:15:47.910+0000] {logging_mixin.py:190} INFO - [2026-07-01T09:15:47.910+0000] {dag.py:4138} INFO - Setting next_dagrun for dataset_s3_bucket_producer_with_no_taskflow to None, run_after=None
[2026-07-01T09:15:47.925+0000] {processor.py:208} INFO - Processing /home/airflow/.local/lib/python3.12/site-packages/airflow/example_dags/example_dataset_alias_with_no_taskflow.py took 0.156 seconds
[2026-07-01T09:16:18.089+0000] {processor.py:186} INFO - Started process (PID=900) to work on /home/airflow/.local/lib/python3.12/site-packages/airflow/example_dags/example_dataset_alias_with_no_taskflow.py
[2026-07-01T09:16:18.090+0000] {processor.py:914} INFO - Processing file /home/airflow/.local/lib/python3.12/site-packages/airflow/example_dags/example_dataset_alias_with_no_taskflow.py for tasks to queue
[2026-07-01T09:16:18.093+0000] {logging_mixin.py:190} INFO - [2026-07-01T09:16:18.092+0000] {dagbag.py:587} INFO - Filling up the DagBag from /home/airflow/.local/lib/python3.12/site-packages/airflow/example_dags/example_dataset_alias_with_no_taskflow.py
[2026-07-01T09:16:18.224+0000] {processor.py:925} INFO - DAG(s) 'dataset_alias_example_alias_consumer_with_no_taskflow', 'dataset_s3_bucket_producer_with_no_taskflow', 'dataset_alias_example_alias_producer_with_no_taskflow', 'dataset_s3_bucket_consumer_with_no_taskflow' retrieved from /home/airflow/.local/lib/python3.12/site-packages/airflow/example_dags/example_dataset_alias_with_no_taskflow.py
[2026-07-01T09:16:18.240+0000] {logging_mixin.py:190} INFO - [2026-07-01T09:16:18.240+0000] {dag.py:3211} INFO - Sync 4 DAGs
[2026-07-01T09:16:18.257+0000] {logging_mixin.py:190} INFO - [2026-07-01T09:16:18.257+0000] {dag.py:4138} INFO - Setting next_dagrun for dataset_alias_example_alias_consumer_with_no_taskflow to None, run_after=None
[2026-07-01T09:16:18.259+0000] {logging_mixin.py:190} INFO - [2026-07-01T09:16:18.259+0000] {dag.py:4138} INFO - Setting next_dagrun for dataset_alias_example_alias_producer_with_no_taskflow to None, run_after=None
[2026-07-01T09:16:18.260+0000] {logging_mixin.py:190} INFO - [2026-07-01T09:16:18.260+0000] {dag.py:4138} INFO - Setting next_dagrun for dataset_s3_bucket_consumer_with_no_taskflow to None, run_after=None
[2026-07-01T09:16:18.261+0000] {logging_mixin.py:190} INFO - [2026-07-01T09:16:18.261+0000] {dag.py:4138} INFO - Setting next_dagrun for dataset_s3_bucket_producer_with_no_taskflow to None, run_after=None
[2026-07-01T09:16:18.275+0000] {processor.py:208} INFO - Processing /home/airflow/.local/lib/python3.12/site-packages/airflow/example_dags/example_dataset_alias_with_no_taskflow.py took 0.192 seconds
[2026-07-01T09:16:48.334+0000] {processor.py:186} INFO - Started process (PID=963) to work on /home/airflow/.local/lib/python3.12/site-packages/airflow/example_dags/example_dataset_alias_with_no_taskflow.py
[2026-07-01T09:16:48.335+0000] {processor.py:914} INFO - Processing file /home/airflow/.local/lib/python3.12/site-packages/airflow/example_dags/example_dataset_alias_with_no_taskflow.py for tasks to queue
[2026-07-01T09:16:48.337+0000] {logging_mixin.py:190} INFO - [2026-07-01T09:16:48.337+0000] {dagbag.py:587} INFO - Filling up the DagBag from /home/airflow/.local/lib/python3.12/site-packages/airflow/example_dags/example_dataset_alias_with_no_taskflow.py
[2026-07-01T09:16:48.441+0000] {processor.py:925} INFO - DAG(s) 'dataset_s3_bucket_producer_with_no_taskflow', 'dataset_s3_bucket_consumer_with_no_taskflow', 'dataset_alias_example_alias_producer_with_no_taskflow', 'dataset_alias_example_alias_consumer_with_no_taskflow' retrieved from /home/airflow/.local/lib/python3.12/site-packages/airflow/example_dags/example_dataset_alias_with_no_taskflow.py
[2026-07-01T09:16:48.456+0000] {logging_mixin.py:190} INFO - [2026-07-01T09:16:48.456+0000] {dag.py:3211} INFO - Sync 4 DAGs
[2026-07-01T09:16:48.471+0000] {logging_mixin.py:190} INFO - [2026-07-01T09:16:48.471+0000] {dag.py:4138} INFO - Setting next_dagrun for dataset_alias_example_alias_consumer_with_no_taskflow to None, run_after=None
[2026-07-01T09:16:48.473+0000] {logging_mixin.py:190} INFO - [2026-07-01T09:16:48.473+0000] {dag.py:4138} INFO - Setting next_dagrun for dataset_alias_example_alias_producer_with_no_taskflow to None, run_after=None
[2026-07-01T09:16:48.474+0000] {logging_mixin.py:190} INFO - [2026-07-01T09:16:48.474+0000] {dag.py:4138} INFO - Setting next_dagrun for dataset_s3_bucket_consumer_with_no_taskflow to None, run_after=None
[2026-07-01T09:16:48.475+0000] {logging_mixin.py:190} INFO - [2026-07-01T09:16:48.475+0000] {dag.py:4138} INFO - Setting next_dagrun for dataset_s3_bucket_producer_with_no_taskflow to None, run_after=None
[2026-07-01T09:16:48.490+0000] {processor.py:208} INFO - Processing /home/airflow/.local/lib/python3.12/site-packages/airflow/example_dags/example_dataset_alias_with_no_taskflow.py took 0.161 seconds
[2026-07-01T09:17:18.705+0000] {processor.py:186} INFO - Started process (PID=1024) to work on /home/airflow/.local/lib/python3.12/site-packages/airflow/example_dags/example_dataset_alias_with_no_taskflow.py
[2026-07-01T09:17:18.706+0000] {processor.py:914} INFO - Processing file /home/airflow/.local/lib/python3.12/site-packages/airflow/example_dags/example_dataset_alias_with_no_taskflow.py for tasks to queue
[2026-07-01T09:17:18.710+0000] {logging_mixin.py:190} INFO - [2026-07-01T09:17:18.709+0000] {dagbag.py:587} INFO - Filling up the DagBag from /home/airflow/.local/lib/python3.12/site-packages/airflow/example_dags/example_dataset_alias_with_no_taskflow.py
[2026-07-01T09:17:18.849+0000] {processor.py:925} INFO - DAG(s) 'dataset_s3_bucket_producer_with_no_taskflow', 'dataset_alias_example_alias_consumer_with_no_taskflow', 'dataset_alias_example_alias_producer_with_no_taskflow', 'dataset_s3_bucket_consumer_with_no_taskflow' retrieved from /home/airflow/.local/lib/python3.12/site-packages/airflow/example_dags/example_dataset_alias_with_no_taskflow.py
[2026-07-01T09:17:18.867+0000] {logging_mixin.py:190} INFO - [2026-07-01T09:17:18.867+0000] {dag.py:3211} INFO - Sync 4 DAGs
[2026-07-01T09:17:18.886+0000] {logging_mixin.py:190} INFO - [2026-07-01T09:17:18.886+0000] {dag.py:4138} INFO - Setting next_dagrun for dataset_alias_example_alias_consumer_with_no_taskflow to None, run_after=None
[2026-07-01T09:17:18.888+0000] {logging_mixin.py:190} INFO - [2026-07-01T09:17:18.888+0000] {dag.py:4138} INFO - Setting next_dagrun for dataset_alias_example_alias_producer_with_no_taskflow to None, run_after=None
[2026-07-01T09:17:18.890+0000] {logging_mixin.py:190} INFO - [2026-07-01T09:17:18.890+0000] {dag.py:4138} INFO - Setting next_dagrun for dataset_s3_bucket_consumer_with_no_taskflow to None, run_after=None
[2026-07-01T09:17:18.898+0000] {logging_mixin.py:190} INFO - [2026-07-01T09:17:18.897+0000] {dag.py:4138} INFO - Setting next_dagrun for dataset_s3_bucket_producer_with_no_taskflow to None, run_after=None
[2026-07-01T09:17:18.918+0000] {processor.py:208} INFO - Processing /home/airflow/.local/lib/python3.12/site-packages/airflow/example_dags/example_dataset_alias_with_no_taskflow.py took 0.220 seconds
[2026-07-01T09:17:48.986+0000] {processor.py:186} INFO - Started process (PID=1086) to work on /home/airflow/.local/lib/python3.12/site-packages/airflow/example_dags/example_dataset_alias_with_no_taskflow.py
[2026-07-01T09:17:48.987+0000] {processor.py:914} INFO - Processing file /home/airflow/.local/lib/python3.12/site-packages/airflow/example_dags/example_dataset_alias_with_no_taskflow.py for tasks to queue
[2026-07-01T09:17:48.989+0000] {logging_mixin.py:190} INFO - [2026-07-01T09:17:48.988+0000] {dagbag.py:587} INFO - Filling up the DagBag from /home/airflow/.local/lib/python3.12/site-packages/airflow/example_dags/example_dataset_alias_with_no_taskflow.py
[2026-07-01T09:17:49.096+0000] {processor.py:925} INFO - DAG(s) 'dataset_s3_bucket_producer_with_no_taskflow', 'dataset_alias_example_alias_producer_with_no_taskflow', 'dataset_s3_bucket_consumer_with_no_taskflow', 'dataset_alias_example_alias_consumer_with_no_taskflow' retrieved from /home/airflow/.local/lib/python3.12/site-packages/airflow/example_dags/example_dataset_alias_with_no_taskflow.py
[2026-07-01T09:17:49.110+0000] {logging_mixin.py:190} INFO - [2026-07-01T09:17:49.110+0000] {dag.py:3211} INFO - Sync 4 DAGs
[2026-07-01T09:17:49.126+0000] {logging_mixin.py:190} INFO - [2026-07-01T09:17:49.126+0000] {dag.py:4138} INFO - Setting next_dagrun for dataset_alias_example_alias_consumer_with_no_taskflow to None, run_after=None
[2026-07-01T09:17:49.128+0000] {logging_mixin.py:190} INFO - [2026-07-01T09:17:49.128+0000] {dag.py:4138} INFO - Setting next_dagrun for dataset_alias_example_alias_producer_with_no_taskflow to None, run_after=None
[2026-07-01T09:17:49.130+0000] {logging_mixin.py:190} INFO - [2026-07-01T09:17:49.130+0000] {dag.py:4138} INFO - Setting next_dagrun for dataset_s3_bucket_consumer_with_no_taskflow to None, run_after=None
[2026-07-01T09:17:49.131+0000] {logging_mixin.py:190} INFO - [2026-07-01T09:17:49.131+0000] {dag.py:4138} INFO - Setting next_dagrun for dataset_s3_bucket_producer_with_no_taskflow to None, run_after=None
[2026-07-01T09:17:49.146+0000] {processor.py:208} INFO - Processing /home/airflow/.local/lib/python3.12/site-packages/airflow/example_dags/example_dataset_alias_with_no_taskflow.py took 0.167 seconds
[2026-07-01T09:18:19.331+0000] {processor.py:186} INFO - Started process (PID=1148) to work on /home/airflow/.local/lib/python3.12/site-packages/airflow/example_dags/example_dataset_alias_with_no_taskflow.py
[2026-07-01T09:18:19.332+0000] {processor.py:914} INFO - Processing file /home/airflow/.local/lib/python3.12/site-packages/airflow/example_dags/example_dataset_alias_with_no_taskflow.py for tasks to queue
[2026-07-01T09:18:19.334+0000] {logging_mixin.py:190} INFO - [2026-07-01T09:18:19.333+0000] {dagbag.py:587} INFO - Filling up the DagBag from /home/airflow/.local/lib/python3.12/site-packages/airflow/example_dags/example_dataset_alias_with_no_taskflow.py
[2026-07-01T09:18:19.429+0000] {processor.py:925} INFO - DAG(s) 'dataset_alias_example_alias_consumer_with_no_taskflow', 'dataset_s3_bucket_producer_with_no_taskflow', 'dataset_s3_bucket_consumer_with_no_taskflow', 'dataset_alias_example_alias_producer_with_no_taskflow' retrieved from /home/airflow/.local/lib/python3.12/site-packages/airflow/example_dags/example_dataset_alias_with_no_taskflow.py
[2026-07-01T09:18:19.442+0000] {logging_mixin.py:190} INFO - [2026-07-01T09:18:19.442+0000] {dag.py:3211} INFO - Sync 4 DAGs
[2026-07-01T09:18:19.456+0000] {logging_mixin.py:190} INFO - [2026-07-01T09:18:19.455+0000] {dag.py:4138} INFO - Setting next_dagrun for dataset_alias_example_alias_consumer_with_no_taskflow to None, run_after=None
[2026-07-01T09:18:19.457+0000] {logging_mixin.py:190} INFO - [2026-07-01T09:18:19.457+0000] {dag.py:4138} INFO - Setting next_dagrun for dataset_alias_example_alias_producer_with_no_taskflow to None, run_after=None
[2026-07-01T09:18:19.458+0000] {logging_mixin.py:190} INFO - [2026-07-01T09:18:19.458+0000] {dag.py:4138} INFO - Setting next_dagrun for dataset_s3_bucket_consumer_with_no_taskflow to None, run_after=None
[2026-07-01T09:18:19.459+0000] {logging_mixin.py:190} INFO - [2026-07-01T09:18:19.459+0000] {dag.py:4138} INFO - Setting next_dagrun for dataset_s3_bucket_producer_with_no_taskflow to None, run_after=None
[2026-07-01T09:18:19.473+0000] {processor.py:208} INFO - Processing /home/airflow/.local/lib/python3.12/site-packages/airflow/example_dags/example_dataset_alias_with_no_taskflow.py took 0.146 seconds
[2026-07-01T09:18:50.392+0000] {processor.py:186} INFO - Started process (PID=1210) to work on /home/airflow/.local/lib/python3.12/site-packages/airflow/example_dags/example_dataset_alias_with_no_taskflow.py
[2026-07-01T09:18:50.393+0000] {processor.py:914} INFO - Processing file /home/airflow/.local/lib/python3.12/site-packages/airflow/example_dags/example_dataset_alias_with_no_taskflow.py for tasks to queue
[2026-07-01T09:18:50.395+0000] {logging_mixin.py:190} INFO - [2026-07-01T09:18:50.394+0000] {dagbag.py:587} INFO - Filling up the DagBag from /home/airflow/.local/lib/python3.12/site-packages/airflow/example_dags/example_dataset_alias_with_no_taskflow.py
[2026-07-01T09:18:50.495+0000] {processor.py:925} INFO - DAG(s) 'dataset_s3_bucket_producer_with_no_taskflow', 'dataset_alias_example_alias_consumer_with_no_taskflow', 'dataset_alias_example_alias_producer_with_no_taskflow', 'dataset_s3_bucket_consumer_with_no_taskflow' retrieved from /home/airflow/.local/lib/python3.12/site-packages/airflow/example_dags/example_dataset_alias_with_no_taskflow.py
[2026-07-01T09:18:50.510+0000] {logging_mixin.py:190} INFO - [2026-07-01T09:18:50.510+0000] {dag.py:3211} INFO - Sync 4 DAGs
[2026-07-01T09:18:50.525+0000] {logging_mixin.py:190} INFO - [2026-07-01T09:18:50.525+0000] {dag.py:4138} INFO - Setting next_dagrun for dataset_alias_example_alias_consumer_with_no_taskflow to None, run_after=None
[2026-07-01T09:18:50.527+0000] {logging_mixin.py:190} INFO - [2026-07-01T09:18:50.526+0000] {dag.py:4138} INFO - Setting next_dagrun for dataset_alias_example_alias_producer_with_no_taskflow to None, run_after=None
[2026-07-01T09:18:50.527+0000] {logging_mixin.py:190} INFO - [2026-07-01T09:18:50.527+0000] {dag.py:4138} INFO - Setting next_dagrun for dataset_s3_bucket_consumer_with_no_taskflow to None, run_after=None
[2026-07-01T09:18:50.528+0000] {logging_mixin.py:190} INFO - [2026-07-01T09:18:50.528+0000] {dag.py:4138} INFO - Setting next_dagrun for dataset_s3_bucket_producer_with_no_taskflow to None, run_after=None
[2026-07-01T09:18:50.542+0000] {processor.py:208} INFO - Processing /home/airflow/.local/lib/python3.12/site-packages/airflow/example_dags/example_dataset_alias_with_no_taskflow.py took 0.154 seconds
[2026-07-01T09:19:21.170+0000] {processor.py:186} INFO - Started process (PID=1272) to work on /home/airflow/.local/lib/python3.12/site-packages/airflow/example_dags/example_dataset_alias_with_no_taskflow.py
[2026-07-01T09:19:21.171+0000] {processor.py:914} INFO - Processing file /home/airflow/.local/lib/python3.12/site-packages/airflow/example_dags/example_dataset_alias_with_no_taskflow.py for tasks to queue
[2026-07-01T09:19:21.172+0000] {logging_mixin.py:190} INFO - [2026-07-01T09:19:21.172+0000] {dagbag.py:587} INFO - Filling up the DagBag from /home/airflow/.local/lib/python3.12/site-packages/airflow/example_dags/example_dataset_alias_with_no_taskflow.py
[2026-07-01T09:19:21.270+0000] {processor.py:925} INFO - DAG(s) 'dataset_alias_example_alias_producer_with_no_taskflow', 'dataset_alias_example_alias_consumer_with_no_taskflow', 'dataset_s3_bucket_producer_with_no_taskflow', 'dataset_s3_bucket_consumer_with_no_taskflow' retrieved from /home/airflow/.local/lib/python3.12/site-packages/airflow/example_dags/example_dataset_alias_with_no_taskflow.py
[2026-07-01T09:19:21.284+0000] {logging_mixin.py:190} INFO - [2026-07-01T09:19:21.284+0000] {dag.py:3211} INFO - Sync 4 DAGs
[2026-07-01T09:19:21.298+0000] {logging_mixin.py:190} INFO - [2026-07-01T09:19:21.298+0000] {dag.py:4138} INFO - Setting next_dagrun for dataset_alias_example_alias_consumer_with_no_taskflow to None, run_after=None
[2026-07-01T09:19:21.300+0000] {logging_mixin.py:190} INFO - [2026-07-01T09:19:21.300+0000] {dag.py:4138} INFO - Setting next_dagrun for dataset_alias_example_alias_producer_with_no_taskflow to None, run_after=None
[2026-07-01T09:19:21.301+0000] {logging_mixin.py:190} INFO - [2026-07-01T09:19:21.300+0000] {dag.py:4138} INFO - Setting next_dagrun for dataset_s3_bucket_consumer_with_no_taskflow to None, run_after=None
[2026-07-01T09:19:21.302+0000] {logging_mixin.py:190} INFO - [2026-07-01T09:19:21.301+0000] {dag.py:4138} INFO - Setting next_dagrun for dataset_s3_bucket_producer_with_no_taskflow to None, run_after=None
[2026-07-01T09:19:21.314+0000] {processor.py:208} INFO - Processing /home/airflow/.local/lib/python3.12/site-packages/airflow/example_dags/example_dataset_alias_with_no_taskflow.py took 0.148 seconds
[2026-07-01T09:19:51.912+0000] {processor.py:186} INFO - Started process (PID=1334) to work on /home/airflow/.local/lib/python3.12/site-packages/airflow/example_dags/example_dataset_alias_with_no_taskflow.py
[2026-07-01T09:19:51.913+0000] {processor.py:914} INFO - Processing file /home/airflow/.local/lib/python3.12/site-packages/airflow/example_dags/example_dataset_alias_with_no_taskflow.py for tasks to queue
[2026-07-01T09:19:51.915+0000] {logging_mixin.py:190} INFO - [2026-07-01T09:19:51.914+0000] {dagbag.py:587} INFO - Filling up the DagBag from /home/airflow/.local/lib/python3.12/site-packages/airflow/example_dags/example_dataset_alias_with_no_taskflow.py
[2026-07-01T09:19:52.041+0000] {processor.py:925} INFO - DAG(s) 'dataset_s3_bucket_consumer_with_no_taskflow', 'dataset_alias_example_alias_consumer_with_no_taskflow', 'dataset_s3_bucket_producer_with_no_taskflow', 'dataset_alias_example_alias_producer_with_no_taskflow' retrieved from /home/airflow/.local/lib/python3.12/site-packages/airflow/example_dags/example_dataset_alias_with_no_taskflow.py
[2026-07-01T09:19:52.058+0000] {logging_mixin.py:190} INFO - [2026-07-01T09:19:52.058+0000] {dag.py:3211} INFO - Sync 4 DAGs
[2026-07-01T09:19:52.075+0000] {logging_mixin.py:190} INFO - [2026-07-01T09:19:52.075+0000] {dag.py:4138} INFO - Setting next_dagrun for dataset_alias_example_alias_consumer_with_no_taskflow to None, run_after=None
[2026-07-01T09:19:52.077+0000] {logging_mixin.py:190} INFO - [2026-07-01T09:19:52.077+0000] {dag.py:4138} INFO - Setting next_dagrun for dataset_alias_example_alias_producer_with_no_taskflow to None, run_after=None
[2026-07-01T09:19:52.079+0000] {logging_mixin.py:190} INFO - [2026-07-01T09:19:52.079+0000] {dag.py:4138} INFO - Setting next_dagrun for dataset_s3_bucket_consumer_with_no_taskflow to None, run_after=None
[2026-07-01T09:19:52.080+0000] {logging_mixin.py:190} INFO - [2026-07-01T09:19:52.080+0000] {dag.py:4138} INFO - Setting next_dagrun for dataset_s3_bucket_producer_with_no_taskflow to None, run_after=None
[2026-07-01T09:19:52.096+0000] {processor.py:208} INFO - Processing /home/airflow/.local/lib/python3.12/site-packages/airflow/example_dags/example_dataset_alias_with_no_taskflow.py took 0.189 seconds
[2026-07-01T09:20:22.581+0000] {processor.py:186} INFO - Started process (PID=1396) to work on /home/airflow/.local/lib/python3.12/site-packages/airflow/example_dags/example_dataset_alias_with_no_taskflow.py
[2026-07-01T09:20:22.583+0000] {processor.py:914} INFO - Processing file /home/airflow/.local/lib/python3.12/site-packages/airflow/example_dags/example_dataset_alias_with_no_taskflow.py for tasks to queue
[2026-07-01T09:20:22.585+0000] {logging_mixin.py:190} INFO - [2026-07-01T09:20:22.584+0000] {dagbag.py:587} INFO - Filling up the DagBag from /home/airflow/.local/lib/python3.12/site-packages/airflow/example_dags/example_dataset_alias_with_no_taskflow.py
[2026-07-01T09:20:22.695+0000] {processor.py:925} INFO - DAG(s) 'dataset_s3_bucket_consumer_with_no_taskflow', 'dataset_alias_example_alias_producer_with_no_taskflow', 'dataset_alias_example_alias_consumer_with_no_taskflow', 'dataset_s3_bucket_producer_with_no_taskflow' retrieved from /home/airflow/.local/lib/python3.12/site-packages/airflow/example_dags/example_dataset_alias_with_no_taskflow.py
[2026-07-01T09:20:22.713+0000] {logging_mixin.py:190} INFO - [2026-07-01T09:20:22.712+0000] {dag.py:3211} INFO - Sync 4 DAGs
[2026-07-01T09:20:22.728+0000] {logging_mixin.py:190} INFO - [2026-07-01T09:20:22.727+0000] {dag.py:4138} INFO - Setting next_dagrun for dataset_alias_example_alias_consumer_with_no_taskflow to None, run_after=None
[2026-07-01T09:20:22.730+0000] {logging_mixin.py:190} INFO - [2026-07-01T09:20:22.730+0000] {dag.py:4138} INFO - Setting next_dagrun for dataset_alias_example_alias_producer_with_no_taskflow to None, run_after=None
[2026-07-01T09:20:22.731+0000] {logging_mixin.py:190} INFO - [2026-07-01T09:20:22.731+0000] {dag.py:4138} INFO - Setting next_dagrun for dataset_s3_bucket_consumer_with_no_taskflow to None, run_after=None
[2026-07-01T09:20:22.732+0000] {logging_mixin.py:190} INFO - [2026-07-01T09:20:22.732+0000] {dag.py:4138} INFO - Setting next_dagrun for dataset_s3_bucket_producer_with_no_taskflow to None, run_after=None
[2026-07-01T09:20:22.745+0000] {processor.py:208} INFO - Processing /home/airflow/.local/lib/python3.12/site-packages/airflow/example_dags/example_dataset_alias_with_no_taskflow.py took 0.168 seconds
[2026-07-01T09:20:53.455+0000] {processor.py:186} INFO - Started process (PID=1458) to work on /home/airflow/.local/lib/python3.12/site-packages/airflow/example_dags/example_dataset_alias_with_no_taskflow.py
[2026-07-01T09:20:53.456+0000] {processor.py:914} INFO - Processing file /home/airflow/.local/lib/python3.12/site-packages/airflow/example_dags/example_dataset_alias_with_no_taskflow.py for tasks to queue
[2026-07-01T09:20:53.457+0000] {logging_mixin.py:190} INFO - [2026-07-01T09:20:53.457+0000] {dagbag.py:587} INFO - Filling up the DagBag from /home/airflow/.local/lib/python3.12/site-packages/airflow/example_dags/example_dataset_alias_with_no_taskflow.py
[2026-07-01T09:20:53.561+0000] {processor.py:925} INFO - DAG(s) 'dataset_alias_example_alias_producer_with_no_taskflow', 'dataset_s3_bucket_producer_with_no_taskflow', 'dataset_s3_bucket_consumer_with_no_taskflow', 'dataset_alias_example_alias_consumer_with_no_taskflow' retrieved from /home/airflow/.local/lib/python3.12/site-packages/airflow/example_dags/example_dataset_alias_with_no_taskflow.py
[2026-07-01T09:20:53.575+0000] {logging_mixin.py:190} INFO - [2026-07-01T09:20:53.575+0000] {dag.py:3211} INFO - Sync 4 DAGs
[2026-07-01T09:20:53.588+0000] {logging_mixin.py:190} INFO - [2026-07-01T09:20:53.588+0000] {dag.py:4138} INFO - Setting next_dagrun for dataset_alias_example_alias_consumer_with_no_taskflow to None, run_after=None
[2026-07-01T09:20:53.590+0000] {logging_mixin.py:190} INFO - [2026-07-01T09:20:53.590+0000] {dag.py:4138} INFO - Setting next_dagrun for dataset_alias_example_alias_producer_with_no_taskflow to None, run_after=None
[2026-07-01T09:20:53.591+0000] {logging_mixin.py:190} INFO - [2026-07-01T09:20:53.591+0000] {dag.py:4138} INFO - Setting next_dagrun for dataset_s3_bucket_consumer_with_no_taskflow to None, run_after=None
[2026-07-01T09:20:53.592+0000] {logging_mixin.py:190} INFO - [2026-07-01T09:20:53.592+0000] {dag.py:4138} INFO - Setting next_dagrun for dataset_s3_bucket_producer_with_no_taskflow to None, run_after=None
[2026-07-01T09:20:53.606+0000] {processor.py:208} INFO - Processing /home/airflow/.local/lib/python3.12/site-packages/airflow/example_dags/example_dataset_alias_with_no_taskflow.py took 0.156 seconds
[2026-07-01T09:21:23.652+0000] {processor.py:186} INFO - Started process (PID=1520) to work on /home/airflow/.local/lib/python3.12/site-packages/airflow/example_dags/example_dataset_alias_with_no_taskflow.py
[2026-07-01T09:21:23.653+0000] {processor.py:914} INFO - Processing file /home/airflow/.local/lib/python3.12/site-packages/airflow/example_dags/example_dataset_alias_with_no_taskflow.py for tasks to queue
[2026-07-01T09:21:23.654+0000] {logging_mixin.py:190} INFO - [2026-07-01T09:21:23.654+0000] {dagbag.py:587} INFO - Filling up the DagBag from /home/airflow/.local/lib/python3.12/site-packages/airflow/example_dags/example_dataset_alias_with_no_taskflow.py
[2026-07-01T09:21:23.750+0000] {processor.py:925} INFO - DAG(s) 'dataset_alias_example_alias_producer_with_no_taskflow', 'dataset_s3_bucket_consumer_with_no_taskflow', 'dataset_s3_bucket_producer_with_no_taskflow', 'dataset_alias_example_alias_consumer_with_no_taskflow' retrieved from /home/airflow/.local/lib/python3.12/site-packages/airflow/example_dags/example_dataset_alias_with_no_taskflow.py
[2026-07-01T09:21:23.763+0000] {logging_mixin.py:190} INFO - [2026-07-01T09:21:23.763+0000] {dag.py:3211} INFO - Sync 4 DAGs
[2026-07-01T09:21:23.778+0000] {logging_mixin.py:190} INFO - [2026-07-01T09:21:23.778+0000] {dag.py:4138} INFO - Setting next_dagrun for dataset_alias_example_alias_consumer_with_no_taskflow to None, run_after=None
[2026-07-01T09:21:23.780+0000] {logging_mixin.py:190} INFO - [2026-07-01T09:21:23.779+0000] {dag.py:4138} INFO - Setting next_dagrun for dataset_alias_example_alias_producer_with_no_taskflow to None, run_after=None
[2026-07-01T09:21:23.781+0000] {logging_mixin.py:190} INFO - [2026-07-01T09:21:23.780+0000] {dag.py:4138} INFO - Setting next_dagrun for dataset_s3_bucket_consumer_with_no_taskflow to None, run_after=None
[2026-07-01T09:21:23.781+0000] {logging_mixin.py:190} INFO - [2026-07-01T09:21:23.781+0000] {dag.py:4138} INFO - Setting next_dagrun for dataset_s3_bucket_producer_with_no_taskflow to None, run_after=None
[2026-07-01T09:21:23.795+0000] {processor.py:208} INFO - Processing /home/airflow/.local/lib/python3.12/site-packages/airflow/example_dags/example_dataset_alias_with_no_taskflow.py took 0.147 seconds
[2026-07-01T09:21:53.875+0000] {processor.py:186} INFO - Started process (PID=1582) to work on /home/airflow/.local/lib/python3.12/site-packages/airflow/example_dags/example_dataset_alias_with_no_taskflow.py
[2026-07-01T09:21:53.876+0000] {processor.py:914} INFO - Processing file /home/airflow/.local/lib/python3.12/site-packages/airflow/example_dags/example_dataset_alias_with_no_taskflow.py for tasks to queue
[2026-07-01T09:21:53.878+0000] {logging_mixin.py:190} INFO - [2026-07-01T09:21:53.878+0000] {dagbag.py:587} INFO - Filling up the DagBag from /home/airflow/.local/lib/python3.12/site-packages/airflow/example_dags/example_dataset_alias_with_no_taskflow.py
[2026-07-01T09:21:54.010+0000] {processor.py:925} INFO - DAG(s) 'dataset_s3_bucket_producer_with_no_taskflow', 'dataset_alias_example_alias_producer_with_no_taskflow', 'dataset_alias_example_alias_consumer_with_no_taskflow', 'dataset_s3_bucket_consumer_with_no_taskflow' retrieved from /home/airflow/.local/lib/python3.12/site-packages/airflow/example_dags/example_dataset_alias_with_no_taskflow.py
[2026-07-01T09:21:54.026+0000] {logging_mixin.py:190} INFO - [2026-07-01T09:21:54.025+0000] {dag.py:3211} INFO - Sync 4 DAGs
[2026-07-01T09:21:54.044+0000] {logging_mixin.py:190} INFO - [2026-07-01T09:21:54.044+0000] {dag.py:4138} INFO - Setting next_dagrun for dataset_alias_example_alias_consumer_with_no_taskflow to None, run_after=None
[2026-07-01T09:21:54.046+0000] {logging_mixin.py:190} INFO - [2026-07-01T09:21:54.046+0000] {dag.py:4138} INFO - Setting next_dagrun for dataset_alias_example_alias_producer_with_no_taskflow to None, run_after=None
[2026-07-01T09:21:54.047+0000] {logging_mixin.py:190} INFO - [2026-07-01T09:21:54.047+0000] {dag.py:4138} INFO - Setting next_dagrun for dataset_s3_bucket_consumer_with_no_taskflow to None, run_after=None
[2026-07-01T09:21:54.049+0000] {logging_mixin.py:190} INFO - [2026-07-01T09:21:54.049+0000] {dag.py:4138} INFO - Setting next_dagrun for dataset_s3_bucket_producer_with_no_taskflow to None, run_after=None
[2026-07-01T09:21:54.065+0000] {processor.py:208} INFO - Processing /home/airflow/.local/lib/python3.12/site-packages/airflow/example_dags/example_dataset_alias_with_no_taskflow.py took 0.198 seconds
[2026-07-01T09:22:24.244+0000] {processor.py:186} INFO - Started process (PID=1644) to work on /home/airflow/.local/lib/python3.12/site-packages/airflow/example_dags/example_dataset_alias_with_no_taskflow.py
[2026-07-01T09:22:24.244+0000] {processor.py:914} INFO - Processing file /home/airflow/.local/lib/python3.12/site-packages/airflow/example_dags/example_dataset_alias_with_no_taskflow.py for tasks to queue
[2026-07-01T09:22:24.246+0000] {logging_mixin.py:190} INFO - [2026-07-01T09:22:24.246+0000] {dagbag.py:587} INFO - Filling up the DagBag from /home/airflow/.local/lib/python3.12/site-packages/airflow/example_dags/example_dataset_alias_with_no_taskflow.py
[2026-07-01T09:22:24.349+0000] {processor.py:925} INFO - DAG(s) 'dataset_alias_example_alias_consumer_with_no_taskflow', 'dataset_alias_example_alias_producer_with_no_taskflow', 'dataset_s3_bucket_consumer_with_no_taskflow', 'dataset_s3_bucket_producer_with_no_taskflow' retrieved from /home/airflow/.local/lib/python3.12/site-packages/airflow/example_dags/example_dataset_alias_with_no_taskflow.py
[2026-07-01T09:22:24.364+0000] {logging_mixin.py:190} INFO - [2026-07-01T09:22:24.363+0000] {dag.py:3211} INFO - Sync 4 DAGs
[2026-07-01T09:22:24.377+0000] {logging_mixin.py:190} INFO - [2026-07-01T09:22:24.377+0000] {dag.py:4138} INFO - Setting next_dagrun for dataset_alias_example_alias_consumer_with_no_taskflow to None, run_after=None
[2026-07-01T09:22:24.379+0000] {logging_mixin.py:190} INFO - [2026-07-01T09:22:24.379+0000] {dag.py:4138} INFO - Setting next_dagrun for dataset_alias_example_alias_producer_with_no_taskflow to None, run_after=None
[2026-07-01T09:22:24.380+0000] {logging_mixin.py:190} INFO - [2026-07-01T09:22:24.380+0000] {dag.py:4138} INFO - Setting next_dagrun for dataset_s3_bucket_consumer_with_no_taskflow to None, run_after=None
[2026-07-01T09:22:24.381+0000] {logging_mixin.py:190} INFO - [2026-07-01T09:22:24.381+0000] {dag.py:4138} INFO - Setting next_dagrun for dataset_s3_bucket_producer_with_no_taskflow to None, run_after=None
[2026-07-01T09:22:24.395+0000] {processor.py:208} INFO - Processing /home/airflow/.local/lib/python3.12/site-packages/airflow/example_dags/example_dataset_alias_with_no_taskflow.py took 0.156 seconds
[2026-07-01T09:22:55.197+0000] {processor.py:186} INFO - Started process (PID=1706) to work on /home/airflow/.local/lib/python3.12/site-packages/airflow/example_dags/example_dataset_alias_with_no_taskflow.py
[2026-07-01T09:22:55.198+0000] {processor.py:914} INFO - Processing file /home/airflow/.local/lib/python3.12/site-packages/airflow/example_dags/example_dataset_alias_with_no_taskflow.py for tasks to queue
[2026-07-01T09:22:55.201+0000] {logging_mixin.py:190} INFO - [2026-07-01T09:22:55.201+0000] {dagbag.py:587} INFO - Filling up the DagBag from /home/airflow/.local/lib/python3.12/site-packages/airflow/example_dags/example_dataset_alias_with_no_taskflow.py
[2026-07-01T09:22:55.329+0000] {processor.py:925} INFO - DAG(s) 'dataset_s3_bucket_consumer_with_no_taskflow', 'dataset_alias_example_alias_consumer_with_no_taskflow', 'dataset_alias_example_alias_producer_with_no_taskflow', 'dataset_s3_bucket_producer_with_no_taskflow' retrieved from /home/airflow/.local/lib/python3.12/site-packages/airflow/example_dags/example_dataset_alias_with_no_taskflow.py
[2026-07-01T09:22:55.366+0000] {logging_mixin.py:190} INFO - [2026-07-01T09:22:55.366+0000] {dag.py:3211} INFO - Sync 4 DAGs
[2026-07-01T09:22:55.402+0000] {logging_mixin.py:190} INFO - [2026-07-01T09:22:55.402+0000] {dag.py:4138} INFO - Setting next_dagrun for dataset_alias_example_alias_consumer_with_no_taskflow to None, run_after=None
[2026-07-01T09:22:55.406+0000] {logging_mixin.py:190} INFO - [2026-07-01T09:22:55.405+0000] {dag.py:4138} INFO - Setting next_dagrun for dataset_alias_example_alias_producer_with_no_taskflow to None, run_after=None
[2026-07-01T09:22:55.407+0000] {logging_mixin.py:190} INFO - [2026-07-01T09:22:55.407+0000] {dag.py:4138} INFO - Setting next_dagrun for dataset_s3_bucket_consumer_with_no_taskflow to None, run_after=None
[2026-07-01T09:22:55.408+0000] {logging_mixin.py:190} INFO - [2026-07-01T09:22:55.408+0000] {dag.py:4138} INFO - Setting next_dagrun for dataset_s3_bucket_producer_with_no_taskflow to None, run_after=None
[2026-07-01T09:22:55.431+0000] {processor.py:208} INFO - Processing /home/airflow/.local/lib/python3.12/site-packages/airflow/example_dags/example_dataset_alias_with_no_taskflow.py took 0.240 seconds
[2026-07-01T09:23:25.498+0000] {processor.py:186} INFO - Started process (PID=1768) to work on /home/airflow/.local/lib/python3.12/site-packages/airflow/example_dags/example_dataset_alias_with_no_taskflow.py
[2026-07-01T09:23:25.499+0000] {processor.py:914} INFO - Processing file /home/airflow/.local/lib/python3.12/site-packages/airflow/example_dags/example_dataset_alias_with_no_taskflow.py for tasks to queue
[2026-07-01T09:23:25.501+0000] {logging_mixin.py:190} INFO - [2026-07-01T09:23:25.501+0000] {dagbag.py:587} INFO - Filling up the DagBag from /home/airflow/.local/lib/python3.12/site-packages/airflow/example_dags/example_dataset_alias_with_no_taskflow.py
[2026-07-01T09:23:25.608+0000] {processor.py:925} INFO - DAG(s) 'dataset_alias_example_alias_consumer_with_no_taskflow', 'dataset_s3_bucket_consumer_with_no_taskflow', 'dataset_s3_bucket_producer_with_no_taskflow', 'dataset_alias_example_alias_producer_with_no_taskflow' retrieved from /home/airflow/.local/lib/python3.12/site-packages/airflow/example_dags/example_dataset_alias_with_no_taskflow.py
[2026-07-01T09:23:25.622+0000] {logging_mixin.py:190} INFO - [2026-07-01T09:23:25.622+0000] {dag.py:3211} INFO - Sync 4 DAGs
[2026-07-01T09:23:25.786+0000] {logging_mixin.py:190} INFO - [2026-07-01T09:23:25.786+0000] {dag.py:4138} INFO - Setting next_dagrun for dataset_alias_example_alias_consumer_with_no_taskflow to None, run_after=None
[2026-07-01T09:23:25.788+0000] {logging_mixin.py:190} INFO - [2026-07-01T09:23:25.788+0000] {dag.py:4138} INFO - Setting next_dagrun for dataset_alias_example_alias_producer_with_no_taskflow to None, run_after=None
[2026-07-01T09:23:25.789+0000] {logging_mixin.py:190} INFO - [2026-07-01T09:23:25.789+0000] {dag.py:4138} INFO - Setting next_dagrun for dataset_s3_bucket_consumer_with_no_taskflow to None, run_after=None
[2026-07-01T09:23:25.791+0000] {logging_mixin.py:190} INFO - [2026-07-01T09:23:25.790+0000] {dag.py:4138} INFO - Setting next_dagrun for dataset_s3_bucket_producer_with_no_taskflow to None, run_after=None
[2026-07-01T09:23:25.804+0000] {processor.py:208} INFO - Processing /home/airflow/.local/lib/python3.12/site-packages/airflow/example_dags/example_dataset_alias_with_no_taskflow.py took 0.310 seconds
[2026-07-01T09:23:55.858+0000] {processor.py:186} INFO - Started process (PID=1830) to work on /home/airflow/.local/lib/python3.12/site-packages/airflow/example_dags/example_dataset_alias_with_no_taskflow.py
[2026-07-01T09:23:55.859+0000] {processor.py:914} INFO - Processing file /home/airflow/.local/lib/python3.12/site-packages/airflow/example_dags/example_dataset_alias_with_no_taskflow.py for tasks to queue
[2026-07-01T09:23:55.861+0000] {logging_mixin.py:190} INFO - [2026-07-01T09:23:55.861+0000] {dagbag.py:587} INFO - Filling up the DagBag from /home/airflow/.local/lib/python3.12/site-packages/airflow/example_dags/example_dataset_alias_with_no_taskflow.py
[2026-07-01T09:23:55.988+0000] {processor.py:925} INFO - DAG(s) 'dataset_alias_example_alias_producer_with_no_taskflow', 'dataset_s3_bucket_consumer_with_no_taskflow', 'dataset_alias_example_alias_consumer_with_no_taskflow', 'dataset_s3_bucket_producer_with_no_taskflow' retrieved from /home/airflow/.local/lib/python3.12/site-packages/airflow/example_dags/example_dataset_alias_with_no_taskflow.py
[2026-07-01T09:23:56.005+0000] {logging_mixin.py:190} INFO - [2026-07-01T09:23:56.005+0000] {dag.py:3211} INFO - Sync 4 DAGs
[2026-07-01T09:23:56.025+0000] {logging_mixin.py:190} INFO - [2026-07-01T09:23:56.025+0000] {dag.py:4138} INFO - Setting next_dagrun for dataset_alias_example_alias_consumer_with_no_taskflow to None, run_after=None
[2026-07-01T09:23:56.028+0000] {logging_mixin.py:190} INFO - [2026-07-01T09:23:56.027+0000] {dag.py:4138} INFO - Setting next_dagrun for dataset_alias_example_alias_producer_with_no_taskflow to None, run_after=None
[2026-07-01T09:23:56.029+0000] {logging_mixin.py:190} INFO - [2026-07-01T09:23:56.029+0000] {dag.py:4138} INFO - Setting next_dagrun for dataset_s3_bucket_consumer_with_no_taskflow to None, run_after=None
[2026-07-01T09:23:56.030+0000] {logging_mixin.py:190} INFO - [2026-07-01T09:23:56.030+0000] {dag.py:4138} INFO - Setting next_dagrun for dataset_s3_bucket_producer_with_no_taskflow to None, run_after=None
[2026-07-01T09:23:56.217+0000] {processor.py:208} INFO - Processing /home/airflow/.local/lib/python3.12/site-packages/airflow/example_dags/example_dataset_alias_with_no_taskflow.py took 0.365 seconds
[2026-07-01T09:24:26.284+0000] {processor.py:186} INFO - Started process (PID=1893) to work on /home/airflow/.local/lib/python3.12/site-packages/airflow/example_dags/example_dataset_alias_with_no_taskflow.py
[2026-07-01T09:24:26.285+0000] {processor.py:914} INFO - Processing file /home/airflow/.local/lib/python3.12/site-packages/airflow/example_dags/example_dataset_alias_with_no_taskflow.py for tasks to queue
[2026-07-01T09:24:26.287+0000] {logging_mixin.py:190} INFO - [2026-07-01T09:24:26.286+0000] {dagbag.py:587} INFO - Filling up the DagBag from /home/airflow/.local/lib/python3.12/site-packages/airflow/example_dags/example_dataset_alias_with_no_taskflow.py
[2026-07-01T09:24:26.382+0000] {processor.py:925} INFO - DAG(s) 'dataset_s3_bucket_producer_with_no_taskflow', 'dataset_s3_bucket_consumer_with_no_taskflow', 'dataset_alias_example_alias_producer_with_no_taskflow', 'dataset_alias_example_alias_consumer_with_no_taskflow' retrieved from /home/airflow/.local/lib/python3.12/site-packages/airflow/example_dags/example_dataset_alias_with_no_taskflow.py
[2026-07-01T09:24:26.395+0000] {logging_mixin.py:190} INFO - [2026-07-01T09:24:26.395+0000] {dag.py:3211} INFO - Sync 4 DAGs
[2026-07-01T09:24:26.410+0000] {logging_mixin.py:190} INFO - [2026-07-01T09:24:26.410+0000] {dag.py:4138} INFO - Setting next_dagrun for dataset_alias_example_alias_consumer_with_no_taskflow to None, run_after=None
[2026-07-01T09:24:26.411+0000] {logging_mixin.py:190} INFO - [2026-07-01T09:24:26.411+0000] {dag.py:4138} INFO - Setting next_dagrun for dataset_alias_example_alias_producer_with_no_taskflow to None, run_after=None
[2026-07-01T09:24:26.412+0000] {logging_mixin.py:190} INFO - [2026-07-01T09:24:26.412+0000] {dag.py:4138} INFO - Setting next_dagrun for dataset_s3_bucket_consumer_with_no_taskflow to None, run_after=None
[2026-07-01T09:24:26.414+0000] {logging_mixin.py:190} INFO - [2026-07-01T09:24:26.413+0000] {dag.py:4138} INFO - Setting next_dagrun for dataset_s3_bucket_producer_with_no_taskflow to None, run_after=None
[2026-07-01T09:24:26.568+0000] {processor.py:208} INFO - Processing /home/airflow/.local/lib/python3.12/site-packages/airflow/example_dags/example_dataset_alias_with_no_taskflow.py took 0.289 seconds
[2026-07-01T09:24:57.396+0000] {processor.py:186} INFO - Started process (PID=1955) to work on /home/airflow/.local/lib/python3.12/site-packages/airflow/example_dags/example_dataset_alias_with_no_taskflow.py
[2026-07-01T09:24:57.397+0000] {processor.py:914} INFO - Processing file /home/airflow/.local/lib/python3.12/site-packages/airflow/example_dags/example_dataset_alias_with_no_taskflow.py for tasks to queue
[2026-07-01T09:24:57.399+0000] {logging_mixin.py:190} INFO - [2026-07-01T09:24:57.399+0000] {dagbag.py:587} INFO - Filling up the DagBag from /home/airflow/.local/lib/python3.12/site-packages/airflow/example_dags/example_dataset_alias_with_no_taskflow.py
[2026-07-01T09:24:57.494+0000] {processor.py:925} INFO - DAG(s) 'dataset_alias_example_alias_consumer_with_no_taskflow', 'dataset_s3_bucket_consumer_with_no_taskflow', 'dataset_alias_example_alias_producer_with_no_taskflow', 'dataset_s3_bucket_producer_with_no_taskflow' retrieved from /home/airflow/.local/lib/python3.12/site-packages/airflow/example_dags/example_dataset_alias_with_no_taskflow.py
[2026-07-01T09:24:57.510+0000] {logging_mixin.py:190} INFO - [2026-07-01T09:24:57.510+0000] {dag.py:3211} INFO - Sync 4 DAGs
[2026-07-01T09:24:57.524+0000] {logging_mixin.py:190} INFO - [2026-07-01T09:24:57.524+0000] {dag.py:4138} INFO - Setting next_dagrun for dataset_alias_example_alias_consumer_with_no_taskflow to None, run_after=None
[2026-07-01T09:24:57.528+0000] {logging_mixin.py:190} INFO - [2026-07-01T09:24:57.528+0000] {dag.py:4138} INFO - Setting next_dagrun for dataset_alias_example_alias_producer_with_no_taskflow to None, run_after=None
[2026-07-01T09:24:57.529+0000] {logging_mixin.py:190} INFO - [2026-07-01T09:24:57.528+0000] {dag.py:4138} INFO - Setting next_dagrun for dataset_s3_bucket_consumer_with_no_taskflow to None, run_after=None
[2026-07-01T09:24:57.529+0000] {logging_mixin.py:190} INFO - [2026-07-01T09:24:57.529+0000] {dag.py:4138} INFO - Setting next_dagrun for dataset_s3_bucket_producer_with_no_taskflow to None, run_after=None
[2026-07-01T09:24:57.543+0000] {processor.py:208} INFO - Processing /home/airflow/.local/lib/python3.12/site-packages/airflow/example_dags/example_dataset_alias_with_no_taskflow.py took 0.151 seconds
[2026-07-01T09:25:27.807+0000] {processor.py:186} INFO - Started process (PID=2017) to work on /home/airflow/.local/lib/python3.12/site-packages/airflow/example_dags/example_dataset_alias_with_no_taskflow.py
[2026-07-01T09:25:27.810+0000] {processor.py:914} INFO - Processing file /home/airflow/.local/lib/python3.12/site-packages/airflow/example_dags/example_dataset_alias_with_no_taskflow.py for tasks to queue
[2026-07-01T09:25:27.813+0000] {logging_mixin.py:190} INFO - [2026-07-01T09:25:27.812+0000] {dagbag.py:587} INFO - Filling up the DagBag from /home/airflow/.local/lib/python3.12/site-packages/airflow/example_dags/example_dataset_alias_with_no_taskflow.py
[2026-07-01T09:25:27.959+0000] {processor.py:925} INFO - DAG(s) 'dataset_s3_bucket_consumer_with_no_taskflow', 'dataset_s3_bucket_producer_with_no_taskflow', 'dataset_alias_example_alias_producer_with_no_taskflow', 'dataset_alias_example_alias_consumer_with_no_taskflow' retrieved from /home/airflow/.local/lib/python3.12/site-packages/airflow/example_dags/example_dataset_alias_with_no_taskflow.py
[2026-07-01T09:25:27.991+0000] {logging_mixin.py:190} INFO - [2026-07-01T09:25:27.991+0000] {dag.py:3211} INFO - Sync 4 DAGs
[2026-07-01T09:25:28.019+0000] {logging_mixin.py:190} INFO - [2026-07-01T09:25:28.018+0000] {dag.py:4138} INFO - Setting next_dagrun for dataset_alias_example_alias_consumer_with_no_taskflow to None, run_after=None
[2026-07-01T09:25:28.022+0000] {logging_mixin.py:190} INFO - [2026-07-01T09:25:28.022+0000] {dag.py:4138} INFO - Setting next_dagrun for dataset_alias_example_alias_producer_with_no_taskflow to None, run_after=None
[2026-07-01T09:25:28.023+0000] {logging_mixin.py:190} INFO - [2026-07-01T09:25:28.023+0000] {dag.py:4138} INFO - Setting next_dagrun for dataset_s3_bucket_consumer_with_no_taskflow to None, run_after=None
[2026-07-01T09:25:28.024+0000] {logging_mixin.py:190} INFO - [2026-07-01T09:25:28.024+0000] {dag.py:4138} INFO - Setting next_dagrun for dataset_s3_bucket_producer_with_no_taskflow to None, run_after=None
[2026-07-01T09:25:28.044+0000] {processor.py:208} INFO - Processing /home/airflow/.local/lib/python3.12/site-packages/airflow/example_dags/example_dataset_alias_with_no_taskflow.py took 0.243 seconds
[2026-07-01T09:30:08.288+0000] {processor.py:186} INFO - Started process (PID=2072) to work on /home/airflow/.local/lib/python3.12/site-packages/airflow/example_dags/example_dataset_alias_with_no_taskflow.py
[2026-07-01T09:30:08.289+0000] {processor.py:914} INFO - Processing file /home/airflow/.local/lib/python3.12/site-packages/airflow/example_dags/example_dataset_alias_with_no_taskflow.py for tasks to queue
[2026-07-01T09:30:08.291+0000] {logging_mixin.py:190} INFO - [2026-07-01T09:30:08.291+0000] {dagbag.py:587} INFO - Filling up the DagBag from /home/airflow/.local/lib/python3.12/site-packages/airflow/example_dags/example_dataset_alias_with_no_taskflow.py
[2026-07-01T09:30:08.396+0000] {processor.py:925} INFO - DAG(s) 'dataset_s3_bucket_producer_with_no_taskflow', 'dataset_s3_bucket_consumer_with_no_taskflow', 'dataset_alias_example_alias_consumer_with_no_taskflow', 'dataset_alias_example_alias_producer_with_no_taskflow' retrieved from /home/airflow/.local/lib/python3.12/site-packages/airflow/example_dags/example_dataset_alias_with_no_taskflow.py
[2026-07-01T09:30:08.545+0000] {logging_mixin.py:190} INFO - [2026-07-01T09:30:08.545+0000] {dag.py:3211} INFO - Sync 4 DAGs
[2026-07-01T09:30:08.561+0000] {logging_mixin.py:190} INFO - [2026-07-01T09:30:08.561+0000] {dag.py:4138} INFO - Setting next_dagrun for dataset_alias_example_alias_consumer_with_no_taskflow to None, run_after=None
[2026-07-01T09:30:08.563+0000] {logging_mixin.py:190} INFO - [2026-07-01T09:30:08.563+0000] {dag.py:4138} INFO - Setting next_dagrun for dataset_alias_example_alias_producer_with_no_taskflow to None, run_after=None
[2026-07-01T09:30:08.564+0000] {logging_mixin.py:190} INFO - [2026-07-01T09:30:08.564+0000] {dag.py:4138} INFO - Setting next_dagrun for dataset_s3_bucket_consumer_with_no_taskflow to None, run_after=None
[2026-07-01T09:30:08.566+0000] {logging_mixin.py:190} INFO - [2026-07-01T09:30:08.566+0000] {dag.py:4138} INFO - Setting next_dagrun for dataset_s3_bucket_producer_with_no_taskflow to None, run_after=None
[2026-07-01T09:30:08.581+0000] {processor.py:208} INFO - Processing /home/airflow/.local/lib/python3.12/site-packages/airflow/example_dags/example_dataset_alias_with_no_taskflow.py took 0.297 seconds
[2026-07-01T09:30:39.000+0000] {processor.py:186} INFO - Started process (PID=2134) to work on /home/airflow/.local/lib/python3.12/site-packages/airflow/example_dags/example_dataset_alias_with_no_taskflow.py
[2026-07-01T09:30:39.001+0000] {processor.py:914} INFO - Processing file /home/airflow/.local/lib/python3.12/site-packages/airflow/example_dags/example_dataset_alias_with_no_taskflow.py for tasks to queue
[2026-07-01T09:30:39.003+0000] {logging_mixin.py:190} INFO - [2026-07-01T09:30:39.003+0000] {dagbag.py:587} INFO - Filling up the DagBag from /home/airflow/.local/lib/python3.12/site-packages/airflow/example_dags/example_dataset_alias_with_no_taskflow.py
[2026-07-01T09:30:39.105+0000] {processor.py:925} INFO - DAG(s) 'dataset_s3_bucket_consumer_with_no_taskflow', 'dataset_alias_example_alias_producer_with_no_taskflow', 'dataset_s3_bucket_producer_with_no_taskflow', 'dataset_alias_example_alias_consumer_with_no_taskflow' retrieved from /home/airflow/.local/lib/python3.12/site-packages/airflow/example_dags/example_dataset_alias_with_no_taskflow.py
[2026-07-01T09:30:39.119+0000] {logging_mixin.py:190} INFO - [2026-07-01T09:30:39.119+0000] {dag.py:3211} INFO - Sync 4 DAGs
[2026-07-01T09:30:39.260+0000] {logging_mixin.py:190} INFO - [2026-07-01T09:30:39.260+0000] {dag.py:4138} INFO - Setting next_dagrun for dataset_alias_example_alias_consumer_with_no_taskflow to None, run_after=None
[2026-07-01T09:30:39.263+0000] {logging_mixin.py:190} INFO - [2026-07-01T09:30:39.262+0000] {dag.py:4138} INFO - Setting next_dagrun for dataset_alias_example_alias_producer_with_no_taskflow to None, run_after=None
[2026-07-01T09:30:39.264+0000] {logging_mixin.py:190} INFO - [2026-07-01T09:30:39.264+0000] {dag.py:4138} INFO - Setting next_dagrun for dataset_s3_bucket_consumer_with_no_taskflow to None, run_after=None
[2026-07-01T09:30:39.265+0000] {logging_mixin.py:190} INFO - [2026-07-01T09:30:39.265+0000] {dag.py:4138} INFO - Setting next_dagrun for dataset_s3_bucket_producer_with_no_taskflow to None, run_after=None
[2026-07-01T09:30:39.278+0000] {processor.py:208} INFO - Processing /home/airflow/.local/lib/python3.12/site-packages/airflow/example_dags/example_dataset_alias_with_no_taskflow.py took 0.282 seconds
[2026-07-01T09:31:09.382+0000] {processor.py:186} INFO - Started process (PID=2196) to work on /home/airflow/.local/lib/python3.12/site-packages/airflow/example_dags/example_dataset_alias_with_no_taskflow.py
[2026-07-01T09:31:09.383+0000] {processor.py:914} INFO - Processing file /home/airflow/.local/lib/python3.12/site-packages/airflow/example_dags/example_dataset_alias_with_no_taskflow.py for tasks to queue
[2026-07-01T09:31:09.385+0000] {logging_mixin.py:190} INFO - [2026-07-01T09:31:09.385+0000] {dagbag.py:587} INFO - Filling up the DagBag from /home/airflow/.local/lib/python3.12/site-packages/airflow/example_dags/example_dataset_alias_with_no_taskflow.py
[2026-07-01T09:31:09.490+0000] {processor.py:925} INFO - DAG(s) 'dataset_alias_example_alias_consumer_with_no_taskflow', 'dataset_s3_bucket_consumer_with_no_taskflow', 'dataset_alias_example_alias_producer_with_no_taskflow', 'dataset_s3_bucket_producer_with_no_taskflow' retrieved from /home/airflow/.local/lib/python3.12/site-packages/airflow/example_dags/example_dataset_alias_with_no_taskflow.py
[2026-07-01T09:31:09.505+0000] {logging_mixin.py:190} INFO - [2026-07-01T09:31:09.505+0000] {dag.py:3211} INFO - Sync 4 DAGs
[2026-07-01T09:31:09.654+0000] {logging_mixin.py:190} INFO - [2026-07-01T09:31:09.653+0000] {dag.py:4138} INFO - Setting next_dagrun for dataset_alias_example_alias_consumer_with_no_taskflow to None, run_after=None
[2026-07-01T09:31:09.655+0000] {logging_mixin.py:190} INFO - [2026-07-01T09:31:09.655+0000] {dag.py:4138} INFO - Setting next_dagrun for dataset_alias_example_alias_producer_with_no_taskflow to None, run_after=None
[2026-07-01T09:31:09.657+0000] {logging_mixin.py:190} INFO - [2026-07-01T09:31:09.657+0000] {dag.py:4138} INFO - Setting next_dagrun for dataset_s3_bucket_consumer_with_no_taskflow to None, run_after=None
[2026-07-01T09:31:09.658+0000] {logging_mixin.py:190} INFO - [2026-07-01T09:31:09.658+0000] {dag.py:4138} INFO - Setting next_dagrun for dataset_s3_bucket_producer_with_no_taskflow to None, run_after=None
[2026-07-01T09:31:09.674+0000] {processor.py:208} INFO - Processing /home/airflow/.local/lib/python3.12/site-packages/airflow/example_dags/example_dataset_alias_with_no_taskflow.py took 0.299 seconds
[2026-07-01T09:31:39.916+0000] {processor.py:186} INFO - Started process (PID=2258) to work on /home/airflow/.local/lib/python3.12/site-packages/airflow/example_dags/example_dataset_alias_with_no_taskflow.py
[2026-07-01T09:31:39.917+0000] {processor.py:914} INFO - Processing file /home/airflow/.local/lib/python3.12/site-packages/airflow/example_dags/example_dataset_alias_with_no_taskflow.py for tasks to queue
[2026-07-01T09:31:39.919+0000] {logging_mixin.py:190} INFO - [2026-07-01T09:31:39.919+0000] {dagbag.py:587} INFO - Filling up the DagBag from /home/airflow/.local/lib/python3.12/site-packages/airflow/example_dags/example_dataset_alias_with_no_taskflow.py
[2026-07-01T09:31:40.146+0000] {processor.py:925} INFO - DAG(s) 'dataset_s3_bucket_consumer_with_no_taskflow', 'dataset_alias_example_alias_consumer_with_no_taskflow', 'dataset_s3_bucket_producer_with_no_taskflow', 'dataset_alias_example_alias_producer_with_no_taskflow' retrieved from /home/airflow/.local/lib/python3.12/site-packages/airflow/example_dags/example_dataset_alias_with_no_taskflow.py
[2026-07-01T09:31:40.162+0000] {logging_mixin.py:190} INFO - [2026-07-01T09:31:40.162+0000] {dag.py:3211} INFO - Sync 4 DAGs
[2026-07-01T09:31:40.176+0000] {logging_mixin.py:190} INFO - [2026-07-01T09:31:40.176+0000] {dag.py:4138} INFO - Setting next_dagrun for dataset_alias_example_alias_consumer_with_no_taskflow to None, run_after=None
[2026-07-01T09:31:40.178+0000] {logging_mixin.py:190} INFO - [2026-07-01T09:31:40.178+0000] {dag.py:4138} INFO - Setting next_dagrun for dataset_alias_example_alias_producer_with_no_taskflow to None, run_after=None
[2026-07-01T09:31:40.179+0000] {logging_mixin.py:190} INFO - [2026-07-01T09:31:40.179+0000] {dag.py:4138} INFO - Setting next_dagrun for dataset_s3_bucket_consumer_with_no_taskflow to None, run_after=None
[2026-07-01T09:31:40.180+0000] {logging_mixin.py:190} INFO - [2026-07-01T09:31:40.180+0000] {dag.py:4138} INFO - Setting next_dagrun for dataset_s3_bucket_producer_with_no_taskflow to None, run_after=None
[2026-07-01T09:31:40.193+0000] {processor.py:208} INFO - Processing /home/airflow/.local/lib/python3.12/site-packages/airflow/example_dags/example_dataset_alias_with_no_taskflow.py took 0.281 seconds
[2026-07-01T09:32:10.261+0000] {processor.py:186} INFO - Started process (PID=2320) to work on /home/airflow/.local/lib/python3.12/site-packages/airflow/example_dags/example_dataset_alias_with_no_taskflow.py
[2026-07-01T09:32:10.262+0000] {processor.py:914} INFO - Processing file /home/airflow/.local/lib/python3.12/site-packages/airflow/example_dags/example_dataset_alias_with_no_taskflow.py for tasks to queue
[2026-07-01T09:32:10.264+0000] {logging_mixin.py:190} INFO - [2026-07-01T09:32:10.264+0000] {dagbag.py:587} INFO - Filling up the DagBag from /home/airflow/.local/lib/python3.12/site-packages/airflow/example_dags/example_dataset_alias_with_no_taskflow.py
[2026-07-01T09:32:10.493+0000] {processor.py:925} INFO - DAG(s) 'dataset_s3_bucket_producer_with_no_taskflow', 'dataset_alias_example_alias_consumer_with_no_taskflow', 'dataset_alias_example_alias_producer_with_no_taskflow', 'dataset_s3_bucket_consumer_with_no_taskflow' retrieved from /home/airflow/.local/lib/python3.12/site-packages/airflow/example_dags/example_dataset_alias_with_no_taskflow.py
[2026-07-01T09:32:10.504+0000] {logging_mixin.py:190} INFO - [2026-07-01T09:32:10.504+0000] {dag.py:3211} INFO - Sync 4 DAGs
[2026-07-01T09:32:10.516+0000] {logging_mixin.py:190} INFO - [2026-07-01T09:32:10.516+0000] {dag.py:4138} INFO - Setting next_dagrun for dataset_alias_example_alias_consumer_with_no_taskflow to None, run_after=None
[2026-07-01T09:32:10.519+0000] {logging_mixin.py:190} INFO - [2026-07-01T09:32:10.518+0000] {dag.py:4138} INFO - Setting next_dagrun for dataset_alias_example_alias_producer_with_no_taskflow to None, run_after=None
[2026-07-01T09:32:10.520+0000] {logging_mixin.py:190} INFO - [2026-07-01T09:32:10.520+0000] {dag.py:4138} INFO - Setting next_dagrun for dataset_s3_bucket_consumer_with_no_taskflow to None, run_after=None
[2026-07-01T09:32:10.521+0000] {logging_mixin.py:190} INFO - [2026-07-01T09:32:10.521+0000] {dag.py:4138} INFO - Setting next_dagrun for dataset_s3_bucket_producer_with_no_taskflow to None, run_after=None
[2026-07-01T09:32:10.533+0000] {processor.py:208} INFO - Processing /home/airflow/.local/lib/python3.12/site-packages/airflow/example_dags/example_dataset_alias_with_no_taskflow.py took 0.276 seconds
[2026-07-01T09:32:40.784+0000] {processor.py:186} INFO - Started process (PID=2382) to work on /home/airflow/.local/lib/python3.12/site-packages/airflow/example_dags/example_dataset_alias_with_no_taskflow.py
[2026-07-01T09:32:40.785+0000] {processor.py:914} INFO - Processing file /home/airflow/.local/lib/python3.12/site-packages/airflow/example_dags/example_dataset_alias_with_no_taskflow.py for tasks to queue
[2026-07-01T09:32:40.787+0000] {logging_mixin.py:190} INFO - [2026-07-01T09:32:40.787+0000] {dagbag.py:587} INFO - Filling up the DagBag from /home/airflow/.local/lib/python3.12/site-packages/airflow/example_dags/example_dataset_alias_with_no_taskflow.py
[2026-07-01T09:32:41.041+0000] {processor.py:925} INFO - DAG(s) 'dataset_s3_bucket_consumer_with_no_taskflow', 'dataset_alias_example_alias_consumer_with_no_taskflow', 'dataset_s3_bucket_producer_with_no_taskflow', 'dataset_alias_example_alias_producer_with_no_taskflow' retrieved from /home/airflow/.local/lib/python3.12/site-packages/airflow/example_dags/example_dataset_alias_with_no_taskflow.py
[2026-07-01T09:32:41.061+0000] {logging_mixin.py:190} INFO - [2026-07-01T09:32:41.061+0000] {dag.py:3211} INFO - Sync 4 DAGs
[2026-07-01T09:32:41.082+0000] {logging_mixin.py:190} INFO - [2026-07-01T09:32:41.081+0000] {dag.py:4138} INFO - Setting next_dagrun for dataset_alias_example_alias_consumer_with_no_taskflow to None, run_after=None
[2026-07-01T09:32:41.084+0000] {logging_mixin.py:190} INFO - [2026-07-01T09:32:41.084+0000] {dag.py:4138} INFO - Setting next_dagrun for dataset_alias_example_alias_producer_with_no_taskflow to None, run_after=None
[2026-07-01T09:32:41.086+0000] {logging_mixin.py:190} INFO - [2026-07-01T09:32:41.086+0000] {dag.py:4138} INFO - Setting next_dagrun for dataset_s3_bucket_consumer_with_no_taskflow to None, run_after=None
[2026-07-01T09:32:41.087+0000] {logging_mixin.py:190} INFO - [2026-07-01T09:32:41.087+0000] {dag.py:4138} INFO - Setting next_dagrun for dataset_s3_bucket_producer_with_no_taskflow to None, run_after=None
[2026-07-01T09:32:41.107+0000] {processor.py:208} INFO - Processing /home/airflow/.local/lib/python3.12/site-packages/airflow/example_dags/example_dataset_alias_with_no_taskflow.py took 0.327 seconds
[2026-07-01T09:33:11.404+0000] {processor.py:186} INFO - Started process (PID=2446) to work on /home/airflow/.local/lib/python3.12/site-packages/airflow/example_dags/example_dataset_alias_with_no_taskflow.py
[2026-07-01T09:33:11.405+0000] {processor.py:914} INFO - Processing file /home/airflow/.local/lib/python3.12/site-packages/airflow/example_dags/example_dataset_alias_with_no_taskflow.py for tasks to queue
[2026-07-01T09:33:11.407+0000] {logging_mixin.py:190} INFO - [2026-07-01T09:33:11.407+0000] {dagbag.py:587} INFO - Filling up the DagBag from /home/airflow/.local/lib/python3.12/site-packages/airflow/example_dags/example_dataset_alias_with_no_taskflow.py
[2026-07-01T09:33:11.653+0000] {processor.py:925} INFO - DAG(s) 'dataset_alias_example_alias_consumer_with_no_taskflow', 'dataset_s3_bucket_consumer_with_no_taskflow', 'dataset_alias_example_alias_producer_with_no_taskflow', 'dataset_s3_bucket_producer_with_no_taskflow' retrieved from /home/airflow/.local/lib/python3.12/site-packages/airflow/example_dags/example_dataset_alias_with_no_taskflow.py
[2026-07-01T09:33:11.667+0000] {logging_mixin.py:190} INFO - [2026-07-01T09:33:11.667+0000] {dag.py:3211} INFO - Sync 4 DAGs
[2026-07-01T09:33:11.681+0000] {logging_mixin.py:190} INFO - [2026-07-01T09:33:11.681+0000] {dag.py:4138} INFO - Setting next_dagrun for dataset_alias_example_alias_consumer_with_no_taskflow to None, run_after=None
[2026-07-01T09:33:11.683+0000] {logging_mixin.py:190} INFO - [2026-07-01T09:33:11.683+0000] {dag.py:4138} INFO - Setting next_dagrun for dataset_alias_example_alias_producer_with_no_taskflow to None, run_after=None
[2026-07-01T09:33:11.684+0000] {logging_mixin.py:190} INFO - [2026-07-01T09:33:11.684+0000] {dag.py:4138} INFO - Setting next_dagrun for dataset_s3_bucket_consumer_with_no_taskflow to None, run_after=None
[2026-07-01T09:33:11.685+0000] {logging_mixin.py:190} INFO - [2026-07-01T09:33:11.685+0000] {dag.py:4138} INFO - Setting next_dagrun for dataset_s3_bucket_producer_with_no_taskflow to None, run_after=None
[2026-07-01T09:33:11.698+0000] {processor.py:208} INFO - Processing /home/airflow/.local/lib/python3.12/site-packages/airflow/example_dags/example_dataset_alias_with_no_taskflow.py took 0.298 seconds
[2026-07-01T09:33:41.993+0000] {processor.py:186} INFO - Started process (PID=2507) to work on /home/airflow/.local/lib/python3.12/site-packages/airflow/example_dags/example_dataset_alias_with_no_taskflow.py
[2026-07-01T09:33:41.994+0000] {processor.py:914} INFO - Processing file /home/airflow/.local/lib/python3.12/site-packages/airflow/example_dags/example_dataset_alias_with_no_taskflow.py for tasks to queue
[2026-07-01T09:33:41.996+0000] {logging_mixin.py:190} INFO - [2026-07-01T09:33:41.996+0000] {dagbag.py:587} INFO - Filling up the DagBag from /home/airflow/.local/lib/python3.12/site-packages/airflow/example_dags/example_dataset_alias_with_no_taskflow.py
[2026-07-01T09:33:42.308+0000] {processor.py:925} INFO - DAG(s) 'dataset_s3_bucket_producer_with_no_taskflow', 'dataset_s3_bucket_consumer_with_no_taskflow', 'dataset_alias_example_alias_producer_with_no_taskflow', 'dataset_alias_example_alias_consumer_with_no_taskflow' retrieved from /home/airflow/.local/lib/python3.12/site-packages/airflow/example_dags/example_dataset_alias_with_no_taskflow.py
[2026-07-01T09:33:42.322+0000] {logging_mixin.py:190} INFO - [2026-07-01T09:33:42.322+0000] {dag.py:3211} INFO - Sync 4 DAGs
[2026-07-01T09:33:42.338+0000] {logging_mixin.py:190} INFO - [2026-07-01T09:33:42.338+0000] {dag.py:4138} INFO - Setting next_dagrun for dataset_alias_example_alias_consumer_with_no_taskflow to None, run_after=None
[2026-07-01T09:33:42.341+0000] {logging_mixin.py:190} INFO - [2026-07-01T09:33:42.341+0000] {dag.py:4138} INFO - Setting next_dagrun for dataset_alias_example_alias_producer_with_no_taskflow to None, run_after=None
[2026-07-01T09:33:42.344+0000] {logging_mixin.py:190} INFO - [2026-07-01T09:33:42.344+0000] {dag.py:4138} INFO - Setting next_dagrun for dataset_s3_bucket_consumer_with_no_taskflow to None, run_after=None
[2026-07-01T09:33:42.345+0000] {logging_mixin.py:190} INFO - [2026-07-01T09:33:42.345+0000] {dag.py:4138} INFO - Setting next_dagrun for dataset_s3_bucket_producer_with_no_taskflow to None, run_after=None
[2026-07-01T09:33:42.364+0000] {processor.py:208} INFO - Processing /home/airflow/.local/lib/python3.12/site-packages/airflow/example_dags/example_dataset_alias_with_no_taskflow.py took 0.377 seconds
[2026-07-01T09:34:12.840+0000] {processor.py:186} INFO - Started process (PID=2568) to work on /home/airflow/.local/lib/python3.12/site-packages/airflow/example_dags/example_dataset_alias_with_no_taskflow.py
[2026-07-01T09:34:12.842+0000] {processor.py:914} INFO - Processing file /home/airflow/.local/lib/python3.12/site-packages/airflow/example_dags/example_dataset_alias_with_no_taskflow.py for tasks to queue
[2026-07-01T09:34:12.844+0000] {logging_mixin.py:190} INFO - [2026-07-01T09:34:12.843+0000] {dagbag.py:587} INFO - Filling up the DagBag from /home/airflow/.local/lib/python3.12/site-packages/airflow/example_dags/example_dataset_alias_with_no_taskflow.py
[2026-07-01T09:34:13.088+0000] {processor.py:925} INFO - DAG(s) 'dataset_s3_bucket_producer_with_no_taskflow', 'dataset_alias_example_alias_producer_with_no_taskflow', 'dataset_alias_example_alias_consumer_with_no_taskflow', 'dataset_s3_bucket_consumer_with_no_taskflow' retrieved from /home/airflow/.local/lib/python3.12/site-packages/airflow/example_dags/example_dataset_alias_with_no_taskflow.py
[2026-07-01T09:34:13.101+0000] {logging_mixin.py:190} INFO - [2026-07-01T09:34:13.101+0000] {dag.py:3211} INFO - Sync 4 DAGs
[2026-07-01T09:34:13.115+0000] {logging_mixin.py:190} INFO - [2026-07-01T09:34:13.115+0000] {dag.py:4138} INFO - Setting next_dagrun for dataset_alias_example_alias_consumer_with_no_taskflow to None, run_after=None
[2026-07-01T09:34:13.117+0000] {logging_mixin.py:190} INFO - [2026-07-01T09:34:13.117+0000] {dag.py:4138} INFO - Setting next_dagrun for dataset_alias_example_alias_producer_with_no_taskflow to None, run_after=None
[2026-07-01T09:34:13.118+0000] {logging_mixin.py:190} INFO - [2026-07-01T09:34:13.118+0000] {dag.py:4138} INFO - Setting next_dagrun for dataset_s3_bucket_consumer_with_no_taskflow to None, run_after=None
[2026-07-01T09:34:13.120+0000] {logging_mixin.py:190} INFO - [2026-07-01T09:34:13.120+0000] {dag.py:4138} INFO - Setting next_dagrun for dataset_s3_bucket_producer_with_no_taskflow to None, run_after=None
[2026-07-01T09:34:13.136+0000] {processor.py:208} INFO - Processing /home/airflow/.local/lib/python3.12/site-packages/airflow/example_dags/example_dataset_alias_with_no_taskflow.py took 0.300 seconds
[2026-07-01T09:34:43.832+0000] {processor.py:186} INFO - Started process (PID=2630) to work on /home/airflow/.local/lib/python3.12/site-packages/airflow/example_dags/example_dataset_alias_with_no_taskflow.py
[2026-07-01T09:34:43.833+0000] {processor.py:914} INFO - Processing file /home/airflow/.local/lib/python3.12/site-packages/airflow/example_dags/example_dataset_alias_with_no_taskflow.py for tasks to queue
[2026-07-01T09:34:43.835+0000] {logging_mixin.py:190} INFO - [2026-07-01T09:34:43.834+0000] {dagbag.py:587} INFO - Filling up the DagBag from /home/airflow/.local/lib/python3.12/site-packages/airflow/example_dags/example_dataset_alias_with_no_taskflow.py
[2026-07-01T09:34:44.107+0000] {processor.py:925} INFO - DAG(s) 'dataset_alias_example_alias_consumer_with_no_taskflow', 'dataset_s3_bucket_consumer_with_no_taskflow', 'dataset_alias_example_alias_producer_with_no_taskflow', 'dataset_s3_bucket_producer_with_no_taskflow' retrieved from /home/airflow/.local/lib/python3.12/site-packages/airflow/example_dags/example_dataset_alias_with_no_taskflow.py
[2026-07-01T09:34:44.120+0000] {logging_mixin.py:190} INFO - [2026-07-01T09:34:44.120+0000] {dag.py:3211} INFO - Sync 4 DAGs
[2026-07-01T09:34:44.135+0000] {logging_mixin.py:190} INFO - [2026-07-01T09:34:44.134+0000] {dag.py:4138} INFO - Setting next_dagrun for dataset_alias_example_alias_consumer_with_no_taskflow to None, run_after=None
[2026-07-01T09:34:44.137+0000] {logging_mixin.py:190} INFO - [2026-07-01T09:34:44.136+0000] {dag.py:4138} INFO - Setting next_dagrun for dataset_alias_example_alias_producer_with_no_taskflow to None, run_after=None
[2026-07-01T09:34:44.138+0000] {logging_mixin.py:190} INFO - [2026-07-01T09:34:44.137+0000] {dag.py:4138} INFO - Setting next_dagrun for dataset_s3_bucket_consumer_with_no_taskflow to None, run_after=None
[2026-07-01T09:34:44.139+0000] {logging_mixin.py:190} INFO - [2026-07-01T09:34:44.138+0000] {dag.py:4138} INFO - Setting next_dagrun for dataset_s3_bucket_producer_with_no_taskflow to None, run_after=None
[2026-07-01T09:34:44.153+0000] {processor.py:208} INFO - Processing /home/airflow/.local/lib/python3.12/site-packages/airflow/example_dags/example_dataset_alias_with_no_taskflow.py took 0.326 seconds
[2026-07-01T09:35:14.613+0000] {processor.py:186} INFO - Started process (PID=2692) to work on /home/airflow/.local/lib/python3.12/site-packages/airflow/example_dags/example_dataset_alias_with_no_taskflow.py
[2026-07-01T09:35:14.614+0000] {processor.py:914} INFO - Processing file /home/airflow/.local/lib/python3.12/site-packages/airflow/example_dags/example_dataset_alias_with_no_taskflow.py for tasks to queue
[2026-07-01T09:35:14.616+0000] {logging_mixin.py:190} INFO - [2026-07-01T09:35:14.616+0000] {dagbag.py:587} INFO - Filling up the DagBag from /home/airflow/.local/lib/python3.12/site-packages/airflow/example_dags/example_dataset_alias_with_no_taskflow.py
[2026-07-01T09:35:14.851+0000] {processor.py:925} INFO - DAG(s) 'dataset_s3_bucket_consumer_with_no_taskflow', 'dataset_alias_example_alias_producer_with_no_taskflow', 'dataset_s3_bucket_producer_with_no_taskflow', 'dataset_alias_example_alias_consumer_with_no_taskflow' retrieved from /home/airflow/.local/lib/python3.12/site-packages/airflow/example_dags/example_dataset_alias_with_no_taskflow.py
[2026-07-01T09:35:14.863+0000] {logging_mixin.py:190} INFO - [2026-07-01T09:35:14.862+0000] {dag.py:3211} INFO - Sync 4 DAGs
[2026-07-01T09:35:14.874+0000] {logging_mixin.py:190} INFO - [2026-07-01T09:35:14.874+0000] {dag.py:4138} INFO - Setting next_dagrun for dataset_alias_example_alias_consumer_with_no_taskflow to None, run_after=None
[2026-07-01T09:35:14.876+0000] {logging_mixin.py:190} INFO - [2026-07-01T09:35:14.876+0000] {dag.py:4138} INFO - Setting next_dagrun for dataset_alias_example_alias_producer_with_no_taskflow to None, run_after=None
[2026-07-01T09:35:14.877+0000] {logging_mixin.py:190} INFO - [2026-07-01T09:35:14.877+0000] {dag.py:4138} INFO - Setting next_dagrun for dataset_s3_bucket_consumer_with_no_taskflow to None, run_after=None
[2026-07-01T09:35:14.878+0000] {logging_mixin.py:190} INFO - [2026-07-01T09:35:14.878+0000] {dag.py:4138} INFO - Setting next_dagrun for dataset_s3_bucket_producer_with_no_taskflow to None, run_after=None
[2026-07-01T09:35:14.891+0000] {processor.py:208} INFO - Processing /home/airflow/.local/lib/python3.12/site-packages/airflow/example_dags/example_dataset_alias_with_no_taskflow.py took 0.283 seconds
[2026-07-01T09:35:45.060+0000] {processor.py:186} INFO - Started process (PID=2754) to work on /home/airflow/.local/lib/python3.12/site-packages/airflow/example_dags/example_dataset_alias_with_no_taskflow.py
[2026-07-01T09:35:45.062+0000] {processor.py:914} INFO - Processing file /home/airflow/.local/lib/python3.12/site-packages/airflow/example_dags/example_dataset_alias_with_no_taskflow.py for tasks to queue
[2026-07-01T09:35:45.064+0000] {logging_mixin.py:190} INFO - [2026-07-01T09:35:45.064+0000] {dagbag.py:587} INFO - Filling up the DagBag from /home/airflow/.local/lib/python3.12/site-packages/airflow/example_dags/example_dataset_alias_with_no_taskflow.py
[2026-07-01T09:35:45.330+0000] {processor.py:925} INFO - DAG(s) 'dataset_alias_example_alias_consumer_with_no_taskflow', 'dataset_s3_bucket_producer_with_no_taskflow', 'dataset_alias_example_alias_producer_with_no_taskflow', 'dataset_s3_bucket_consumer_with_no_taskflow' retrieved from /home/airflow/.local/lib/python3.12/site-packages/airflow/example_dags/example_dataset_alias_with_no_taskflow.py
[2026-07-01T09:35:45.346+0000] {logging_mixin.py:190} INFO - [2026-07-01T09:35:45.346+0000] {dag.py:3211} INFO - Sync 4 DAGs
[2026-07-01T09:35:45.362+0000] {logging_mixin.py:190} INFO - [2026-07-01T09:35:45.361+0000] {dag.py:4138} INFO - Setting next_dagrun for dataset_alias_example_alias_consumer_with_no_taskflow to None, run_after=None
[2026-07-01T09:35:45.363+0000] {logging_mixin.py:190} INFO - [2026-07-01T09:35:45.363+0000] {dag.py:4138} INFO - Setting next_dagrun for dataset_alias_example_alias_producer_with_no_taskflow to None, run_after=None
[2026-07-01T09:35:45.365+0000] {logging_mixin.py:190} INFO - [2026-07-01T09:35:45.364+0000] {dag.py:4138} INFO - Setting next_dagrun for dataset_s3_bucket_consumer_with_no_taskflow to None, run_after=None
[2026-07-01T09:35:45.366+0000] {logging_mixin.py:190} INFO - [2026-07-01T09:35:45.365+0000] {dag.py:4138} INFO - Setting next_dagrun for dataset_s3_bucket_producer_with_no_taskflow to None, run_after=None
[2026-07-01T09:35:45.379+0000] {processor.py:208} INFO - Processing /home/airflow/.local/lib/python3.12/site-packages/airflow/example_dags/example_dataset_alias_with_no_taskflow.py took 0.324 seconds
[2026-07-01T09:36:15.800+0000] {processor.py:186} INFO - Started process (PID=2816) to work on /home/airflow/.local/lib/python3.12/site-packages/airflow/example_dags/example_dataset_alias_with_no_taskflow.py
[2026-07-01T09:36:15.801+0000] {processor.py:914} INFO - Processing file /home/airflow/.local/lib/python3.12/site-packages/airflow/example_dags/example_dataset_alias_with_no_taskflow.py for tasks to queue
[2026-07-01T09:36:15.804+0000] {logging_mixin.py:190} INFO - [2026-07-01T09:36:15.803+0000] {dagbag.py:587} INFO - Filling up the DagBag from /home/airflow/.local/lib/python3.12/site-packages/airflow/example_dags/example_dataset_alias_with_no_taskflow.py
[2026-07-01T09:36:16.051+0000] {processor.py:925} INFO - DAG(s) 'dataset_s3_bucket_consumer_with_no_taskflow', 'dataset_alias_example_alias_producer_with_no_taskflow', 'dataset_s3_bucket_producer_with_no_taskflow', 'dataset_alias_example_alias_consumer_with_no_taskflow' retrieved from /home/airflow/.local/lib/python3.12/site-packages/airflow/example_dags/example_dataset_alias_with_no_taskflow.py
[2026-07-01T09:36:16.067+0000] {logging_mixin.py:190} INFO - [2026-07-01T09:36:16.067+0000] {dag.py:3211} INFO - Sync 4 DAGs
[2026-07-01T09:36:16.086+0000] {logging_mixin.py:190} INFO - [2026-07-01T09:36:16.086+0000] {dag.py:4138} INFO - Setting next_dagrun for dataset_alias_example_alias_consumer_with_no_taskflow to None, run_after=None
[2026-07-01T09:36:16.090+0000] {logging_mixin.py:190} INFO - [2026-07-01T09:36:16.089+0000] {dag.py:4138} INFO - Setting next_dagrun for dataset_alias_example_alias_producer_with_no_taskflow to None, run_after=None
[2026-07-01T09:36:16.097+0000] {logging_mixin.py:190} INFO - [2026-07-01T09:36:16.096+0000] {dag.py:4138} INFO - Setting next_dagrun for dataset_s3_bucket_consumer_with_no_taskflow to None, run_after=None
[2026-07-01T09:36:16.102+0000] {logging_mixin.py:190} INFO - [2026-07-01T09:36:16.101+0000] {dag.py:4138} INFO - Setting next_dagrun for dataset_s3_bucket_producer_with_no_taskflow to None, run_after=None
[2026-07-01T09:36:16.133+0000] {processor.py:208} INFO - Processing /home/airflow/.local/lib/python3.12/site-packages/airflow/example_dags/example_dataset_alias_with_no_taskflow.py took 0.337 seconds
[2026-07-01T09:36:46.702+0000] {processor.py:186} INFO - Started process (PID=2878) to work on /home/airflow/.local/lib/python3.12/site-packages/airflow/example_dags/example_dataset_alias_with_no_taskflow.py
[2026-07-01T09:36:46.704+0000] {processor.py:914} INFO - Processing file /home/airflow/.local/lib/python3.12/site-packages/airflow/example_dags/example_dataset_alias_with_no_taskflow.py for tasks to queue
[2026-07-01T09:36:46.706+0000] {logging_mixin.py:190} INFO - [2026-07-01T09:36:46.705+0000] {dagbag.py:587} INFO - Filling up the DagBag from /home/airflow/.local/lib/python3.12/site-packages/airflow/example_dags/example_dataset_alias_with_no_taskflow.py
[2026-07-01T09:36:46.944+0000] {processor.py:925} INFO - DAG(s) 'dataset_alias_example_alias_producer_with_no_taskflow', 'dataset_s3_bucket_consumer_with_no_taskflow', 'dataset_s3_bucket_producer_with_no_taskflow', 'dataset_alias_example_alias_consumer_with_no_taskflow' retrieved from /home/airflow/.local/lib/python3.12/site-packages/airflow/example_dags/example_dataset_alias_with_no_taskflow.py
[2026-07-01T09:36:46.956+0000] {logging_mixin.py:190} INFO - [2026-07-01T09:36:46.956+0000] {dag.py:3211} INFO - Sync 4 DAGs
[2026-07-01T09:36:46.969+0000] {logging_mixin.py:190} INFO - [2026-07-01T09:36:46.969+0000] {dag.py:4138} INFO - Setting next_dagrun for dataset_alias_example_alias_consumer_with_no_taskflow to None, run_after=None
[2026-07-01T09:36:46.971+0000] {logging_mixin.py:190} INFO - [2026-07-01T09:36:46.971+0000] {dag.py:4138} INFO - Setting next_dagrun for dataset_alias_example_alias_producer_with_no_taskflow to None, run_after=None
[2026-07-01T09:36:46.972+0000] {logging_mixin.py:190} INFO - [2026-07-01T09:36:46.972+0000] {dag.py:4138} INFO - Setting next_dagrun for dataset_s3_bucket_consumer_with_no_taskflow to None, run_after=None
[2026-07-01T09:36:46.973+0000] {logging_mixin.py:190} INFO - [2026-07-01T09:36:46.973+0000] {dag.py:4138} INFO - Setting next_dagrun for dataset_s3_bucket_producer_with_no_taskflow to None, run_after=None
[2026-07-01T09:36:46.985+0000] {processor.py:208} INFO - Processing /home/airflow/.local/lib/python3.12/site-packages/airflow/example_dags/example_dataset_alias_with_no_taskflow.py took 0.288 seconds
[2026-07-01T09:37:18.567+0000] {processor.py:186} INFO - Started process (PID=2940) to work on /home/airflow/.local/lib/python3.12/site-packages/airflow/example_dags/example_dataset_alias_with_no_taskflow.py
[2026-07-01T09:37:18.569+0000] {processor.py:914} INFO - Processing file /home/airflow/.local/lib/python3.12/site-packages/airflow/example_dags/example_dataset_alias_with_no_taskflow.py for tasks to queue
[2026-07-01T09:37:18.571+0000] {logging_mixin.py:190} INFO - [2026-07-01T09:37:18.571+0000] {dagbag.py:587} INFO - Filling up the DagBag from /home/airflow/.local/lib/python3.12/site-packages/airflow/example_dags/example_dataset_alias_with_no_taskflow.py
[2026-07-01T09:37:18.870+0000] {processor.py:925} INFO - DAG(s) 'dataset_s3_bucket_producer_with_no_taskflow', 'dataset_s3_bucket_consumer_with_no_taskflow', 'dataset_alias_example_alias_consumer_with_no_taskflow', 'dataset_alias_example_alias_producer_with_no_taskflow' retrieved from /home/airflow/.local/lib/python3.12/site-packages/airflow/example_dags/example_dataset_alias_with_no_taskflow.py
[2026-07-01T09:37:18.883+0000] {logging_mixin.py:190} INFO - [2026-07-01T09:37:18.883+0000] {dag.py:3211} INFO - Sync 4 DAGs
[2026-07-01T09:37:18.897+0000] {logging_mixin.py:190} INFO - [2026-07-01T09:37:18.896+0000] {dag.py:4138} INFO - Setting next_dagrun for dataset_alias_example_alias_consumer_with_no_taskflow to None, run_after=None
[2026-07-01T09:37:18.899+0000] {logging_mixin.py:190} INFO - [2026-07-01T09:37:18.899+0000] {dag.py:4138} INFO - Setting next_dagrun for dataset_alias_example_alias_producer_with_no_taskflow to None, run_after=None
[2026-07-01T09:37:18.900+0000] {logging_mixin.py:190} INFO - [2026-07-01T09:37:18.900+0000] {dag.py:4138} INFO - Setting next_dagrun for dataset_s3_bucket_consumer_with_no_taskflow to None, run_after=None
[2026-07-01T09:37:18.902+0000] {logging_mixin.py:190} INFO - [2026-07-01T09:37:18.902+0000] {dag.py:4138} INFO - Setting next_dagrun for dataset_s3_bucket_producer_with_no_taskflow to None, run_after=None
[2026-07-01T09:37:18.916+0000] {processor.py:208} INFO - Processing /home/airflow/.local/lib/python3.12/site-packages/airflow/example_dags/example_dataset_alias_with_no_taskflow.py took 0.353 seconds
[2026-07-01T09:37:49.745+0000] {processor.py:186} INFO - Started process (PID=3008) to work on /home/airflow/.local/lib/python3.12/site-packages/airflow/example_dags/example_dataset_alias_with_no_taskflow.py
[2026-07-01T09:37:49.746+0000] {processor.py:914} INFO - Processing file /home/airflow/.local/lib/python3.12/site-packages/airflow/example_dags/example_dataset_alias_with_no_taskflow.py for tasks to queue
[2026-07-01T09:37:49.748+0000] {logging_mixin.py:190} INFO - [2026-07-01T09:37:49.748+0000] {dagbag.py:587} INFO - Filling up the DagBag from /home/airflow/.local/lib/python3.12/site-packages/airflow/example_dags/example_dataset_alias_with_no_taskflow.py
[2026-07-01T09:37:50.020+0000] {processor.py:925} INFO - DAG(s) 'dataset_s3_bucket_producer_with_no_taskflow', 'dataset_alias_example_alias_producer_with_no_taskflow', 'dataset_s3_bucket_consumer_with_no_taskflow', 'dataset_alias_example_alias_consumer_with_no_taskflow' retrieved from /home/airflow/.local/lib/python3.12/site-packages/airflow/example_dags/example_dataset_alias_with_no_taskflow.py
[2026-07-01T09:37:50.036+0000] {logging_mixin.py:190} INFO - [2026-07-01T09:37:50.035+0000] {dag.py:3211} INFO - Sync 4 DAGs
[2026-07-01T09:37:50.051+0000] {logging_mixin.py:190} INFO - [2026-07-01T09:37:50.051+0000] {dag.py:4138} INFO - Setting next_dagrun for dataset_alias_example_alias_consumer_with_no_taskflow to None, run_after=None
[2026-07-01T09:37:50.054+0000] {logging_mixin.py:190} INFO - [2026-07-01T09:37:50.054+0000] {dag.py:4138} INFO - Setting next_dagrun for dataset_alias_example_alias_producer_with_no_taskflow to None, run_after=None
[2026-07-01T09:37:50.057+0000] {logging_mixin.py:190} INFO - [2026-07-01T09:37:50.056+0000] {dag.py:4138} INFO - Setting next_dagrun for dataset_s3_bucket_consumer_with_no_taskflow to None, run_after=None
[2026-07-01T09:37:50.058+0000] {logging_mixin.py:190} INFO - [2026-07-01T09:37:50.057+0000] {dag.py:4138} INFO - Setting next_dagrun for dataset_s3_bucket_producer_with_no_taskflow to None, run_after=None
[2026-07-01T09:37:50.075+0000] {processor.py:208} INFO - Processing /home/airflow/.local/lib/python3.12/site-packages/airflow/example_dags/example_dataset_alias_with_no_taskflow.py took 0.335 seconds
[2026-07-01T09:38:20.587+0000] {processor.py:186} INFO - Started process (PID=3070) to work on /home/airflow/.local/lib/python3.12/site-packages/airflow/example_dags/example_dataset_alias_with_no_taskflow.py
[2026-07-01T09:38:20.587+0000] {processor.py:914} INFO - Processing file /home/airflow/.local/lib/python3.12/site-packages/airflow/example_dags/example_dataset_alias_with_no_taskflow.py for tasks to queue
[2026-07-01T09:38:20.589+0000] {logging_mixin.py:190} INFO - [2026-07-01T09:38:20.589+0000] {dagbag.py:587} INFO - Filling up the DagBag from /home/airflow/.local/lib/python3.12/site-packages/airflow/example_dags/example_dataset_alias_with_no_taskflow.py
[2026-07-01T09:38:20.828+0000] {processor.py:925} INFO - DAG(s) 'dataset_alias_example_alias_producer_with_no_taskflow', 'dataset_s3_bucket_consumer_with_no_taskflow', 'dataset_alias_example_alias_consumer_with_no_taskflow', 'dataset_s3_bucket_producer_with_no_taskflow' retrieved from /home/airflow/.local/lib/python3.12/site-packages/airflow/example_dags/example_dataset_alias_with_no_taskflow.py
[2026-07-01T09:38:20.842+0000] {logging_mixin.py:190} INFO - [2026-07-01T09:38:20.842+0000] {dag.py:3211} INFO - Sync 4 DAGs
[2026-07-01T09:38:20.855+0000] {logging_mixin.py:190} INFO - [2026-07-01T09:38:20.855+0000] {dag.py:4138} INFO - Setting next_dagrun for dataset_alias_example_alias_consumer_with_no_taskflow to None, run_after=None
[2026-07-01T09:38:20.857+0000] {logging_mixin.py:190} INFO - [2026-07-01T09:38:20.857+0000] {dag.py:4138} INFO - Setting next_dagrun for dataset_alias_example_alias_producer_with_no_taskflow to None, run_after=None
[2026-07-01T09:38:20.859+0000] {logging_mixin.py:190} INFO - [2026-07-01T09:38:20.858+0000] {dag.py:4138} INFO - Setting next_dagrun for dataset_s3_bucket_consumer_with_no_taskflow to None, run_after=None
[2026-07-01T09:38:20.860+0000] {logging_mixin.py:190} INFO - [2026-07-01T09:38:20.860+0000] {dag.py:4138} INFO - Setting next_dagrun for dataset_s3_bucket_producer_with_no_taskflow to None, run_after=None
[2026-07-01T09:38:20.877+0000] {processor.py:208} INFO - Processing /home/airflow/.local/lib/python3.12/site-packages/airflow/example_dags/example_dataset_alias_with_no_taskflow.py took 0.294 seconds
[2026-07-01T09:38:50.919+0000] {processor.py:186} INFO - Started process (PID=3132) to work on /home/airflow/.local/lib/python3.12/site-packages/airflow/example_dags/example_dataset_alias_with_no_taskflow.py
[2026-07-01T09:38:50.920+0000] {processor.py:914} INFO - Processing file /home/airflow/.local/lib/python3.12/site-packages/airflow/example_dags/example_dataset_alias_with_no_taskflow.py for tasks to queue
[2026-07-01T09:38:50.922+0000] {logging_mixin.py:190} INFO - [2026-07-01T09:38:50.922+0000] {dagbag.py:587} INFO - Filling up the DagBag from /home/airflow/.local/lib/python3.12/site-packages/airflow/example_dags/example_dataset_alias_with_no_taskflow.py
[2026-07-01T09:38:51.155+0000] {processor.py:925} INFO - DAG(s) 'dataset_alias_example_alias_consumer_with_no_taskflow', 'dataset_s3_bucket_producer_with_no_taskflow', 'dataset_alias_example_alias_producer_with_no_taskflow', 'dataset_s3_bucket_consumer_with_no_taskflow' retrieved from /home/airflow/.local/lib/python3.12/site-packages/airflow/example_dags/example_dataset_alias_with_no_taskflow.py
[2026-07-01T09:38:51.167+0000] {logging_mixin.py:190} INFO - [2026-07-01T09:38:51.167+0000] {dag.py:3211} INFO - Sync 4 DAGs
[2026-07-01T09:38:51.180+0000] {logging_mixin.py:190} INFO - [2026-07-01T09:38:51.180+0000] {dag.py:4138} INFO - Setting next_dagrun for dataset_alias_example_alias_consumer_with_no_taskflow to None, run_after=None
[2026-07-01T09:38:51.182+0000] {logging_mixin.py:190} INFO - [2026-07-01T09:38:51.182+0000] {dag.py:4138} INFO - Setting next_dagrun for dataset_alias_example_alias_producer_with_no_taskflow to None, run_after=None
[2026-07-01T09:38:51.184+0000] {logging_mixin.py:190} INFO - [2026-07-01T09:38:51.183+0000] {dag.py:4138} INFO - Setting next_dagrun for dataset_s3_bucket_consumer_with_no_taskflow to None, run_after=None
[2026-07-01T09:38:51.185+0000] {logging_mixin.py:190} INFO - [2026-07-01T09:38:51.185+0000] {dag.py:4138} INFO - Setting next_dagrun for dataset_s3_bucket_producer_with_no_taskflow to None, run_after=None
[2026-07-01T09:38:51.198+0000] {processor.py:208} INFO - Processing /home/airflow/.local/lib/python3.12/site-packages/airflow/example_dags/example_dataset_alias_with_no_taskflow.py took 0.284 seconds
[2026-07-01T09:39:21.741+0000] {processor.py:186} INFO - Started process (PID=3194) to work on /home/airflow/.local/lib/python3.12/site-packages/airflow/example_dags/example_dataset_alias_with_no_taskflow.py
[2026-07-01T09:39:21.743+0000] {processor.py:914} INFO - Processing file /home/airflow/.local/lib/python3.12/site-packages/airflow/example_dags/example_dataset_alias_with_no_taskflow.py for tasks to queue
[2026-07-01T09:39:21.746+0000] {logging_mixin.py:190} INFO - [2026-07-01T09:39:21.745+0000] {dagbag.py:587} INFO - Filling up the DagBag from /home/airflow/.local/lib/python3.12/site-packages/airflow/example_dags/example_dataset_alias_with_no_taskflow.py
[2026-07-01T09:39:22.020+0000] {processor.py:925} INFO - DAG(s) 'dataset_s3_bucket_consumer_with_no_taskflow', 'dataset_s3_bucket_producer_with_no_taskflow', 'dataset_alias_example_alias_producer_with_no_taskflow', 'dataset_alias_example_alias_consumer_with_no_taskflow' retrieved from /home/airflow/.local/lib/python3.12/site-packages/airflow/example_dags/example_dataset_alias_with_no_taskflow.py
[2026-07-01T09:39:22.034+0000] {logging_mixin.py:190} INFO - [2026-07-01T09:39:22.034+0000] {dag.py:3211} INFO - Sync 4 DAGs
[2026-07-01T09:39:22.047+0000] {logging_mixin.py:190} INFO - [2026-07-01T09:39:22.047+0000] {dag.py:4138} INFO - Setting next_dagrun for dataset_alias_example_alias_consumer_with_no_taskflow to None, run_after=None
[2026-07-01T09:39:22.049+0000] {logging_mixin.py:190} INFO - [2026-07-01T09:39:22.049+0000] {dag.py:4138} INFO - Setting next_dagrun for dataset_alias_example_alias_producer_with_no_taskflow to None, run_after=None
[2026-07-01T09:39:22.050+0000] {logging_mixin.py:190} INFO - [2026-07-01T09:39:22.050+0000] {dag.py:4138} INFO - Setting next_dagrun for dataset_s3_bucket_consumer_with_no_taskflow to None, run_after=None
[2026-07-01T09:39:22.051+0000] {logging_mixin.py:190} INFO - [2026-07-01T09:39:22.051+0000] {dag.py:4138} INFO - Setting next_dagrun for dataset_s3_bucket_producer_with_no_taskflow to None, run_after=None
[2026-07-01T09:39:22.064+0000] {processor.py:208} INFO - Processing /home/airflow/.local/lib/python3.12/site-packages/airflow/example_dags/example_dataset_alias_with_no_taskflow.py took 0.327 seconds
[2026-07-01T09:39:52.794+0000] {processor.py:186} INFO - Started process (PID=3256) to work on /home/airflow/.local/lib/python3.12/site-packages/airflow/example_dags/example_dataset_alias_with_no_taskflow.py
[2026-07-01T09:39:52.795+0000] {processor.py:914} INFO - Processing file /home/airflow/.local/lib/python3.12/site-packages/airflow/example_dags/example_dataset_alias_with_no_taskflow.py for tasks to queue
[2026-07-01T09:39:52.797+0000] {logging_mixin.py:190} INFO - [2026-07-01T09:39:52.797+0000] {dagbag.py:587} INFO - Filling up the DagBag from /home/airflow/.local/lib/python3.12/site-packages/airflow/example_dags/example_dataset_alias_with_no_taskflow.py
[2026-07-01T09:39:53.029+0000] {processor.py:925} INFO - DAG(s) 'dataset_alias_example_alias_consumer_with_no_taskflow', 'dataset_s3_bucket_producer_with_no_taskflow', 'dataset_s3_bucket_consumer_with_no_taskflow', 'dataset_alias_example_alias_producer_with_no_taskflow' retrieved from /home/airflow/.local/lib/python3.12/site-packages/airflow/example_dags/example_dataset_alias_with_no_taskflow.py
[2026-07-01T09:39:53.049+0000] {logging_mixin.py:190} INFO - [2026-07-01T09:39:53.049+0000] {dag.py:3211} INFO - Sync 4 DAGs
[2026-07-01T09:39:53.063+0000] {logging_mixin.py:190} INFO - [2026-07-01T09:39:53.063+0000] {dag.py:4138} INFO - Setting next_dagrun for dataset_alias_example_alias_consumer_with_no_taskflow to None, run_after=None
[2026-07-01T09:39:53.065+0000] {logging_mixin.py:190} INFO - [2026-07-01T09:39:53.065+0000] {dag.py:4138} INFO - Setting next_dagrun for dataset_alias_example_alias_producer_with_no_taskflow to None, run_after=None
[2026-07-01T09:39:53.066+0000] {logging_mixin.py:190} INFO - [2026-07-01T09:39:53.066+0000] {dag.py:4138} INFO - Setting next_dagrun for dataset_s3_bucket_consumer_with_no_taskflow to None, run_after=None
[2026-07-01T09:39:53.067+0000] {logging_mixin.py:190} INFO - [2026-07-01T09:39:53.067+0000] {dag.py:4138} INFO - Setting next_dagrun for dataset_s3_bucket_producer_with_no_taskflow to None, run_after=None
[2026-07-01T09:39:53.084+0000] {processor.py:208} INFO - Processing /home/airflow/.local/lib/python3.12/site-packages/airflow/example_dags/example_dataset_alias_with_no_taskflow.py took 0.295 seconds
[2026-07-01T09:40:23.815+0000] {processor.py:186} INFO - Started process (PID=3318) to work on /home/airflow/.local/lib/python3.12/site-packages/airflow/example_dags/example_dataset_alias_with_no_taskflow.py
[2026-07-01T09:40:23.816+0000] {processor.py:914} INFO - Processing file /home/airflow/.local/lib/python3.12/site-packages/airflow/example_dags/example_dataset_alias_with_no_taskflow.py for tasks to queue
[2026-07-01T09:40:23.818+0000] {logging_mixin.py:190} INFO - [2026-07-01T09:40:23.817+0000] {dagbag.py:587} INFO - Filling up the DagBag from /home/airflow/.local/lib/python3.12/site-packages/airflow/example_dags/example_dataset_alias_with_no_taskflow.py
[2026-07-01T09:40:23.922+0000] {processor.py:925} INFO - DAG(s) 'dataset_s3_bucket_consumer_with_no_taskflow', 'dataset_s3_bucket_producer_with_no_taskflow', 'dataset_alias_example_alias_producer_with_no_taskflow', 'dataset_alias_example_alias_consumer_with_no_taskflow' retrieved from /home/airflow/.local/lib/python3.12/site-packages/airflow/example_dags/example_dataset_alias_with_no_taskflow.py
[2026-07-01T09:40:23.935+0000] {logging_mixin.py:190} INFO - [2026-07-01T09:40:23.935+0000] {dag.py:3211} INFO - Sync 4 DAGs
[2026-07-01T09:40:23.949+0000] {logging_mixin.py:190} INFO - [2026-07-01T09:40:23.949+0000] {dag.py:4138} INFO - Setting next_dagrun for dataset_alias_example_alias_consumer_with_no_taskflow to None, run_after=None
[2026-07-01T09:40:23.951+0000] {logging_mixin.py:190} INFO - [2026-07-01T09:40:23.951+0000] {dag.py:4138} INFO - Setting next_dagrun for dataset_alias_example_alias_producer_with_no_taskflow to None, run_after=None
[2026-07-01T09:40:23.952+0000] {logging_mixin.py:190} INFO - [2026-07-01T09:40:23.952+0000] {dag.py:4138} INFO - Setting next_dagrun for dataset_s3_bucket_consumer_with_no_taskflow to None, run_after=None
[2026-07-01T09:40:23.953+0000] {logging_mixin.py:190} INFO - [2026-07-01T09:40:23.953+0000] {dag.py:4138} INFO - Setting next_dagrun for dataset_s3_bucket_producer_with_no_taskflow to None, run_after=None
[2026-07-01T09:40:23.968+0000] {processor.py:208} INFO - Processing /home/airflow/.local/lib/python3.12/site-packages/airflow/example_dags/example_dataset_alias_with_no_taskflow.py took 0.158 seconds
[2026-07-01T09:40:54.164+0000] {processor.py:186} INFO - Started process (PID=3380) to work on /home/airflow/.local/lib/python3.12/site-packages/airflow/example_dags/example_dataset_alias_with_no_taskflow.py
[2026-07-01T09:40:54.165+0000] {processor.py:914} INFO - Processing file /home/airflow/.local/lib/python3.12/site-packages/airflow/example_dags/example_dataset_alias_with_no_taskflow.py for tasks to queue
[2026-07-01T09:40:54.167+0000] {logging_mixin.py:190} INFO - [2026-07-01T09:40:54.166+0000] {dagbag.py:587} INFO - Filling up the DagBag from /home/airflow/.local/lib/python3.12/site-packages/airflow/example_dags/example_dataset_alias_with_no_taskflow.py
[2026-07-01T09:40:54.279+0000] {processor.py:925} INFO - DAG(s) 'dataset_alias_example_alias_consumer_with_no_taskflow', 'dataset_s3_bucket_consumer_with_no_taskflow', 'dataset_s3_bucket_producer_with_no_taskflow', 'dataset_alias_example_alias_producer_with_no_taskflow' retrieved from /home/airflow/.local/lib/python3.12/site-packages/airflow/example_dags/example_dataset_alias_with_no_taskflow.py
[2026-07-01T09:40:54.294+0000] {logging_mixin.py:190} INFO - [2026-07-01T09:40:54.294+0000] {dag.py:3211} INFO - Sync 4 DAGs
[2026-07-01T09:40:54.310+0000] {logging_mixin.py:190} INFO - [2026-07-01T09:40:54.310+0000] {dag.py:4138} INFO - Setting next_dagrun for dataset_alias_example_alias_consumer_with_no_taskflow to None, run_after=None
[2026-07-01T09:40:54.312+0000] {logging_mixin.py:190} INFO - [2026-07-01T09:40:54.312+0000] {dag.py:4138} INFO - Setting next_dagrun for dataset_alias_example_alias_producer_with_no_taskflow to None, run_after=None
[2026-07-01T09:40:54.315+0000] {logging_mixin.py:190} INFO - [2026-07-01T09:40:54.315+0000] {dag.py:4138} INFO - Setting next_dagrun for dataset_s3_bucket_consumer_with_no_taskflow to None, run_after=None
[2026-07-01T09:40:54.316+0000] {logging_mixin.py:190} INFO - [2026-07-01T09:40:54.316+0000] {dag.py:4138} INFO - Setting next_dagrun for dataset_s3_bucket_producer_with_no_taskflow to None, run_after=None
[2026-07-01T09:40:54.331+0000] {processor.py:208} INFO - Processing /home/airflow/.local/lib/python3.12/site-packages/airflow/example_dags/example_dataset_alias_with_no_taskflow.py took 0.172 seconds
[2026-07-01T09:41:24.516+0000] {processor.py:186} INFO - Started process (PID=3442) to work on /home/airflow/.local/lib/python3.12/site-packages/airflow/example_dags/example_dataset_alias_with_no_taskflow.py
[2026-07-01T09:41:24.518+0000] {processor.py:914} INFO - Processing file /home/airflow/.local/lib/python3.12/site-packages/airflow/example_dags/example_dataset_alias_with_no_taskflow.py for tasks to queue
[2026-07-01T09:41:24.520+0000] {logging_mixin.py:190} INFO - [2026-07-01T09:41:24.520+0000] {dagbag.py:587} INFO - Filling up the DagBag from /home/airflow/.local/lib/python3.12/site-packages/airflow/example_dags/example_dataset_alias_with_no_taskflow.py
[2026-07-01T09:41:24.628+0000] {processor.py:925} INFO - DAG(s) 'dataset_s3_bucket_producer_with_no_taskflow', 'dataset_s3_bucket_consumer_with_no_taskflow', 'dataset_alias_example_alias_consumer_with_no_taskflow', 'dataset_alias_example_alias_producer_with_no_taskflow' retrieved from /home/airflow/.local/lib/python3.12/site-packages/airflow/example_dags/example_dataset_alias_with_no_taskflow.py
[2026-07-01T09:41:24.642+0000] {logging_mixin.py:190} INFO - [2026-07-01T09:41:24.642+0000] {dag.py:3211} INFO - Sync 4 DAGs
[2026-07-01T09:41:24.655+0000] {logging_mixin.py:190} INFO - [2026-07-01T09:41:24.655+0000] {dag.py:4138} INFO - Setting next_dagrun for dataset_alias_example_alias_consumer_with_no_taskflow to None, run_after=None
[2026-07-01T09:41:24.657+0000] {logging_mixin.py:190} INFO - [2026-07-01T09:41:24.657+0000] {dag.py:4138} INFO - Setting next_dagrun for dataset_alias_example_alias_producer_with_no_taskflow to None, run_after=None
[2026-07-01T09:41:24.658+0000] {logging_mixin.py:190} INFO - [2026-07-01T09:41:24.658+0000] {dag.py:4138} INFO - Setting next_dagrun for dataset_s3_bucket_consumer_with_no_taskflow to None, run_after=None
[2026-07-01T09:41:24.659+0000] {logging_mixin.py:190} INFO - [2026-07-01T09:41:24.659+0000] {dag.py:4138} INFO - Setting next_dagrun for dataset_s3_bucket_producer_with_no_taskflow to None, run_after=None
[2026-07-01T09:41:24.674+0000] {processor.py:208} INFO - Processing /home/airflow/.local/lib/python3.12/site-packages/airflow/example_dags/example_dataset_alias_with_no_taskflow.py took 0.163 seconds
[2026-07-01T09:41:54.728+0000] {processor.py:186} INFO - Started process (PID=3504) to work on /home/airflow/.local/lib/python3.12/site-packages/airflow/example_dags/example_dataset_alias_with_no_taskflow.py
[2026-07-01T09:41:54.730+0000] {processor.py:914} INFO - Processing file /home/airflow/.local/lib/python3.12/site-packages/airflow/example_dags/example_dataset_alias_with_no_taskflow.py for tasks to queue
[2026-07-01T09:41:54.732+0000] {logging_mixin.py:190} INFO - [2026-07-01T09:41:54.732+0000] {dagbag.py:587} INFO - Filling up the DagBag from /home/airflow/.local/lib/python3.12/site-packages/airflow/example_dags/example_dataset_alias_with_no_taskflow.py
[2026-07-01T09:41:54.840+0000] {processor.py:925} INFO - DAG(s) 'dataset_alias_example_alias_producer_with_no_taskflow', 'dataset_alias_example_alias_consumer_with_no_taskflow', 'dataset_s3_bucket_consumer_with_no_taskflow', 'dataset_s3_bucket_producer_with_no_taskflow' retrieved from /home/airflow/.local/lib/python3.12/site-packages/airflow/example_dags/example_dataset_alias_with_no_taskflow.py
[2026-07-01T09:41:54.855+0000] {logging_mixin.py:190} INFO - [2026-07-01T09:41:54.855+0000] {dag.py:3211} INFO - Sync 4 DAGs
[2026-07-01T09:41:54.868+0000] {logging_mixin.py:190} INFO - [2026-07-01T09:41:54.868+0000] {dag.py:4138} INFO - Setting next_dagrun for dataset_alias_example_alias_consumer_with_no_taskflow to None, run_after=None
[2026-07-01T09:41:54.870+0000] {logging_mixin.py:190} INFO - [2026-07-01T09:41:54.869+0000] {dag.py:4138} INFO - Setting next_dagrun for dataset_alias_example_alias_producer_with_no_taskflow to None, run_after=None
[2026-07-01T09:41:54.870+0000] {logging_mixin.py:190} INFO - [2026-07-01T09:41:54.870+0000] {dag.py:4138} INFO - Setting next_dagrun for dataset_s3_bucket_consumer_with_no_taskflow to None, run_after=None
[2026-07-01T09:41:54.871+0000] {logging_mixin.py:190} INFO - [2026-07-01T09:41:54.871+0000] {dag.py:4138} INFO - Setting next_dagrun for dataset_s3_bucket_producer_with_no_taskflow to None, run_after=None
[2026-07-01T09:41:54.885+0000] {processor.py:208} INFO - Processing /home/airflow/.local/lib/python3.12/site-packages/airflow/example_dags/example_dataset_alias_with_no_taskflow.py took 0.161 seconds
[2026-07-01T09:42:25.133+0000] {processor.py:186} INFO - Started process (PID=3566) to work on /home/airflow/.local/lib/python3.12/site-packages/airflow/example_dags/example_dataset_alias_with_no_taskflow.py
[2026-07-01T09:42:25.134+0000] {processor.py:914} INFO - Processing file /home/airflow/.local/lib/python3.12/site-packages/airflow/example_dags/example_dataset_alias_with_no_taskflow.py for tasks to queue
[2026-07-01T09:42:25.135+0000] {logging_mixin.py:190} INFO - [2026-07-01T09:42:25.135+0000] {dagbag.py:587} INFO - Filling up the DagBag from /home/airflow/.local/lib/python3.12/site-packages/airflow/example_dags/example_dataset_alias_with_no_taskflow.py
[2026-07-01T09:42:25.244+0000] {processor.py:925} INFO - DAG(s) 'dataset_s3_bucket_producer_with_no_taskflow', 'dataset_s3_bucket_consumer_with_no_taskflow', 'dataset_alias_example_alias_producer_with_no_taskflow', 'dataset_alias_example_alias_consumer_with_no_taskflow' retrieved from /home/airflow/.local/lib/python3.12/site-packages/airflow/example_dags/example_dataset_alias_with_no_taskflow.py
[2026-07-01T09:42:25.258+0000] {logging_mixin.py:190} INFO - [2026-07-01T09:42:25.258+0000] {dag.py:3211} INFO - Sync 4 DAGs
[2026-07-01T09:42:25.277+0000] {logging_mixin.py:190} INFO - [2026-07-01T09:42:25.276+0000] {dag.py:4138} INFO - Setting next_dagrun for dataset_alias_example_alias_consumer_with_no_taskflow to None, run_after=None
[2026-07-01T09:42:25.279+0000] {logging_mixin.py:190} INFO - [2026-07-01T09:42:25.279+0000] {dag.py:4138} INFO - Setting next_dagrun for dataset_alias_example_alias_producer_with_no_taskflow to None, run_after=None
[2026-07-01T09:42:25.281+0000] {logging_mixin.py:190} INFO - [2026-07-01T09:42:25.280+0000] {dag.py:4138} INFO - Setting next_dagrun for dataset_s3_bucket_consumer_with_no_taskflow to None, run_after=None
[2026-07-01T09:42:25.282+0000] {logging_mixin.py:190} INFO - [2026-07-01T09:42:25.282+0000] {dag.py:4138} INFO - Setting next_dagrun for dataset_s3_bucket_producer_with_no_taskflow to None, run_after=None
[2026-07-01T09:42:25.300+0000] {processor.py:208} INFO - Processing /home/airflow/.local/lib/python3.12/site-packages/airflow/example_dags/example_dataset_alias_with_no_taskflow.py took 0.172 seconds
[2026-07-01T09:42:55.610+0000] {processor.py:186} INFO - Started process (PID=3628) to work on /home/airflow/.local/lib/python3.12/site-packages/airflow/example_dags/example_dataset_alias_with_no_taskflow.py
[2026-07-01T09:42:55.611+0000] {processor.py:914} INFO - Processing file /home/airflow/.local/lib/python3.12/site-packages/airflow/example_dags/example_dataset_alias_with_no_taskflow.py for tasks to queue
[2026-07-01T09:42:55.613+0000] {logging_mixin.py:190} INFO - [2026-07-01T09:42:55.613+0000] {dagbag.py:587} INFO - Filling up the DagBag from /home/airflow/.local/lib/python3.12/site-packages/airflow/example_dags/example_dataset_alias_with_no_taskflow.py
[2026-07-01T09:42:55.728+0000] {processor.py:925} INFO - DAG(s) 'dataset_alias_example_alias_producer_with_no_taskflow', 'dataset_s3_bucket_producer_with_no_taskflow', 'dataset_s3_bucket_consumer_with_no_taskflow', 'dataset_alias_example_alias_consumer_with_no_taskflow' retrieved from /home/airflow/.local/lib/python3.12/site-packages/airflow/example_dags/example_dataset_alias_with_no_taskflow.py
[2026-07-01T09:42:55.743+0000] {logging_mixin.py:190} INFO - [2026-07-01T09:42:55.742+0000] {dag.py:3211} INFO - Sync 4 DAGs
[2026-07-01T09:42:55.759+0000] {logging_mixin.py:190} INFO - [2026-07-01T09:42:55.758+0000] {dag.py:4138} INFO - Setting next_dagrun for dataset_alias_example_alias_consumer_with_no_taskflow to None, run_after=None
[2026-07-01T09:42:55.761+0000] {logging_mixin.py:190} INFO - [2026-07-01T09:42:55.760+0000] {dag.py:4138} INFO - Setting next_dagrun for dataset_alias_example_alias_producer_with_no_taskflow to None, run_after=None
[2026-07-01T09:42:55.761+0000] {logging_mixin.py:190} INFO - [2026-07-01T09:42:55.761+0000] {dag.py:4138} INFO - Setting next_dagrun for dataset_s3_bucket_consumer_with_no_taskflow to None, run_after=None
[2026-07-01T09:42:55.762+0000] {logging_mixin.py:190} INFO - [2026-07-01T09:42:55.762+0000] {dag.py:4138} INFO - Setting next_dagrun for dataset_s3_bucket_producer_with_no_taskflow to None, run_after=None
[2026-07-01T09:42:55.777+0000] {processor.py:208} INFO - Processing /home/airflow/.local/lib/python3.12/site-packages/airflow/example_dags/example_dataset_alias_with_no_taskflow.py took 0.171 seconds
[2026-07-01T09:43:25.840+0000] {processor.py:186} INFO - Started process (PID=3691) to work on /home/airflow/.local/lib/python3.12/site-packages/airflow/example_dags/example_dataset_alias_with_no_taskflow.py
[2026-07-01T09:43:25.843+0000] {processor.py:914} INFO - Processing file /home/airflow/.local/lib/python3.12/site-packages/airflow/example_dags/example_dataset_alias_with_no_taskflow.py for tasks to queue
[2026-07-01T09:43:25.844+0000] {logging_mixin.py:190} INFO - [2026-07-01T09:43:25.844+0000] {dagbag.py:587} INFO - Filling up the DagBag from /home/airflow/.local/lib/python3.12/site-packages/airflow/example_dags/example_dataset_alias_with_no_taskflow.py
[2026-07-01T09:43:26.012+0000] {processor.py:925} INFO - DAG(s) 'dataset_alias_example_alias_consumer_with_no_taskflow', 'dataset_s3_bucket_consumer_with_no_taskflow', 'dataset_s3_bucket_producer_with_no_taskflow', 'dataset_alias_example_alias_producer_with_no_taskflow' retrieved from /home/airflow/.local/lib/python3.12/site-packages/airflow/example_dags/example_dataset_alias_with_no_taskflow.py
[2026-07-01T09:43:26.030+0000] {logging_mixin.py:190} INFO - [2026-07-01T09:43:26.029+0000] {dag.py:3211} INFO - Sync 4 DAGs
[2026-07-01T09:43:26.047+0000] {logging_mixin.py:190} INFO - [2026-07-01T09:43:26.047+0000] {dag.py:4138} INFO - Setting next_dagrun for dataset_alias_example_alias_consumer_with_no_taskflow to None, run_after=None
[2026-07-01T09:43:26.050+0000] {logging_mixin.py:190} INFO - [2026-07-01T09:43:26.050+0000] {dag.py:4138} INFO - Setting next_dagrun for dataset_alias_example_alias_producer_with_no_taskflow to None, run_after=None
[2026-07-01T09:43:26.051+0000] {logging_mixin.py:190} INFO - [2026-07-01T09:43:26.051+0000] {dag.py:4138} INFO - Setting next_dagrun for dataset_s3_bucket_consumer_with_no_taskflow to None, run_after=None
[2026-07-01T09:43:26.053+0000] {logging_mixin.py:190} INFO - [2026-07-01T09:43:26.053+0000] {dag.py:4138} INFO - Setting next_dagrun for dataset_s3_bucket_producer_with_no_taskflow to None, run_after=None
[2026-07-01T09:43:26.070+0000] {processor.py:208} INFO - Processing /home/airflow/.local/lib/python3.12/site-packages/airflow/example_dags/example_dataset_alias_with_no_taskflow.py took 0.235 seconds
[2026-07-01T09:43:56.213+0000] {processor.py:186} INFO - Started process (PID=3752) to work on /home/airflow/.local/lib/python3.12/site-packages/airflow/example_dags/example_dataset_alias_with_no_taskflow.py
[2026-07-01T09:43:56.214+0000] {processor.py:914} INFO - Processing file /home/airflow/.local/lib/python3.12/site-packages/airflow/example_dags/example_dataset_alias_with_no_taskflow.py for tasks to queue
[2026-07-01T09:43:56.216+0000] {logging_mixin.py:190} INFO - [2026-07-01T09:43:56.216+0000] {dagbag.py:587} INFO - Filling up the DagBag from /home/airflow/.local/lib/python3.12/site-packages/airflow/example_dags/example_dataset_alias_with_no_taskflow.py
[2026-07-01T09:43:56.337+0000] {processor.py:925} INFO - DAG(s) 'dataset_s3_bucket_consumer_with_no_taskflow', 'dataset_s3_bucket_producer_with_no_taskflow', 'dataset_alias_example_alias_consumer_with_no_taskflow', 'dataset_alias_example_alias_producer_with_no_taskflow' retrieved from /home/airflow/.local/lib/python3.12/site-packages/airflow/example_dags/example_dataset_alias_with_no_taskflow.py
[2026-07-01T09:43:56.355+0000] {logging_mixin.py:190} INFO - [2026-07-01T09:43:56.355+0000] {dag.py:3211} INFO - Sync 4 DAGs
[2026-07-01T09:43:56.376+0000] {logging_mixin.py:190} INFO - [2026-07-01T09:43:56.376+0000] {dag.py:4138} INFO - Setting next_dagrun for dataset_alias_example_alias_consumer_with_no_taskflow to None, run_after=None
[2026-07-01T09:43:56.379+0000] {logging_mixin.py:190} INFO - [2026-07-01T09:43:56.379+0000] {dag.py:4138} INFO - Setting next_dagrun for dataset_alias_example_alias_producer_with_no_taskflow to None, run_after=None
[2026-07-01T09:43:56.381+0000] {logging_mixin.py:190} INFO - [2026-07-01T09:43:56.381+0000] {dag.py:4138} INFO - Setting next_dagrun for dataset_s3_bucket_consumer_with_no_taskflow to None, run_after=None
[2026-07-01T09:43:56.382+0000] {logging_mixin.py:190} INFO - [2026-07-01T09:43:56.382+0000] {dag.py:4138} INFO - Setting next_dagrun for dataset_s3_bucket_producer_with_no_taskflow to None, run_after=None
[2026-07-01T09:43:56.403+0000] {processor.py:208} INFO - Processing /home/airflow/.local/lib/python3.12/site-packages/airflow/example_dags/example_dataset_alias_with_no_taskflow.py took 0.196 seconds
[2026-07-01T09:44:26.475+0000] {processor.py:186} INFO - Started process (PID=3814) to work on /home/airflow/.local/lib/python3.12/site-packages/airflow/example_dags/example_dataset_alias_with_no_taskflow.py
[2026-07-01T09:44:26.477+0000] {processor.py:914} INFO - Processing file /home/airflow/.local/lib/python3.12/site-packages/airflow/example_dags/example_dataset_alias_with_no_taskflow.py for tasks to queue
[2026-07-01T09:44:26.478+0000] {logging_mixin.py:190} INFO - [2026-07-01T09:44:26.478+0000] {dagbag.py:587} INFO - Filling up the DagBag from /home/airflow/.local/lib/python3.12/site-packages/airflow/example_dags/example_dataset_alias_with_no_taskflow.py
[2026-07-01T09:44:26.584+0000] {processor.py:925} INFO - DAG(s) 'dataset_s3_bucket_consumer_with_no_taskflow', 'dataset_alias_example_alias_producer_with_no_taskflow', 'dataset_s3_bucket_producer_with_no_taskflow', 'dataset_alias_example_alias_consumer_with_no_taskflow' retrieved from /home/airflow/.local/lib/python3.12/site-packages/airflow/example_dags/example_dataset_alias_with_no_taskflow.py
[2026-07-01T09:44:26.601+0000] {logging_mixin.py:190} INFO - [2026-07-01T09:44:26.601+0000] {dag.py:3211} INFO - Sync 4 DAGs
[2026-07-01T09:44:26.616+0000] {logging_mixin.py:190} INFO - [2026-07-01T09:44:26.616+0000] {dag.py:4138} INFO - Setting next_dagrun for dataset_alias_example_alias_consumer_with_no_taskflow to None, run_after=None
[2026-07-01T09:44:26.618+0000] {logging_mixin.py:190} INFO - [2026-07-01T09:44:26.618+0000] {dag.py:4138} INFO - Setting next_dagrun for dataset_alias_example_alias_producer_with_no_taskflow to None, run_after=None
[2026-07-01T09:44:26.619+0000] {logging_mixin.py:190} INFO - [2026-07-01T09:44:26.619+0000] {dag.py:4138} INFO - Setting next_dagrun for dataset_s3_bucket_consumer_with_no_taskflow to None, run_after=None
[2026-07-01T09:44:26.621+0000] {logging_mixin.py:190} INFO - [2026-07-01T09:44:26.621+0000] {dag.py:4138} INFO - Setting next_dagrun for dataset_s3_bucket_producer_with_no_taskflow to None, run_after=None
[2026-07-01T09:44:26.636+0000] {processor.py:208} INFO - Processing /home/airflow/.local/lib/python3.12/site-packages/airflow/example_dags/example_dataset_alias_with_no_taskflow.py took 0.165 seconds
[2026-07-01T09:44:56.855+0000] {processor.py:186} INFO - Started process (PID=3876) to work on /home/airflow/.local/lib/python3.12/site-packages/airflow/example_dags/example_dataset_alias_with_no_taskflow.py
[2026-07-01T09:44:56.855+0000] {processor.py:914} INFO - Processing file /home/airflow/.local/lib/python3.12/site-packages/airflow/example_dags/example_dataset_alias_with_no_taskflow.py for tasks to queue
[2026-07-01T09:44:56.858+0000] {logging_mixin.py:190} INFO - [2026-07-01T09:44:56.857+0000] {dagbag.py:587} INFO - Filling up the DagBag from /home/airflow/.local/lib/python3.12/site-packages/airflow/example_dags/example_dataset_alias_with_no_taskflow.py
[2026-07-01T09:44:56.969+0000] {processor.py:925} INFO - DAG(s) 'dataset_s3_bucket_consumer_with_no_taskflow', 'dataset_s3_bucket_producer_with_no_taskflow', 'dataset_alias_example_alias_consumer_with_no_taskflow', 'dataset_alias_example_alias_producer_with_no_taskflow' retrieved from /home/airflow/.local/lib/python3.12/site-packages/airflow/example_dags/example_dataset_alias_with_no_taskflow.py
[2026-07-01T09:44:56.984+0000] {logging_mixin.py:190} INFO - [2026-07-01T09:44:56.984+0000] {dag.py:3211} INFO - Sync 4 DAGs
[2026-07-01T09:44:56.998+0000] {logging_mixin.py:190} INFO - [2026-07-01T09:44:56.997+0000] {dag.py:4138} INFO - Setting next_dagrun for dataset_alias_example_alias_consumer_with_no_taskflow to None, run_after=None
[2026-07-01T09:44:56.999+0000] {logging_mixin.py:190} INFO - [2026-07-01T09:44:56.999+0000] {dag.py:4138} INFO - Setting next_dagrun for dataset_alias_example_alias_producer_with_no_taskflow to None, run_after=None
[2026-07-01T09:44:57.001+0000] {logging_mixin.py:190} INFO - [2026-07-01T09:44:57.001+0000] {dag.py:4138} INFO - Setting next_dagrun for dataset_s3_bucket_consumer_with_no_taskflow to None, run_after=None
[2026-07-01T09:44:57.004+0000] {logging_mixin.py:190} INFO - [2026-07-01T09:44:57.003+0000] {dag.py:4138} INFO - Setting next_dagrun for dataset_s3_bucket_producer_with_no_taskflow to None, run_after=None
[2026-07-01T09:44:57.018+0000] {processor.py:208} INFO - Processing /home/airflow/.local/lib/python3.12/site-packages/airflow/example_dags/example_dataset_alias_with_no_taskflow.py took 0.169 seconds
[2026-07-01T09:45:27.297+0000] {processor.py:186} INFO - Started process (PID=3938) to work on /home/airflow/.local/lib/python3.12/site-packages/airflow/example_dags/example_dataset_alias_with_no_taskflow.py
[2026-07-01T09:45:27.298+0000] {processor.py:914} INFO - Processing file /home/airflow/.local/lib/python3.12/site-packages/airflow/example_dags/example_dataset_alias_with_no_taskflow.py for tasks to queue
[2026-07-01T09:45:27.300+0000] {logging_mixin.py:190} INFO - [2026-07-01T09:45:27.300+0000] {dagbag.py:587} INFO - Filling up the DagBag from /home/airflow/.local/lib/python3.12/site-packages/airflow/example_dags/example_dataset_alias_with_no_taskflow.py
[2026-07-01T09:45:27.412+0000] {processor.py:925} INFO - DAG(s) 'dataset_s3_bucket_consumer_with_no_taskflow', 'dataset_s3_bucket_producer_with_no_taskflow', 'dataset_alias_example_alias_producer_with_no_taskflow', 'dataset_alias_example_alias_consumer_with_no_taskflow' retrieved from /home/airflow/.local/lib/python3.12/site-packages/airflow/example_dags/example_dataset_alias_with_no_taskflow.py
[2026-07-01T09:45:27.429+0000] {logging_mixin.py:190} INFO - [2026-07-01T09:45:27.428+0000] {dag.py:3211} INFO - Sync 4 DAGs
[2026-07-01T09:45:27.446+0000] {logging_mixin.py:190} INFO - [2026-07-01T09:45:27.446+0000] {dag.py:4138} INFO - Setting next_dagrun for dataset_alias_example_alias_consumer_with_no_taskflow to None, run_after=None
[2026-07-01T09:45:27.448+0000] {logging_mixin.py:190} INFO - [2026-07-01T09:45:27.448+0000] {dag.py:4138} INFO - Setting next_dagrun for dataset_alias_example_alias_producer_with_no_taskflow to None, run_after=None
[2026-07-01T09:45:27.449+0000] {logging_mixin.py:190} INFO - [2026-07-01T09:45:27.449+0000] {dag.py:4138} INFO - Setting next_dagrun for dataset_s3_bucket_consumer_with_no_taskflow to None, run_after=None
[2026-07-01T09:45:27.451+0000] {logging_mixin.py:190} INFO - [2026-07-01T09:45:27.450+0000] {dag.py:4138} INFO - Setting next_dagrun for dataset_s3_bucket_producer_with_no_taskflow to None, run_after=None
[2026-07-01T09:45:27.466+0000] {processor.py:208} INFO - Processing /home/airflow/.local/lib/python3.12/site-packages/airflow/example_dags/example_dataset_alias_with_no_taskflow.py took 0.173 seconds
