[2026-07-01T09:09:38.393+0000] {processor.py:186} INFO - Started process (PID=66) to work on /home/airflow/.local/lib/python3.12/site-packages/airflow/example_dags/example_external_task_marker_dag.py
[2026-07-01T09:09:38.395+0000] {processor.py:914} INFO - Processing file /home/airflow/.local/lib/python3.12/site-packages/airflow/example_dags/example_external_task_marker_dag.py for tasks to queue
[2026-07-01T09:09:38.398+0000] {logging_mixin.py:190} INFO - [2026-07-01T09:09:38.397+0000] {dagbag.py:587} INFO - Filling up the DagBag from /home/airflow/.local/lib/python3.12/site-packages/airflow/example_dags/example_external_task_marker_dag.py
[2026-07-01T09:09:38.407+0000] {processor.py:925} INFO - DAG(s) 'example_external_task_marker_parent', 'example_external_task_marker_child' retrieved from /home/airflow/.local/lib/python3.12/site-packages/airflow/example_dags/example_external_task_marker_dag.py
[2026-07-01T09:09:38.503+0000] {logging_mixin.py:190} INFO - [2026-07-01T09:09:38.502+0000] {override.py:1858} INFO - Created Permission View: can read on DAG:example_external_task_marker_parent
[2026-07-01T09:09:38.511+0000] {logging_mixin.py:190} INFO - [2026-07-01T09:09:38.510+0000] {override.py:1858} INFO - Created Permission View: can delete on DAG:example_external_task_marker_parent
[2026-07-01T09:09:38.517+0000] {logging_mixin.py:190} INFO - [2026-07-01T09:09:38.517+0000] {override.py:1858} INFO - Created Permission View: can edit on DAG:example_external_task_marker_parent
[2026-07-01T09:09:38.531+0000] {logging_mixin.py:190} INFO - [2026-07-01T09:09:38.531+0000] {override.py:1858} INFO - Created Permission View: can read on DAG:example_external_task_marker_child
[2026-07-01T09:09:38.536+0000] {logging_mixin.py:190} INFO - [2026-07-01T09:09:38.536+0000] {override.py:1858} INFO - Created Permission View: can delete on DAG:example_external_task_marker_child
[2026-07-01T09:09:38.541+0000] {logging_mixin.py:190} INFO - [2026-07-01T09:09:38.541+0000] {override.py:1858} INFO - Created Permission View: can edit on DAG:example_external_task_marker_child
[2026-07-01T09:09:38.542+0000] {logging_mixin.py:190} INFO - [2026-07-01T09:09:38.542+0000] {dag.py:3211} INFO - Sync 2 DAGs
[2026-07-01T09:09:38.560+0000] {logging_mixin.py:190} INFO - [2026-07-01T09:09:38.560+0000] {dag.py:3234} INFO - Creating ORM DAG for example_external_task_marker_child
[2026-07-01T09:09:38.561+0000] {logging_mixin.py:190} INFO - [2026-07-01T09:09:38.561+0000] {dag.py:3234} INFO - Creating ORM DAG for example_external_task_marker_parent
[2026-07-01T09:09:38.562+0000] {logging_mixin.py:190} INFO - [2026-07-01T09:09:38.562+0000] {dag.py:4138} INFO - Setting next_dagrun for example_external_task_marker_child to None, run_after=None
[2026-07-01T09:09:38.563+0000] {logging_mixin.py:190} INFO - [2026-07-01T09:09:38.563+0000] {dag.py:4138} INFO - Setting next_dagrun for example_external_task_marker_parent to None, run_after=None
[2026-07-01T09:09:38.581+0000] {processor.py:208} INFO - Processing /home/airflow/.local/lib/python3.12/site-packages/airflow/example_dags/example_external_task_marker_dag.py took 0.193 seconds
[2026-07-01T09:10:08.807+0000] {processor.py:186} INFO - Started process (PID=127) to work on /home/airflow/.local/lib/python3.12/site-packages/airflow/example_dags/example_external_task_marker_dag.py
[2026-07-01T09:10:08.808+0000] {processor.py:914} INFO - Processing file /home/airflow/.local/lib/python3.12/site-packages/airflow/example_dags/example_external_task_marker_dag.py for tasks to queue
[2026-07-01T09:10:08.811+0000] {logging_mixin.py:190} INFO - [2026-07-01T09:10:08.810+0000] {dagbag.py:587} INFO - Filling up the DagBag from /home/airflow/.local/lib/python3.12/site-packages/airflow/example_dags/example_external_task_marker_dag.py
[2026-07-01T09:10:08.817+0000] {processor.py:925} INFO - DAG(s) 'example_external_task_marker_parent', 'example_external_task_marker_child' retrieved from /home/airflow/.local/lib/python3.12/site-packages/airflow/example_dags/example_external_task_marker_dag.py
[2026-07-01T09:10:08.837+0000] {logging_mixin.py:190} INFO - [2026-07-01T09:10:08.836+0000] {dag.py:3211} INFO - Sync 2 DAGs
[2026-07-01T09:10:08.847+0000] {logging_mixin.py:190} INFO - [2026-07-01T09:10:08.847+0000] {dag.py:4138} INFO - Setting next_dagrun for example_external_task_marker_child to None, run_after=None
[2026-07-01T09:10:08.850+0000] {logging_mixin.py:190} INFO - [2026-07-01T09:10:08.850+0000] {dag.py:4138} INFO - Setting next_dagrun for example_external_task_marker_parent to None, run_after=None
[2026-07-01T09:10:08.861+0000] {processor.py:208} INFO - Processing /home/airflow/.local/lib/python3.12/site-packages/airflow/example_dags/example_external_task_marker_dag.py took 0.058 seconds
[2026-07-01T09:10:39.475+0000] {processor.py:186} INFO - Started process (PID=190) to work on /home/airflow/.local/lib/python3.12/site-packages/airflow/example_dags/example_external_task_marker_dag.py
[2026-07-01T09:10:39.476+0000] {processor.py:914} INFO - Processing file /home/airflow/.local/lib/python3.12/site-packages/airflow/example_dags/example_external_task_marker_dag.py for tasks to queue
[2026-07-01T09:10:39.478+0000] {logging_mixin.py:190} INFO - [2026-07-01T09:10:39.477+0000] {dagbag.py:587} INFO - Filling up the DagBag from /home/airflow/.local/lib/python3.12/site-packages/airflow/example_dags/example_external_task_marker_dag.py
[2026-07-01T09:10:39.484+0000] {processor.py:925} INFO - DAG(s) 'example_external_task_marker_child', 'example_external_task_marker_parent' retrieved from /home/airflow/.local/lib/python3.12/site-packages/airflow/example_dags/example_external_task_marker_dag.py
[2026-07-01T09:10:39.501+0000] {logging_mixin.py:190} INFO - [2026-07-01T09:10:39.500+0000] {dag.py:3211} INFO - Sync 2 DAGs
[2026-07-01T09:10:39.514+0000] {logging_mixin.py:190} INFO - [2026-07-01T09:10:39.513+0000] {dag.py:4138} INFO - Setting next_dagrun for example_external_task_marker_child to None, run_after=None
[2026-07-01T09:10:39.517+0000] {logging_mixin.py:190} INFO - [2026-07-01T09:10:39.517+0000] {dag.py:4138} INFO - Setting next_dagrun for example_external_task_marker_parent to None, run_after=None
[2026-07-01T09:10:39.531+0000] {processor.py:208} INFO - Processing /home/airflow/.local/lib/python3.12/site-packages/airflow/example_dags/example_external_task_marker_dag.py took 0.060 seconds
[2026-07-01T09:11:09.707+0000] {processor.py:186} INFO - Started process (PID=252) to work on /home/airflow/.local/lib/python3.12/site-packages/airflow/example_dags/example_external_task_marker_dag.py
[2026-07-01T09:11:09.708+0000] {processor.py:914} INFO - Processing file /home/airflow/.local/lib/python3.12/site-packages/airflow/example_dags/example_external_task_marker_dag.py for tasks to queue
[2026-07-01T09:11:09.710+0000] {logging_mixin.py:190} INFO - [2026-07-01T09:11:09.709+0000] {dagbag.py:587} INFO - Filling up the DagBag from /home/airflow/.local/lib/python3.12/site-packages/airflow/example_dags/example_external_task_marker_dag.py
[2026-07-01T09:11:09.715+0000] {processor.py:925} INFO - DAG(s) 'example_external_task_marker_parent', 'example_external_task_marker_child' retrieved from /home/airflow/.local/lib/python3.12/site-packages/airflow/example_dags/example_external_task_marker_dag.py
[2026-07-01T09:11:09.731+0000] {logging_mixin.py:190} INFO - [2026-07-01T09:11:09.731+0000] {dag.py:3211} INFO - Sync 2 DAGs
[2026-07-01T09:11:09.741+0000] {logging_mixin.py:190} INFO - [2026-07-01T09:11:09.741+0000] {dag.py:4138} INFO - Setting next_dagrun for example_external_task_marker_child to None, run_after=None
[2026-07-01T09:11:09.744+0000] {logging_mixin.py:190} INFO - [2026-07-01T09:11:09.744+0000] {dag.py:4138} INFO - Setting next_dagrun for example_external_task_marker_parent to None, run_after=None
[2026-07-01T09:11:09.756+0000] {processor.py:208} INFO - Processing /home/airflow/.local/lib/python3.12/site-packages/airflow/example_dags/example_external_task_marker_dag.py took 0.053 seconds
[2026-07-01T09:11:39.804+0000] {processor.py:186} INFO - Started process (PID=313) to work on /home/airflow/.local/lib/python3.12/site-packages/airflow/example_dags/example_external_task_marker_dag.py
[2026-07-01T09:11:39.805+0000] {processor.py:914} INFO - Processing file /home/airflow/.local/lib/python3.12/site-packages/airflow/example_dags/example_external_task_marker_dag.py for tasks to queue
[2026-07-01T09:11:39.806+0000] {logging_mixin.py:190} INFO - [2026-07-01T09:11:39.806+0000] {dagbag.py:587} INFO - Filling up the DagBag from /home/airflow/.local/lib/python3.12/site-packages/airflow/example_dags/example_external_task_marker_dag.py
[2026-07-01T09:11:39.812+0000] {processor.py:925} INFO - DAG(s) 'example_external_task_marker_child', 'example_external_task_marker_parent' retrieved from /home/airflow/.local/lib/python3.12/site-packages/airflow/example_dags/example_external_task_marker_dag.py
[2026-07-01T09:11:39.833+0000] {logging_mixin.py:190} INFO - [2026-07-01T09:11:39.833+0000] {dag.py:3211} INFO - Sync 2 DAGs
[2026-07-01T09:11:39.847+0000] {logging_mixin.py:190} INFO - [2026-07-01T09:11:39.846+0000] {dag.py:4138} INFO - Setting next_dagrun for example_external_task_marker_child to None, run_after=None
[2026-07-01T09:11:39.851+0000] {logging_mixin.py:190} INFO - [2026-07-01T09:11:39.851+0000] {dag.py:4138} INFO - Setting next_dagrun for example_external_task_marker_parent to None, run_after=None
[2026-07-01T09:11:39.867+0000] {processor.py:208} INFO - Processing /home/airflow/.local/lib/python3.12/site-packages/airflow/example_dags/example_external_task_marker_dag.py took 0.067 seconds
[2026-07-01T09:12:10.369+0000] {processor.py:186} INFO - Started process (PID=376) to work on /home/airflow/.local/lib/python3.12/site-packages/airflow/example_dags/example_external_task_marker_dag.py
[2026-07-01T09:12:10.370+0000] {processor.py:914} INFO - Processing file /home/airflow/.local/lib/python3.12/site-packages/airflow/example_dags/example_external_task_marker_dag.py for tasks to queue
[2026-07-01T09:12:10.372+0000] {logging_mixin.py:190} INFO - [2026-07-01T09:12:10.372+0000] {dagbag.py:587} INFO - Filling up the DagBag from /home/airflow/.local/lib/python3.12/site-packages/airflow/example_dags/example_external_task_marker_dag.py
[2026-07-01T09:12:10.378+0000] {processor.py:925} INFO - DAG(s) 'example_external_task_marker_parent', 'example_external_task_marker_child' retrieved from /home/airflow/.local/lib/python3.12/site-packages/airflow/example_dags/example_external_task_marker_dag.py
[2026-07-01T09:12:10.393+0000] {logging_mixin.py:190} INFO - [2026-07-01T09:12:10.393+0000] {dag.py:3211} INFO - Sync 2 DAGs
[2026-07-01T09:12:10.404+0000] {logging_mixin.py:190} INFO - [2026-07-01T09:12:10.404+0000] {dag.py:4138} INFO - Setting next_dagrun for example_external_task_marker_child to None, run_after=None
[2026-07-01T09:12:10.407+0000] {logging_mixin.py:190} INFO - [2026-07-01T09:12:10.406+0000] {dag.py:4138} INFO - Setting next_dagrun for example_external_task_marker_parent to None, run_after=None
[2026-07-01T09:12:10.417+0000] {processor.py:208} INFO - Processing /home/airflow/.local/lib/python3.12/site-packages/airflow/example_dags/example_external_task_marker_dag.py took 0.052 seconds
[2026-07-01T09:12:40.921+0000] {processor.py:186} INFO - Started process (PID=438) to work on /home/airflow/.local/lib/python3.12/site-packages/airflow/example_dags/example_external_task_marker_dag.py
[2026-07-01T09:12:40.923+0000] {processor.py:914} INFO - Processing file /home/airflow/.local/lib/python3.12/site-packages/airflow/example_dags/example_external_task_marker_dag.py for tasks to queue
[2026-07-01T09:12:40.925+0000] {logging_mixin.py:190} INFO - [2026-07-01T09:12:40.924+0000] {dagbag.py:587} INFO - Filling up the DagBag from /home/airflow/.local/lib/python3.12/site-packages/airflow/example_dags/example_external_task_marker_dag.py
[2026-07-01T09:12:40.931+0000] {processor.py:925} INFO - DAG(s) 'example_external_task_marker_parent', 'example_external_task_marker_child' retrieved from /home/airflow/.local/lib/python3.12/site-packages/airflow/example_dags/example_external_task_marker_dag.py
[2026-07-01T09:12:40.948+0000] {logging_mixin.py:190} INFO - [2026-07-01T09:12:40.948+0000] {dag.py:3211} INFO - Sync 2 DAGs
[2026-07-01T09:12:40.960+0000] {logging_mixin.py:190} INFO - [2026-07-01T09:12:40.960+0000] {dag.py:4138} INFO - Setting next_dagrun for example_external_task_marker_child to None, run_after=None
[2026-07-01T09:12:40.964+0000] {logging_mixin.py:190} INFO - [2026-07-01T09:12:40.964+0000] {dag.py:4138} INFO - Setting next_dagrun for example_external_task_marker_parent to None, run_after=None
[2026-07-01T09:12:40.978+0000] {processor.py:208} INFO - Processing /home/airflow/.local/lib/python3.12/site-packages/airflow/example_dags/example_external_task_marker_dag.py took 0.062 seconds
[2026-07-01T09:13:11.190+0000] {processor.py:186} INFO - Started process (PID=501) to work on /home/airflow/.local/lib/python3.12/site-packages/airflow/example_dags/example_external_task_marker_dag.py
[2026-07-01T09:13:11.191+0000] {processor.py:914} INFO - Processing file /home/airflow/.local/lib/python3.12/site-packages/airflow/example_dags/example_external_task_marker_dag.py for tasks to queue
[2026-07-01T09:13:11.195+0000] {logging_mixin.py:190} INFO - [2026-07-01T09:13:11.194+0000] {dagbag.py:587} INFO - Filling up the DagBag from /home/airflow/.local/lib/python3.12/site-packages/airflow/example_dags/example_external_task_marker_dag.py
[2026-07-01T09:13:11.203+0000] {processor.py:925} INFO - DAG(s) 'example_external_task_marker_parent', 'example_external_task_marker_child' retrieved from /home/airflow/.local/lib/python3.12/site-packages/airflow/example_dags/example_external_task_marker_dag.py
[2026-07-01T09:13:11.230+0000] {logging_mixin.py:190} INFO - [2026-07-01T09:13:11.230+0000] {dag.py:3211} INFO - Sync 2 DAGs
[2026-07-01T09:13:11.244+0000] {logging_mixin.py:190} INFO - [2026-07-01T09:13:11.244+0000] {dag.py:4138} INFO - Setting next_dagrun for example_external_task_marker_child to None, run_after=None
[2026-07-01T09:13:11.249+0000] {logging_mixin.py:190} INFO - [2026-07-01T09:13:11.249+0000] {dag.py:4138} INFO - Setting next_dagrun for example_external_task_marker_parent to None, run_after=None
[2026-07-01T09:13:11.264+0000] {processor.py:208} INFO - Processing /home/airflow/.local/lib/python3.12/site-packages/airflow/example_dags/example_external_task_marker_dag.py took 0.080 seconds
[2026-07-01T09:13:41.305+0000] {processor.py:186} INFO - Started process (PID=567) to work on /home/airflow/.local/lib/python3.12/site-packages/airflow/example_dags/example_external_task_marker_dag.py
[2026-07-01T09:13:41.306+0000] {processor.py:914} INFO - Processing file /home/airflow/.local/lib/python3.12/site-packages/airflow/example_dags/example_external_task_marker_dag.py for tasks to queue
[2026-07-01T09:13:41.308+0000] {logging_mixin.py:190} INFO - [2026-07-01T09:13:41.308+0000] {dagbag.py:587} INFO - Filling up the DagBag from /home/airflow/.local/lib/python3.12/site-packages/airflow/example_dags/example_external_task_marker_dag.py
[2026-07-01T09:13:41.314+0000] {processor.py:925} INFO - DAG(s) 'example_external_task_marker_child', 'example_external_task_marker_parent' retrieved from /home/airflow/.local/lib/python3.12/site-packages/airflow/example_dags/example_external_task_marker_dag.py
[2026-07-01T09:13:41.332+0000] {logging_mixin.py:190} INFO - [2026-07-01T09:13:41.332+0000] {dag.py:3211} INFO - Sync 2 DAGs
[2026-07-01T09:13:41.342+0000] {logging_mixin.py:190} INFO - [2026-07-01T09:13:41.342+0000] {dag.py:4138} INFO - Setting next_dagrun for example_external_task_marker_child to None, run_after=None
[2026-07-01T09:13:41.345+0000] {logging_mixin.py:190} INFO - [2026-07-01T09:13:41.345+0000] {dag.py:4138} INFO - Setting next_dagrun for example_external_task_marker_parent to None, run_after=None
[2026-07-01T09:13:41.357+0000] {processor.py:208} INFO - Processing /home/airflow/.local/lib/python3.12/site-packages/airflow/example_dags/example_external_task_marker_dag.py took 0.058 seconds
[2026-07-01T09:14:11.448+0000] {processor.py:186} INFO - Started process (PID=629) to work on /home/airflow/.local/lib/python3.12/site-packages/airflow/example_dags/example_external_task_marker_dag.py
[2026-07-01T09:14:11.449+0000] {processor.py:914} INFO - Processing file /home/airflow/.local/lib/python3.12/site-packages/airflow/example_dags/example_external_task_marker_dag.py for tasks to queue
[2026-07-01T09:14:11.451+0000] {logging_mixin.py:190} INFO - [2026-07-01T09:14:11.451+0000] {dagbag.py:587} INFO - Filling up the DagBag from /home/airflow/.local/lib/python3.12/site-packages/airflow/example_dags/example_external_task_marker_dag.py
[2026-07-01T09:14:11.457+0000] {processor.py:925} INFO - DAG(s) 'example_external_task_marker_parent', 'example_external_task_marker_child' retrieved from /home/airflow/.local/lib/python3.12/site-packages/airflow/example_dags/example_external_task_marker_dag.py
[2026-07-01T09:14:11.474+0000] {logging_mixin.py:190} INFO - [2026-07-01T09:14:11.473+0000] {dag.py:3211} INFO - Sync 2 DAGs
[2026-07-01T09:14:11.484+0000] {logging_mixin.py:190} INFO - [2026-07-01T09:14:11.483+0000] {dag.py:4138} INFO - Setting next_dagrun for example_external_task_marker_child to None, run_after=None
[2026-07-01T09:14:11.486+0000] {logging_mixin.py:190} INFO - [2026-07-01T09:14:11.486+0000] {dag.py:4138} INFO - Setting next_dagrun for example_external_task_marker_parent to None, run_after=None
[2026-07-01T09:14:11.498+0000] {processor.py:208} INFO - Processing /home/airflow/.local/lib/python3.12/site-packages/airflow/example_dags/example_external_task_marker_dag.py took 0.054 seconds
[2026-07-01T09:14:41.653+0000] {processor.py:186} INFO - Started process (PID=691) to work on /home/airflow/.local/lib/python3.12/site-packages/airflow/example_dags/example_external_task_marker_dag.py
[2026-07-01T09:14:41.654+0000] {processor.py:914} INFO - Processing file /home/airflow/.local/lib/python3.12/site-packages/airflow/example_dags/example_external_task_marker_dag.py for tasks to queue
[2026-07-01T09:14:41.656+0000] {logging_mixin.py:190} INFO - [2026-07-01T09:14:41.656+0000] {dagbag.py:587} INFO - Filling up the DagBag from /home/airflow/.local/lib/python3.12/site-packages/airflow/example_dags/example_external_task_marker_dag.py
[2026-07-01T09:14:41.662+0000] {processor.py:925} INFO - DAG(s) 'example_external_task_marker_parent', 'example_external_task_marker_child' retrieved from /home/airflow/.local/lib/python3.12/site-packages/airflow/example_dags/example_external_task_marker_dag.py
[2026-07-01T09:14:41.680+0000] {logging_mixin.py:190} INFO - [2026-07-01T09:14:41.680+0000] {dag.py:3211} INFO - Sync 2 DAGs
[2026-07-01T09:14:41.689+0000] {logging_mixin.py:190} INFO - [2026-07-01T09:14:41.689+0000] {dag.py:4138} INFO - Setting next_dagrun for example_external_task_marker_child to None, run_after=None
[2026-07-01T09:14:41.692+0000] {logging_mixin.py:190} INFO - [2026-07-01T09:14:41.692+0000] {dag.py:4138} INFO - Setting next_dagrun for example_external_task_marker_parent to None, run_after=None
[2026-07-01T09:14:41.704+0000] {processor.py:208} INFO - Processing /home/airflow/.local/lib/python3.12/site-packages/airflow/example_dags/example_external_task_marker_dag.py took 0.056 seconds
[2026-07-01T09:15:12.596+0000] {processor.py:186} INFO - Started process (PID=753) to work on /home/airflow/.local/lib/python3.12/site-packages/airflow/example_dags/example_external_task_marker_dag.py
[2026-07-01T09:15:12.597+0000] {processor.py:914} INFO - Processing file /home/airflow/.local/lib/python3.12/site-packages/airflow/example_dags/example_external_task_marker_dag.py for tasks to queue
[2026-07-01T09:15:12.599+0000] {logging_mixin.py:190} INFO - [2026-07-01T09:15:12.599+0000] {dagbag.py:587} INFO - Filling up the DagBag from /home/airflow/.local/lib/python3.12/site-packages/airflow/example_dags/example_external_task_marker_dag.py
[2026-07-01T09:15:12.605+0000] {processor.py:925} INFO - DAG(s) 'example_external_task_marker_parent', 'example_external_task_marker_child' retrieved from /home/airflow/.local/lib/python3.12/site-packages/airflow/example_dags/example_external_task_marker_dag.py
[2026-07-01T09:15:12.621+0000] {logging_mixin.py:190} INFO - [2026-07-01T09:15:12.621+0000] {dag.py:3211} INFO - Sync 2 DAGs
[2026-07-01T09:15:12.631+0000] {logging_mixin.py:190} INFO - [2026-07-01T09:15:12.630+0000] {dag.py:4138} INFO - Setting next_dagrun for example_external_task_marker_child to None, run_after=None
[2026-07-01T09:15:12.633+0000] {logging_mixin.py:190} INFO - [2026-07-01T09:15:12.633+0000] {dag.py:4138} INFO - Setting next_dagrun for example_external_task_marker_parent to None, run_after=None
[2026-07-01T09:15:12.644+0000] {processor.py:208} INFO - Processing /home/airflow/.local/lib/python3.12/site-packages/airflow/example_dags/example_external_task_marker_dag.py took 0.052 seconds
[2026-07-01T09:15:43.499+0000] {processor.py:186} INFO - Started process (PID=815) to work on /home/airflow/.local/lib/python3.12/site-packages/airflow/example_dags/example_external_task_marker_dag.py
[2026-07-01T09:15:43.501+0000] {processor.py:914} INFO - Processing file /home/airflow/.local/lib/python3.12/site-packages/airflow/example_dags/example_external_task_marker_dag.py for tasks to queue
[2026-07-01T09:15:43.502+0000] {logging_mixin.py:190} INFO - [2026-07-01T09:15:43.502+0000] {dagbag.py:587} INFO - Filling up the DagBag from /home/airflow/.local/lib/python3.12/site-packages/airflow/example_dags/example_external_task_marker_dag.py
[2026-07-01T09:15:43.508+0000] {processor.py:925} INFO - DAG(s) 'example_external_task_marker_child', 'example_external_task_marker_parent' retrieved from /home/airflow/.local/lib/python3.12/site-packages/airflow/example_dags/example_external_task_marker_dag.py
[2026-07-01T09:15:43.525+0000] {logging_mixin.py:190} INFO - [2026-07-01T09:15:43.525+0000] {dag.py:3211} INFO - Sync 2 DAGs
[2026-07-01T09:15:43.535+0000] {logging_mixin.py:190} INFO - [2026-07-01T09:15:43.535+0000] {dag.py:4138} INFO - Setting next_dagrun for example_external_task_marker_child to None, run_after=None
[2026-07-01T09:15:43.537+0000] {logging_mixin.py:190} INFO - [2026-07-01T09:15:43.537+0000] {dag.py:4138} INFO - Setting next_dagrun for example_external_task_marker_parent to None, run_after=None
[2026-07-01T09:15:43.548+0000] {processor.py:208} INFO - Processing /home/airflow/.local/lib/python3.12/site-packages/airflow/example_dags/example_external_task_marker_dag.py took 0.053 seconds
[2026-07-01T09:16:13.686+0000] {processor.py:186} INFO - Started process (PID=877) to work on /home/airflow/.local/lib/python3.12/site-packages/airflow/example_dags/example_external_task_marker_dag.py
[2026-07-01T09:16:13.687+0000] {processor.py:914} INFO - Processing file /home/airflow/.local/lib/python3.12/site-packages/airflow/example_dags/example_external_task_marker_dag.py for tasks to queue
[2026-07-01T09:16:13.689+0000] {logging_mixin.py:190} INFO - [2026-07-01T09:16:13.689+0000] {dagbag.py:587} INFO - Filling up the DagBag from /home/airflow/.local/lib/python3.12/site-packages/airflow/example_dags/example_external_task_marker_dag.py
[2026-07-01T09:16:13.695+0000] {processor.py:925} INFO - DAG(s) 'example_external_task_marker_parent', 'example_external_task_marker_child' retrieved from /home/airflow/.local/lib/python3.12/site-packages/airflow/example_dags/example_external_task_marker_dag.py
[2026-07-01T09:16:13.714+0000] {logging_mixin.py:190} INFO - [2026-07-01T09:16:13.714+0000] {dag.py:3211} INFO - Sync 2 DAGs
[2026-07-01T09:16:13.726+0000] {logging_mixin.py:190} INFO - [2026-07-01T09:16:13.725+0000] {dag.py:4138} INFO - Setting next_dagrun for example_external_task_marker_child to None, run_after=None
[2026-07-01T09:16:13.729+0000] {logging_mixin.py:190} INFO - [2026-07-01T09:16:13.729+0000] {dag.py:4138} INFO - Setting next_dagrun for example_external_task_marker_parent to None, run_after=None
[2026-07-01T09:16:13.741+0000] {processor.py:208} INFO - Processing /home/airflow/.local/lib/python3.12/site-packages/airflow/example_dags/example_external_task_marker_dag.py took 0.059 seconds
[2026-07-01T09:16:43.808+0000] {processor.py:186} INFO - Started process (PID=939) to work on /home/airflow/.local/lib/python3.12/site-packages/airflow/example_dags/example_external_task_marker_dag.py
[2026-07-01T09:16:43.809+0000] {processor.py:914} INFO - Processing file /home/airflow/.local/lib/python3.12/site-packages/airflow/example_dags/example_external_task_marker_dag.py for tasks to queue
[2026-07-01T09:16:43.811+0000] {logging_mixin.py:190} INFO - [2026-07-01T09:16:43.811+0000] {dagbag.py:587} INFO - Filling up the DagBag from /home/airflow/.local/lib/python3.12/site-packages/airflow/example_dags/example_external_task_marker_dag.py
[2026-07-01T09:16:43.818+0000] {processor.py:925} INFO - DAG(s) 'example_external_task_marker_child', 'example_external_task_marker_parent' retrieved from /home/airflow/.local/lib/python3.12/site-packages/airflow/example_dags/example_external_task_marker_dag.py
[2026-07-01T09:16:43.839+0000] {logging_mixin.py:190} INFO - [2026-07-01T09:16:43.839+0000] {dag.py:3211} INFO - Sync 2 DAGs
[2026-07-01T09:16:43.851+0000] {logging_mixin.py:190} INFO - [2026-07-01T09:16:43.850+0000] {dag.py:4138} INFO - Setting next_dagrun for example_external_task_marker_child to None, run_after=None
[2026-07-01T09:16:43.855+0000] {logging_mixin.py:190} INFO - [2026-07-01T09:16:43.855+0000] {dag.py:4138} INFO - Setting next_dagrun for example_external_task_marker_parent to None, run_after=None
[2026-07-01T09:16:43.868+0000] {processor.py:208} INFO - Processing /home/airflow/.local/lib/python3.12/site-packages/airflow/example_dags/example_external_task_marker_dag.py took 0.065 seconds
[2026-07-01T09:17:14.048+0000] {processor.py:186} INFO - Started process (PID=1001) to work on /home/airflow/.local/lib/python3.12/site-packages/airflow/example_dags/example_external_task_marker_dag.py
[2026-07-01T09:17:14.049+0000] {processor.py:914} INFO - Processing file /home/airflow/.local/lib/python3.12/site-packages/airflow/example_dags/example_external_task_marker_dag.py for tasks to queue
[2026-07-01T09:17:14.051+0000] {logging_mixin.py:190} INFO - [2026-07-01T09:17:14.050+0000] {dagbag.py:587} INFO - Filling up the DagBag from /home/airflow/.local/lib/python3.12/site-packages/airflow/example_dags/example_external_task_marker_dag.py
[2026-07-01T09:17:14.058+0000] {processor.py:925} INFO - DAG(s) 'example_external_task_marker_child', 'example_external_task_marker_parent' retrieved from /home/airflow/.local/lib/python3.12/site-packages/airflow/example_dags/example_external_task_marker_dag.py
[2026-07-01T09:17:14.079+0000] {logging_mixin.py:190} INFO - [2026-07-01T09:17:14.079+0000] {dag.py:3211} INFO - Sync 2 DAGs
[2026-07-01T09:17:14.089+0000] {logging_mixin.py:190} INFO - [2026-07-01T09:17:14.089+0000] {dag.py:4138} INFO - Setting next_dagrun for example_external_task_marker_child to None, run_after=None
[2026-07-01T09:17:14.093+0000] {logging_mixin.py:190} INFO - [2026-07-01T09:17:14.092+0000] {dag.py:4138} INFO - Setting next_dagrun for example_external_task_marker_parent to None, run_after=None
[2026-07-01T09:17:14.106+0000] {processor.py:208} INFO - Processing /home/airflow/.local/lib/python3.12/site-packages/airflow/example_dags/example_external_task_marker_dag.py took 0.064 seconds
[2026-07-01T09:17:44.600+0000] {processor.py:186} INFO - Started process (PID=1063) to work on /home/airflow/.local/lib/python3.12/site-packages/airflow/example_dags/example_external_task_marker_dag.py
[2026-07-01T09:17:44.602+0000] {processor.py:914} INFO - Processing file /home/airflow/.local/lib/python3.12/site-packages/airflow/example_dags/example_external_task_marker_dag.py for tasks to queue
[2026-07-01T09:17:44.605+0000] {logging_mixin.py:190} INFO - [2026-07-01T09:17:44.604+0000] {dagbag.py:587} INFO - Filling up the DagBag from /home/airflow/.local/lib/python3.12/site-packages/airflow/example_dags/example_external_task_marker_dag.py
[2026-07-01T09:17:44.614+0000] {processor.py:925} INFO - DAG(s) 'example_external_task_marker_parent', 'example_external_task_marker_child' retrieved from /home/airflow/.local/lib/python3.12/site-packages/airflow/example_dags/example_external_task_marker_dag.py
[2026-07-01T09:17:44.636+0000] {logging_mixin.py:190} INFO - [2026-07-01T09:17:44.635+0000] {dag.py:3211} INFO - Sync 2 DAGs
[2026-07-01T09:17:44.645+0000] {logging_mixin.py:190} INFO - [2026-07-01T09:17:44.645+0000] {dag.py:4138} INFO - Setting next_dagrun for example_external_task_marker_child to None, run_after=None
[2026-07-01T09:17:44.648+0000] {logging_mixin.py:190} INFO - [2026-07-01T09:17:44.648+0000] {dag.py:4138} INFO - Setting next_dagrun for example_external_task_marker_parent to None, run_after=None
[2026-07-01T09:17:44.658+0000] {processor.py:208} INFO - Processing /home/airflow/.local/lib/python3.12/site-packages/airflow/example_dags/example_external_task_marker_dag.py took 0.065 seconds
[2026-07-01T09:18:14.695+0000] {processor.py:186} INFO - Started process (PID=1125) to work on /home/airflow/.local/lib/python3.12/site-packages/airflow/example_dags/example_external_task_marker_dag.py
[2026-07-01T09:18:14.696+0000] {processor.py:914} INFO - Processing file /home/airflow/.local/lib/python3.12/site-packages/airflow/example_dags/example_external_task_marker_dag.py for tasks to queue
[2026-07-01T09:18:14.698+0000] {logging_mixin.py:190} INFO - [2026-07-01T09:18:14.697+0000] {dagbag.py:587} INFO - Filling up the DagBag from /home/airflow/.local/lib/python3.12/site-packages/airflow/example_dags/example_external_task_marker_dag.py
[2026-07-01T09:18:14.703+0000] {processor.py:925} INFO - DAG(s) 'example_external_task_marker_parent', 'example_external_task_marker_child' retrieved from /home/airflow/.local/lib/python3.12/site-packages/airflow/example_dags/example_external_task_marker_dag.py
[2026-07-01T09:18:14.719+0000] {logging_mixin.py:190} INFO - [2026-07-01T09:18:14.719+0000] {dag.py:3211} INFO - Sync 2 DAGs
[2026-07-01T09:18:14.728+0000] {logging_mixin.py:190} INFO - [2026-07-01T09:18:14.728+0000] {dag.py:4138} INFO - Setting next_dagrun for example_external_task_marker_child to None, run_after=None
[2026-07-01T09:18:14.730+0000] {logging_mixin.py:190} INFO - [2026-07-01T09:18:14.730+0000] {dag.py:4138} INFO - Setting next_dagrun for example_external_task_marker_parent to None, run_after=None
[2026-07-01T09:18:14.741+0000] {processor.py:208} INFO - Processing /home/airflow/.local/lib/python3.12/site-packages/airflow/example_dags/example_external_task_marker_dag.py took 0.050 seconds
[2026-07-01T09:18:45.191+0000] {processor.py:186} INFO - Started process (PID=1187) to work on /home/airflow/.local/lib/python3.12/site-packages/airflow/example_dags/example_external_task_marker_dag.py
[2026-07-01T09:18:45.192+0000] {processor.py:914} INFO - Processing file /home/airflow/.local/lib/python3.12/site-packages/airflow/example_dags/example_external_task_marker_dag.py for tasks to queue
[2026-07-01T09:18:45.194+0000] {logging_mixin.py:190} INFO - [2026-07-01T09:18:45.193+0000] {dagbag.py:587} INFO - Filling up the DagBag from /home/airflow/.local/lib/python3.12/site-packages/airflow/example_dags/example_external_task_marker_dag.py
[2026-07-01T09:18:45.199+0000] {processor.py:925} INFO - DAG(s) 'example_external_task_marker_child', 'example_external_task_marker_parent' retrieved from /home/airflow/.local/lib/python3.12/site-packages/airflow/example_dags/example_external_task_marker_dag.py
[2026-07-01T09:18:45.216+0000] {logging_mixin.py:190} INFO - [2026-07-01T09:18:45.216+0000] {dag.py:3211} INFO - Sync 2 DAGs
[2026-07-01T09:18:45.227+0000] {logging_mixin.py:190} INFO - [2026-07-01T09:18:45.227+0000] {dag.py:4138} INFO - Setting next_dagrun for example_external_task_marker_child to None, run_after=None
[2026-07-01T09:18:45.229+0000] {logging_mixin.py:190} INFO - [2026-07-01T09:18:45.229+0000] {dag.py:4138} INFO - Setting next_dagrun for example_external_task_marker_parent to None, run_after=None
[2026-07-01T09:18:45.240+0000] {processor.py:208} INFO - Processing /home/airflow/.local/lib/python3.12/site-packages/airflow/example_dags/example_external_task_marker_dag.py took 0.054 seconds
[2026-07-01T09:19:16.114+0000] {processor.py:186} INFO - Started process (PID=1249) to work on /home/airflow/.local/lib/python3.12/site-packages/airflow/example_dags/example_external_task_marker_dag.py
[2026-07-01T09:19:16.115+0000] {processor.py:914} INFO - Processing file /home/airflow/.local/lib/python3.12/site-packages/airflow/example_dags/example_external_task_marker_dag.py for tasks to queue
[2026-07-01T09:19:16.117+0000] {logging_mixin.py:190} INFO - [2026-07-01T09:19:16.117+0000] {dagbag.py:587} INFO - Filling up the DagBag from /home/airflow/.local/lib/python3.12/site-packages/airflow/example_dags/example_external_task_marker_dag.py
[2026-07-01T09:19:16.122+0000] {processor.py:925} INFO - DAG(s) 'example_external_task_marker_parent', 'example_external_task_marker_child' retrieved from /home/airflow/.local/lib/python3.12/site-packages/airflow/example_dags/example_external_task_marker_dag.py
[2026-07-01T09:19:16.140+0000] {logging_mixin.py:190} INFO - [2026-07-01T09:19:16.140+0000] {dag.py:3211} INFO - Sync 2 DAGs
[2026-07-01T09:19:16.149+0000] {logging_mixin.py:190} INFO - [2026-07-01T09:19:16.149+0000] {dag.py:4138} INFO - Setting next_dagrun for example_external_task_marker_child to None, run_after=None
[2026-07-01T09:19:16.152+0000] {logging_mixin.py:190} INFO - [2026-07-01T09:19:16.152+0000] {dag.py:4138} INFO - Setting next_dagrun for example_external_task_marker_parent to None, run_after=None
[2026-07-01T09:19:16.164+0000] {processor.py:208} INFO - Processing /home/airflow/.local/lib/python3.12/site-packages/airflow/example_dags/example_external_task_marker_dag.py took 0.054 seconds
[2026-07-01T09:19:46.769+0000] {processor.py:186} INFO - Started process (PID=1311) to work on /home/airflow/.local/lib/python3.12/site-packages/airflow/example_dags/example_external_task_marker_dag.py
[2026-07-01T09:19:46.769+0000] {processor.py:914} INFO - Processing file /home/airflow/.local/lib/python3.12/site-packages/airflow/example_dags/example_external_task_marker_dag.py for tasks to queue
[2026-07-01T09:19:46.771+0000] {logging_mixin.py:190} INFO - [2026-07-01T09:19:46.771+0000] {dagbag.py:587} INFO - Filling up the DagBag from /home/airflow/.local/lib/python3.12/site-packages/airflow/example_dags/example_external_task_marker_dag.py
[2026-07-01T09:19:46.777+0000] {processor.py:925} INFO - DAG(s) 'example_external_task_marker_parent', 'example_external_task_marker_child' retrieved from /home/airflow/.local/lib/python3.12/site-packages/airflow/example_dags/example_external_task_marker_dag.py
[2026-07-01T09:19:46.792+0000] {logging_mixin.py:190} INFO - [2026-07-01T09:19:46.792+0000] {dag.py:3211} INFO - Sync 2 DAGs
[2026-07-01T09:19:46.801+0000] {logging_mixin.py:190} INFO - [2026-07-01T09:19:46.801+0000] {dag.py:4138} INFO - Setting next_dagrun for example_external_task_marker_child to None, run_after=None
[2026-07-01T09:19:46.804+0000] {logging_mixin.py:190} INFO - [2026-07-01T09:19:46.803+0000] {dag.py:4138} INFO - Setting next_dagrun for example_external_task_marker_parent to None, run_after=None
[2026-07-01T09:19:46.814+0000] {processor.py:208} INFO - Processing /home/airflow/.local/lib/python3.12/site-packages/airflow/example_dags/example_external_task_marker_dag.py took 0.049 seconds
[2026-07-01T09:20:17.470+0000] {processor.py:186} INFO - Started process (PID=1373) to work on /home/airflow/.local/lib/python3.12/site-packages/airflow/example_dags/example_external_task_marker_dag.py
[2026-07-01T09:20:17.471+0000] {processor.py:914} INFO - Processing file /home/airflow/.local/lib/python3.12/site-packages/airflow/example_dags/example_external_task_marker_dag.py for tasks to queue
[2026-07-01T09:20:17.473+0000] {logging_mixin.py:190} INFO - [2026-07-01T09:20:17.473+0000] {dagbag.py:587} INFO - Filling up the DagBag from /home/airflow/.local/lib/python3.12/site-packages/airflow/example_dags/example_external_task_marker_dag.py
[2026-07-01T09:20:17.480+0000] {processor.py:925} INFO - DAG(s) 'example_external_task_marker_child', 'example_external_task_marker_parent' retrieved from /home/airflow/.local/lib/python3.12/site-packages/airflow/example_dags/example_external_task_marker_dag.py
[2026-07-01T09:20:17.498+0000] {logging_mixin.py:190} INFO - [2026-07-01T09:20:17.497+0000] {dag.py:3211} INFO - Sync 2 DAGs
[2026-07-01T09:20:17.507+0000] {logging_mixin.py:190} INFO - [2026-07-01T09:20:17.507+0000] {dag.py:4138} INFO - Setting next_dagrun for example_external_task_marker_child to None, run_after=None
[2026-07-01T09:20:17.510+0000] {logging_mixin.py:190} INFO - [2026-07-01T09:20:17.510+0000] {dag.py:4138} INFO - Setting next_dagrun for example_external_task_marker_parent to None, run_after=None
[2026-07-01T09:20:17.522+0000] {processor.py:208} INFO - Processing /home/airflow/.local/lib/python3.12/site-packages/airflow/example_dags/example_external_task_marker_dag.py took 0.057 seconds
[2026-07-01T09:20:48.357+0000] {processor.py:186} INFO - Started process (PID=1435) to work on /home/airflow/.local/lib/python3.12/site-packages/airflow/example_dags/example_external_task_marker_dag.py
[2026-07-01T09:20:48.358+0000] {processor.py:914} INFO - Processing file /home/airflow/.local/lib/python3.12/site-packages/airflow/example_dags/example_external_task_marker_dag.py for tasks to queue
[2026-07-01T09:20:48.359+0000] {logging_mixin.py:190} INFO - [2026-07-01T09:20:48.359+0000] {dagbag.py:587} INFO - Filling up the DagBag from /home/airflow/.local/lib/python3.12/site-packages/airflow/example_dags/example_external_task_marker_dag.py
[2026-07-01T09:20:48.365+0000] {processor.py:925} INFO - DAG(s) 'example_external_task_marker_child', 'example_external_task_marker_parent' retrieved from /home/airflow/.local/lib/python3.12/site-packages/airflow/example_dags/example_external_task_marker_dag.py
[2026-07-01T09:20:48.380+0000] {logging_mixin.py:190} INFO - [2026-07-01T09:20:48.380+0000] {dag.py:3211} INFO - Sync 2 DAGs
[2026-07-01T09:20:48.390+0000] {logging_mixin.py:190} INFO - [2026-07-01T09:20:48.389+0000] {dag.py:4138} INFO - Setting next_dagrun for example_external_task_marker_child to None, run_after=None
[2026-07-01T09:20:48.392+0000] {logging_mixin.py:190} INFO - [2026-07-01T09:20:48.392+0000] {dag.py:4138} INFO - Setting next_dagrun for example_external_task_marker_parent to None, run_after=None
[2026-07-01T09:20:48.403+0000] {processor.py:208} INFO - Processing /home/airflow/.local/lib/python3.12/site-packages/airflow/example_dags/example_external_task_marker_dag.py took 0.051 seconds
[2026-07-01T09:21:19.324+0000] {processor.py:186} INFO - Started process (PID=1497) to work on /home/airflow/.local/lib/python3.12/site-packages/airflow/example_dags/example_external_task_marker_dag.py
[2026-07-01T09:21:19.325+0000] {processor.py:914} INFO - Processing file /home/airflow/.local/lib/python3.12/site-packages/airflow/example_dags/example_external_task_marker_dag.py for tasks to queue
[2026-07-01T09:21:19.327+0000] {logging_mixin.py:190} INFO - [2026-07-01T09:21:19.327+0000] {dagbag.py:587} INFO - Filling up the DagBag from /home/airflow/.local/lib/python3.12/site-packages/airflow/example_dags/example_external_task_marker_dag.py
[2026-07-01T09:21:19.335+0000] {processor.py:925} INFO - DAG(s) 'example_external_task_marker_parent', 'example_external_task_marker_child' retrieved from /home/airflow/.local/lib/python3.12/site-packages/airflow/example_dags/example_external_task_marker_dag.py
[2026-07-01T09:21:19.353+0000] {logging_mixin.py:190} INFO - [2026-07-01T09:21:19.353+0000] {dag.py:3211} INFO - Sync 2 DAGs
[2026-07-01T09:21:19.365+0000] {logging_mixin.py:190} INFO - [2026-07-01T09:21:19.364+0000] {dag.py:4138} INFO - Setting next_dagrun for example_external_task_marker_child to None, run_after=None
[2026-07-01T09:21:19.368+0000] {logging_mixin.py:190} INFO - [2026-07-01T09:21:19.368+0000] {dag.py:4138} INFO - Setting next_dagrun for example_external_task_marker_parent to None, run_after=None
[2026-07-01T09:21:19.381+0000] {processor.py:208} INFO - Processing /home/airflow/.local/lib/python3.12/site-packages/airflow/example_dags/example_external_task_marker_dag.py took 0.063 seconds
[2026-07-01T09:21:49.519+0000] {processor.py:186} INFO - Started process (PID=1559) to work on /home/airflow/.local/lib/python3.12/site-packages/airflow/example_dags/example_external_task_marker_dag.py
[2026-07-01T09:21:49.520+0000] {processor.py:914} INFO - Processing file /home/airflow/.local/lib/python3.12/site-packages/airflow/example_dags/example_external_task_marker_dag.py for tasks to queue
[2026-07-01T09:21:49.523+0000] {logging_mixin.py:190} INFO - [2026-07-01T09:21:49.522+0000] {dagbag.py:587} INFO - Filling up the DagBag from /home/airflow/.local/lib/python3.12/site-packages/airflow/example_dags/example_external_task_marker_dag.py
[2026-07-01T09:21:49.530+0000] {processor.py:925} INFO - DAG(s) 'example_external_task_marker_parent', 'example_external_task_marker_child' retrieved from /home/airflow/.local/lib/python3.12/site-packages/airflow/example_dags/example_external_task_marker_dag.py
[2026-07-01T09:21:49.555+0000] {logging_mixin.py:190} INFO - [2026-07-01T09:21:49.555+0000] {dag.py:3211} INFO - Sync 2 DAGs
[2026-07-01T09:21:49.566+0000] {logging_mixin.py:190} INFO - [2026-07-01T09:21:49.566+0000] {dag.py:4138} INFO - Setting next_dagrun for example_external_task_marker_child to None, run_after=None
[2026-07-01T09:21:49.570+0000] {logging_mixin.py:190} INFO - [2026-07-01T09:21:49.570+0000] {dag.py:4138} INFO - Setting next_dagrun for example_external_task_marker_parent to None, run_after=None
[2026-07-01T09:21:49.584+0000] {processor.py:208} INFO - Processing /home/airflow/.local/lib/python3.12/site-packages/airflow/example_dags/example_external_task_marker_dag.py took 0.070 seconds
[2026-07-01T09:22:19.934+0000] {processor.py:186} INFO - Started process (PID=1621) to work on /home/airflow/.local/lib/python3.12/site-packages/airflow/example_dags/example_external_task_marker_dag.py
[2026-07-01T09:22:19.935+0000] {processor.py:914} INFO - Processing file /home/airflow/.local/lib/python3.12/site-packages/airflow/example_dags/example_external_task_marker_dag.py for tasks to queue
[2026-07-01T09:22:19.936+0000] {logging_mixin.py:190} INFO - [2026-07-01T09:22:19.936+0000] {dagbag.py:587} INFO - Filling up the DagBag from /home/airflow/.local/lib/python3.12/site-packages/airflow/example_dags/example_external_task_marker_dag.py
[2026-07-01T09:22:19.942+0000] {processor.py:925} INFO - DAG(s) 'example_external_task_marker_parent', 'example_external_task_marker_child' retrieved from /home/airflow/.local/lib/python3.12/site-packages/airflow/example_dags/example_external_task_marker_dag.py
[2026-07-01T09:22:19.958+0000] {logging_mixin.py:190} INFO - [2026-07-01T09:22:19.958+0000] {dag.py:3211} INFO - Sync 2 DAGs
[2026-07-01T09:22:19.967+0000] {logging_mixin.py:190} INFO - [2026-07-01T09:22:19.967+0000] {dag.py:4138} INFO - Setting next_dagrun for example_external_task_marker_child to None, run_after=None
[2026-07-01T09:22:19.969+0000] {logging_mixin.py:190} INFO - [2026-07-01T09:22:19.969+0000] {dag.py:4138} INFO - Setting next_dagrun for example_external_task_marker_parent to None, run_after=None
[2026-07-01T09:22:19.980+0000] {processor.py:208} INFO - Processing /home/airflow/.local/lib/python3.12/site-packages/airflow/example_dags/example_external_task_marker_dag.py took 0.050 seconds
[2026-07-01T09:22:50.058+0000] {processor.py:186} INFO - Started process (PID=1683) to work on /home/airflow/.local/lib/python3.12/site-packages/airflow/example_dags/example_external_task_marker_dag.py
[2026-07-01T09:22:50.059+0000] {processor.py:914} INFO - Processing file /home/airflow/.local/lib/python3.12/site-packages/airflow/example_dags/example_external_task_marker_dag.py for tasks to queue
[2026-07-01T09:22:50.061+0000] {logging_mixin.py:190} INFO - [2026-07-01T09:22:50.061+0000] {dagbag.py:587} INFO - Filling up the DagBag from /home/airflow/.local/lib/python3.12/site-packages/airflow/example_dags/example_external_task_marker_dag.py
[2026-07-01T09:22:50.068+0000] {processor.py:925} INFO - DAG(s) 'example_external_task_marker_child', 'example_external_task_marker_parent' retrieved from /home/airflow/.local/lib/python3.12/site-packages/airflow/example_dags/example_external_task_marker_dag.py
[2026-07-01T09:22:50.084+0000] {logging_mixin.py:190} INFO - [2026-07-01T09:22:50.084+0000] {dag.py:3211} INFO - Sync 2 DAGs
[2026-07-01T09:22:50.093+0000] {logging_mixin.py:190} INFO - [2026-07-01T09:22:50.093+0000] {dag.py:4138} INFO - Setting next_dagrun for example_external_task_marker_child to None, run_after=None
[2026-07-01T09:22:50.096+0000] {logging_mixin.py:190} INFO - [2026-07-01T09:22:50.096+0000] {dag.py:4138} INFO - Setting next_dagrun for example_external_task_marker_parent to None, run_after=None
[2026-07-01T09:22:50.106+0000] {processor.py:208} INFO - Processing /home/airflow/.local/lib/python3.12/site-packages/airflow/example_dags/example_external_task_marker_dag.py took 0.052 seconds
[2026-07-01T09:23:21.116+0000] {processor.py:186} INFO - Started process (PID=1745) to work on /home/airflow/.local/lib/python3.12/site-packages/airflow/example_dags/example_external_task_marker_dag.py
[2026-07-01T09:23:21.117+0000] {processor.py:914} INFO - Processing file /home/airflow/.local/lib/python3.12/site-packages/airflow/example_dags/example_external_task_marker_dag.py for tasks to queue
[2026-07-01T09:23:21.121+0000] {logging_mixin.py:190} INFO - [2026-07-01T09:23:21.120+0000] {dagbag.py:587} INFO - Filling up the DagBag from /home/airflow/.local/lib/python3.12/site-packages/airflow/example_dags/example_external_task_marker_dag.py
[2026-07-01T09:23:21.130+0000] {processor.py:925} INFO - DAG(s) 'example_external_task_marker_child', 'example_external_task_marker_parent' retrieved from /home/airflow/.local/lib/python3.12/site-packages/airflow/example_dags/example_external_task_marker_dag.py
[2026-07-01T09:23:21.154+0000] {logging_mixin.py:190} INFO - [2026-07-01T09:23:21.153+0000] {dag.py:3211} INFO - Sync 2 DAGs
[2026-07-01T09:23:21.168+0000] {logging_mixin.py:190} INFO - [2026-07-01T09:23:21.168+0000] {dag.py:4138} INFO - Setting next_dagrun for example_external_task_marker_child to None, run_after=None
[2026-07-01T09:23:21.171+0000] {logging_mixin.py:190} INFO - [2026-07-01T09:23:21.171+0000] {dag.py:4138} INFO - Setting next_dagrun for example_external_task_marker_parent to None, run_after=None
[2026-07-01T09:23:21.185+0000] {processor.py:208} INFO - Processing /home/airflow/.local/lib/python3.12/site-packages/airflow/example_dags/example_external_task_marker_dag.py took 0.075 seconds
[2026-07-01T09:23:51.643+0000] {processor.py:186} INFO - Started process (PID=1807) to work on /home/airflow/.local/lib/python3.12/site-packages/airflow/example_dags/example_external_task_marker_dag.py
[2026-07-01T09:23:51.644+0000] {processor.py:914} INFO - Processing file /home/airflow/.local/lib/python3.12/site-packages/airflow/example_dags/example_external_task_marker_dag.py for tasks to queue
[2026-07-01T09:23:51.646+0000] {logging_mixin.py:190} INFO - [2026-07-01T09:23:51.646+0000] {dagbag.py:587} INFO - Filling up the DagBag from /home/airflow/.local/lib/python3.12/site-packages/airflow/example_dags/example_external_task_marker_dag.py
[2026-07-01T09:23:51.652+0000] {processor.py:925} INFO - DAG(s) 'example_external_task_marker_parent', 'example_external_task_marker_child' retrieved from /home/airflow/.local/lib/python3.12/site-packages/airflow/example_dags/example_external_task_marker_dag.py
[2026-07-01T09:23:51.669+0000] {logging_mixin.py:190} INFO - [2026-07-01T09:23:51.669+0000] {dag.py:3211} INFO - Sync 2 DAGs
[2026-07-01T09:23:51.678+0000] {logging_mixin.py:190} INFO - [2026-07-01T09:23:51.678+0000] {dag.py:4138} INFO - Setting next_dagrun for example_external_task_marker_child to None, run_after=None
[2026-07-01T09:23:51.681+0000] {logging_mixin.py:190} INFO - [2026-07-01T09:23:51.680+0000] {dag.py:4138} INFO - Setting next_dagrun for example_external_task_marker_parent to None, run_after=None
[2026-07-01T09:23:51.691+0000] {processor.py:208} INFO - Processing /home/airflow/.local/lib/python3.12/site-packages/airflow/example_dags/example_external_task_marker_dag.py took 0.052 seconds
[2026-07-01T09:24:21.886+0000] {processor.py:186} INFO - Started process (PID=1869) to work on /home/airflow/.local/lib/python3.12/site-packages/airflow/example_dags/example_external_task_marker_dag.py
[2026-07-01T09:24:21.887+0000] {processor.py:914} INFO - Processing file /home/airflow/.local/lib/python3.12/site-packages/airflow/example_dags/example_external_task_marker_dag.py for tasks to queue
[2026-07-01T09:24:21.889+0000] {logging_mixin.py:190} INFO - [2026-07-01T09:24:21.889+0000] {dagbag.py:587} INFO - Filling up the DagBag from /home/airflow/.local/lib/python3.12/site-packages/airflow/example_dags/example_external_task_marker_dag.py
[2026-07-01T09:24:21.895+0000] {processor.py:925} INFO - DAG(s) 'example_external_task_marker_child', 'example_external_task_marker_parent' retrieved from /home/airflow/.local/lib/python3.12/site-packages/airflow/example_dags/example_external_task_marker_dag.py
[2026-07-01T09:24:21.910+0000] {logging_mixin.py:190} INFO - [2026-07-01T09:24:21.910+0000] {dag.py:3211} INFO - Sync 2 DAGs
[2026-07-01T09:24:21.919+0000] {logging_mixin.py:190} INFO - [2026-07-01T09:24:21.919+0000] {dag.py:4138} INFO - Setting next_dagrun for example_external_task_marker_child to None, run_after=None
[2026-07-01T09:24:21.922+0000] {logging_mixin.py:190} INFO - [2026-07-01T09:24:21.922+0000] {dag.py:4138} INFO - Setting next_dagrun for example_external_task_marker_parent to None, run_after=None
[2026-07-01T09:24:21.932+0000] {processor.py:208} INFO - Processing /home/airflow/.local/lib/python3.12/site-packages/airflow/example_dags/example_external_task_marker_dag.py took 0.050 seconds
[2026-07-01T09:24:52.080+0000] {processor.py:186} INFO - Started process (PID=1931) to work on /home/airflow/.local/lib/python3.12/site-packages/airflow/example_dags/example_external_task_marker_dag.py
[2026-07-01T09:24:52.081+0000] {processor.py:914} INFO - Processing file /home/airflow/.local/lib/python3.12/site-packages/airflow/example_dags/example_external_task_marker_dag.py for tasks to queue
[2026-07-01T09:24:52.082+0000] {logging_mixin.py:190} INFO - [2026-07-01T09:24:52.082+0000] {dagbag.py:587} INFO - Filling up the DagBag from /home/airflow/.local/lib/python3.12/site-packages/airflow/example_dags/example_external_task_marker_dag.py
[2026-07-01T09:24:52.089+0000] {processor.py:925} INFO - DAG(s) 'example_external_task_marker_parent', 'example_external_task_marker_child' retrieved from /home/airflow/.local/lib/python3.12/site-packages/airflow/example_dags/example_external_task_marker_dag.py
[2026-07-01T09:24:52.106+0000] {logging_mixin.py:190} INFO - [2026-07-01T09:24:52.106+0000] {dag.py:3211} INFO - Sync 2 DAGs
[2026-07-01T09:24:52.116+0000] {logging_mixin.py:190} INFO - [2026-07-01T09:24:52.116+0000] {dag.py:4138} INFO - Setting next_dagrun for example_external_task_marker_child to None, run_after=None
[2026-07-01T09:24:52.119+0000] {logging_mixin.py:190} INFO - [2026-07-01T09:24:52.119+0000] {dag.py:4138} INFO - Setting next_dagrun for example_external_task_marker_parent to None, run_after=None
[2026-07-01T09:24:52.130+0000] {processor.py:208} INFO - Processing /home/airflow/.local/lib/python3.12/site-packages/airflow/example_dags/example_external_task_marker_dag.py took 0.055 seconds
[2026-07-01T09:25:22.252+0000] {processor.py:186} INFO - Started process (PID=1993) to work on /home/airflow/.local/lib/python3.12/site-packages/airflow/example_dags/example_external_task_marker_dag.py
[2026-07-01T09:25:22.253+0000] {processor.py:914} INFO - Processing file /home/airflow/.local/lib/python3.12/site-packages/airflow/example_dags/example_external_task_marker_dag.py for tasks to queue
[2026-07-01T09:25:22.255+0000] {logging_mixin.py:190} INFO - [2026-07-01T09:25:22.255+0000] {dagbag.py:587} INFO - Filling up the DagBag from /home/airflow/.local/lib/python3.12/site-packages/airflow/example_dags/example_external_task_marker_dag.py
[2026-07-01T09:25:22.260+0000] {processor.py:925} INFO - DAG(s) 'example_external_task_marker_parent', 'example_external_task_marker_child' retrieved from /home/airflow/.local/lib/python3.12/site-packages/airflow/example_dags/example_external_task_marker_dag.py
[2026-07-01T09:25:22.276+0000] {logging_mixin.py:190} INFO - [2026-07-01T09:25:22.276+0000] {dag.py:3211} INFO - Sync 2 DAGs
[2026-07-01T09:25:22.285+0000] {logging_mixin.py:190} INFO - [2026-07-01T09:25:22.285+0000] {dag.py:4138} INFO - Setting next_dagrun for example_external_task_marker_child to None, run_after=None
[2026-07-01T09:25:22.289+0000] {logging_mixin.py:190} INFO - [2026-07-01T09:25:22.289+0000] {dag.py:4138} INFO - Setting next_dagrun for example_external_task_marker_parent to None, run_after=None
[2026-07-01T09:25:22.299+0000] {processor.py:208} INFO - Processing /home/airflow/.local/lib/python3.12/site-packages/airflow/example_dags/example_external_task_marker_dag.py took 0.050 seconds
[2026-07-01T09:30:06.827+0000] {processor.py:186} INFO - Started process (PID=2050) to work on /home/airflow/.local/lib/python3.12/site-packages/airflow/example_dags/example_external_task_marker_dag.py
[2026-07-01T09:30:06.828+0000] {processor.py:914} INFO - Processing file /home/airflow/.local/lib/python3.12/site-packages/airflow/example_dags/example_external_task_marker_dag.py for tasks to queue
[2026-07-01T09:30:06.830+0000] {logging_mixin.py:190} INFO - [2026-07-01T09:30:06.830+0000] {dagbag.py:587} INFO - Filling up the DagBag from /home/airflow/.local/lib/python3.12/site-packages/airflow/example_dags/example_external_task_marker_dag.py
[2026-07-01T09:30:06.836+0000] {processor.py:925} INFO - DAG(s) 'example_external_task_marker_child', 'example_external_task_marker_parent' retrieved from /home/airflow/.local/lib/python3.12/site-packages/airflow/example_dags/example_external_task_marker_dag.py
[2026-07-01T09:30:06.853+0000] {logging_mixin.py:190} INFO - [2026-07-01T09:30:06.852+0000] {dag.py:3211} INFO - Sync 2 DAGs
[2026-07-01T09:30:06.862+0000] {logging_mixin.py:190} INFO - [2026-07-01T09:30:06.862+0000] {dag.py:4138} INFO - Setting next_dagrun for example_external_task_marker_child to None, run_after=None
[2026-07-01T09:30:06.865+0000] {logging_mixin.py:190} INFO - [2026-07-01T09:30:06.865+0000] {dag.py:4138} INFO - Setting next_dagrun for example_external_task_marker_parent to None, run_after=None
[2026-07-01T09:30:06.877+0000] {processor.py:208} INFO - Processing /home/airflow/.local/lib/python3.12/site-packages/airflow/example_dags/example_external_task_marker_dag.py took 0.054 seconds
[2026-07-01T09:30:37.747+0000] {processor.py:186} INFO - Started process (PID=2112) to work on /home/airflow/.local/lib/python3.12/site-packages/airflow/example_dags/example_external_task_marker_dag.py
[2026-07-01T09:30:37.748+0000] {processor.py:914} INFO - Processing file /home/airflow/.local/lib/python3.12/site-packages/airflow/example_dags/example_external_task_marker_dag.py for tasks to queue
[2026-07-01T09:30:37.750+0000] {logging_mixin.py:190} INFO - [2026-07-01T09:30:37.749+0000] {dagbag.py:587} INFO - Filling up the DagBag from /home/airflow/.local/lib/python3.12/site-packages/airflow/example_dags/example_external_task_marker_dag.py
[2026-07-01T09:30:37.756+0000] {processor.py:925} INFO - DAG(s) 'example_external_task_marker_child', 'example_external_task_marker_parent' retrieved from /home/airflow/.local/lib/python3.12/site-packages/airflow/example_dags/example_external_task_marker_dag.py
[2026-07-01T09:30:37.773+0000] {logging_mixin.py:190} INFO - [2026-07-01T09:30:37.772+0000] {dag.py:3211} INFO - Sync 2 DAGs
[2026-07-01T09:30:37.784+0000] {logging_mixin.py:190} INFO - [2026-07-01T09:30:37.783+0000] {dag.py:4138} INFO - Setting next_dagrun for example_external_task_marker_child to None, run_after=None
[2026-07-01T09:30:37.787+0000] {logging_mixin.py:190} INFO - [2026-07-01T09:30:37.786+0000] {dag.py:4138} INFO - Setting next_dagrun for example_external_task_marker_parent to None, run_after=None
[2026-07-01T09:30:37.799+0000] {processor.py:208} INFO - Processing /home/airflow/.local/lib/python3.12/site-packages/airflow/example_dags/example_external_task_marker_dag.py took 0.057 seconds
[2026-07-01T09:31:08.008+0000] {processor.py:186} INFO - Started process (PID=2173) to work on /home/airflow/.local/lib/python3.12/site-packages/airflow/example_dags/example_external_task_marker_dag.py
[2026-07-01T09:31:08.010+0000] {processor.py:914} INFO - Processing file /home/airflow/.local/lib/python3.12/site-packages/airflow/example_dags/example_external_task_marker_dag.py for tasks to queue
[2026-07-01T09:31:08.012+0000] {logging_mixin.py:190} INFO - [2026-07-01T09:31:08.011+0000] {dagbag.py:587} INFO - Filling up the DagBag from /home/airflow/.local/lib/python3.12/site-packages/airflow/example_dags/example_external_task_marker_dag.py
[2026-07-01T09:31:08.018+0000] {processor.py:925} INFO - DAG(s) 'example_external_task_marker_child', 'example_external_task_marker_parent' retrieved from /home/airflow/.local/lib/python3.12/site-packages/airflow/example_dags/example_external_task_marker_dag.py
[2026-07-01T09:31:08.036+0000] {logging_mixin.py:190} INFO - [2026-07-01T09:31:08.036+0000] {dag.py:3211} INFO - Sync 2 DAGs
[2026-07-01T09:31:08.046+0000] {logging_mixin.py:190} INFO - [2026-07-01T09:31:08.046+0000] {dag.py:4138} INFO - Setting next_dagrun for example_external_task_marker_child to None, run_after=None
[2026-07-01T09:31:08.050+0000] {logging_mixin.py:190} INFO - [2026-07-01T09:31:08.050+0000] {dag.py:4138} INFO - Setting next_dagrun for example_external_task_marker_parent to None, run_after=None
[2026-07-01T09:31:08.063+0000] {processor.py:208} INFO - Processing /home/airflow/.local/lib/python3.12/site-packages/airflow/example_dags/example_external_task_marker_dag.py took 0.059 seconds
[2026-07-01T09:31:38.430+0000] {processor.py:186} INFO - Started process (PID=2235) to work on /home/airflow/.local/lib/python3.12/site-packages/airflow/example_dags/example_external_task_marker_dag.py
[2026-07-01T09:31:38.431+0000] {processor.py:914} INFO - Processing file /home/airflow/.local/lib/python3.12/site-packages/airflow/example_dags/example_external_task_marker_dag.py for tasks to queue
[2026-07-01T09:31:38.432+0000] {logging_mixin.py:190} INFO - [2026-07-01T09:31:38.432+0000] {dagbag.py:587} INFO - Filling up the DagBag from /home/airflow/.local/lib/python3.12/site-packages/airflow/example_dags/example_external_task_marker_dag.py
[2026-07-01T09:31:38.438+0000] {processor.py:925} INFO - DAG(s) 'example_external_task_marker_parent', 'example_external_task_marker_child' retrieved from /home/airflow/.local/lib/python3.12/site-packages/airflow/example_dags/example_external_task_marker_dag.py
[2026-07-01T09:31:38.457+0000] {logging_mixin.py:190} INFO - [2026-07-01T09:31:38.456+0000] {dag.py:3211} INFO - Sync 2 DAGs
[2026-07-01T09:31:38.467+0000] {logging_mixin.py:190} INFO - [2026-07-01T09:31:38.467+0000] {dag.py:4138} INFO - Setting next_dagrun for example_external_task_marker_child to None, run_after=None
[2026-07-01T09:31:38.470+0000] {logging_mixin.py:190} INFO - [2026-07-01T09:31:38.469+0000] {dag.py:4138} INFO - Setting next_dagrun for example_external_task_marker_parent to None, run_after=None
[2026-07-01T09:31:38.480+0000] {processor.py:208} INFO - Processing /home/airflow/.local/lib/python3.12/site-packages/airflow/example_dags/example_external_task_marker_dag.py took 0.055 seconds
[2026-07-01T09:32:08.809+0000] {processor.py:186} INFO - Started process (PID=2297) to work on /home/airflow/.local/lib/python3.12/site-packages/airflow/example_dags/example_external_task_marker_dag.py
[2026-07-01T09:32:08.810+0000] {processor.py:914} INFO - Processing file /home/airflow/.local/lib/python3.12/site-packages/airflow/example_dags/example_external_task_marker_dag.py for tasks to queue
[2026-07-01T09:32:08.812+0000] {logging_mixin.py:190} INFO - [2026-07-01T09:32:08.812+0000] {dagbag.py:587} INFO - Filling up the DagBag from /home/airflow/.local/lib/python3.12/site-packages/airflow/example_dags/example_external_task_marker_dag.py
[2026-07-01T09:32:08.818+0000] {processor.py:925} INFO - DAG(s) 'example_external_task_marker_child', 'example_external_task_marker_parent' retrieved from /home/airflow/.local/lib/python3.12/site-packages/airflow/example_dags/example_external_task_marker_dag.py
[2026-07-01T09:32:08.834+0000] {logging_mixin.py:190} INFO - [2026-07-01T09:32:08.834+0000] {dag.py:3211} INFO - Sync 2 DAGs
[2026-07-01T09:32:08.843+0000] {logging_mixin.py:190} INFO - [2026-07-01T09:32:08.843+0000] {dag.py:4138} INFO - Setting next_dagrun for example_external_task_marker_child to None, run_after=None
[2026-07-01T09:32:08.845+0000] {logging_mixin.py:190} INFO - [2026-07-01T09:32:08.845+0000] {dag.py:4138} INFO - Setting next_dagrun for example_external_task_marker_parent to None, run_after=None
[2026-07-01T09:32:08.857+0000] {processor.py:208} INFO - Processing /home/airflow/.local/lib/python3.12/site-packages/airflow/example_dags/example_external_task_marker_dag.py took 0.052 seconds
[2026-07-01T09:32:39.092+0000] {processor.py:186} INFO - Started process (PID=2359) to work on /home/airflow/.local/lib/python3.12/site-packages/airflow/example_dags/example_external_task_marker_dag.py
[2026-07-01T09:32:39.093+0000] {processor.py:914} INFO - Processing file /home/airflow/.local/lib/python3.12/site-packages/airflow/example_dags/example_external_task_marker_dag.py for tasks to queue
[2026-07-01T09:32:39.095+0000] {logging_mixin.py:190} INFO - [2026-07-01T09:32:39.095+0000] {dagbag.py:587} INFO - Filling up the DagBag from /home/airflow/.local/lib/python3.12/site-packages/airflow/example_dags/example_external_task_marker_dag.py
[2026-07-01T09:32:39.102+0000] {processor.py:925} INFO - DAG(s) 'example_external_task_marker_child', 'example_external_task_marker_parent' retrieved from /home/airflow/.local/lib/python3.12/site-packages/airflow/example_dags/example_external_task_marker_dag.py
[2026-07-01T09:32:39.119+0000] {logging_mixin.py:190} INFO - [2026-07-01T09:32:39.119+0000] {dag.py:3211} INFO - Sync 2 DAGs
[2026-07-01T09:32:39.130+0000] {logging_mixin.py:190} INFO - [2026-07-01T09:32:39.130+0000] {dag.py:4138} INFO - Setting next_dagrun for example_external_task_marker_child to None, run_after=None
[2026-07-01T09:32:39.133+0000] {logging_mixin.py:190} INFO - [2026-07-01T09:32:39.132+0000] {dag.py:4138} INFO - Setting next_dagrun for example_external_task_marker_parent to None, run_after=None
[2026-07-01T09:32:39.144+0000] {processor.py:208} INFO - Processing /home/airflow/.local/lib/python3.12/site-packages/airflow/example_dags/example_external_task_marker_dag.py took 0.058 seconds
[2026-07-01T09:33:09.696+0000] {processor.py:186} INFO - Started process (PID=2421) to work on /home/airflow/.local/lib/python3.12/site-packages/airflow/example_dags/example_external_task_marker_dag.py
[2026-07-01T09:33:09.697+0000] {processor.py:914} INFO - Processing file /home/airflow/.local/lib/python3.12/site-packages/airflow/example_dags/example_external_task_marker_dag.py for tasks to queue
[2026-07-01T09:33:09.698+0000] {logging_mixin.py:190} INFO - [2026-07-01T09:33:09.698+0000] {dagbag.py:587} INFO - Filling up the DagBag from /home/airflow/.local/lib/python3.12/site-packages/airflow/example_dags/example_external_task_marker_dag.py
[2026-07-01T09:33:09.704+0000] {processor.py:925} INFO - DAG(s) 'example_external_task_marker_parent', 'example_external_task_marker_child' retrieved from /home/airflow/.local/lib/python3.12/site-packages/airflow/example_dags/example_external_task_marker_dag.py
[2026-07-01T09:33:09.720+0000] {logging_mixin.py:190} INFO - [2026-07-01T09:33:09.720+0000] {dag.py:3211} INFO - Sync 2 DAGs
[2026-07-01T09:33:09.729+0000] {logging_mixin.py:190} INFO - [2026-07-01T09:33:09.729+0000] {dag.py:4138} INFO - Setting next_dagrun for example_external_task_marker_child to None, run_after=None
[2026-07-01T09:33:09.732+0000] {logging_mixin.py:190} INFO - [2026-07-01T09:33:09.732+0000] {dag.py:4138} INFO - Setting next_dagrun for example_external_task_marker_parent to None, run_after=None
[2026-07-01T09:33:09.743+0000] {processor.py:208} INFO - Processing /home/airflow/.local/lib/python3.12/site-packages/airflow/example_dags/example_external_task_marker_dag.py took 0.052 seconds
[2026-07-01T09:33:40.327+0000] {processor.py:186} INFO - Started process (PID=2483) to work on /home/airflow/.local/lib/python3.12/site-packages/airflow/example_dags/example_external_task_marker_dag.py
[2026-07-01T09:33:40.328+0000] {processor.py:914} INFO - Processing file /home/airflow/.local/lib/python3.12/site-packages/airflow/example_dags/example_external_task_marker_dag.py for tasks to queue
[2026-07-01T09:33:40.330+0000] {logging_mixin.py:190} INFO - [2026-07-01T09:33:40.330+0000] {dagbag.py:587} INFO - Filling up the DagBag from /home/airflow/.local/lib/python3.12/site-packages/airflow/example_dags/example_external_task_marker_dag.py
[2026-07-01T09:33:40.336+0000] {processor.py:925} INFO - DAG(s) 'example_external_task_marker_child', 'example_external_task_marker_parent' retrieved from /home/airflow/.local/lib/python3.12/site-packages/airflow/example_dags/example_external_task_marker_dag.py
[2026-07-01T09:33:40.353+0000] {logging_mixin.py:190} INFO - [2026-07-01T09:33:40.353+0000] {dag.py:3211} INFO - Sync 2 DAGs
[2026-07-01T09:33:40.362+0000] {logging_mixin.py:190} INFO - [2026-07-01T09:33:40.362+0000] {dag.py:4138} INFO - Setting next_dagrun for example_external_task_marker_child to None, run_after=None
[2026-07-01T09:33:40.365+0000] {logging_mixin.py:190} INFO - [2026-07-01T09:33:40.365+0000] {dag.py:4138} INFO - Setting next_dagrun for example_external_task_marker_parent to None, run_after=None
[2026-07-01T09:33:40.375+0000] {processor.py:208} INFO - Processing /home/airflow/.local/lib/python3.12/site-packages/airflow/example_dags/example_external_task_marker_dag.py took 0.053 seconds
[2026-07-01T09:34:11.348+0000] {processor.py:186} INFO - Started process (PID=2545) to work on /home/airflow/.local/lib/python3.12/site-packages/airflow/example_dags/example_external_task_marker_dag.py
[2026-07-01T09:34:11.349+0000] {processor.py:914} INFO - Processing file /home/airflow/.local/lib/python3.12/site-packages/airflow/example_dags/example_external_task_marker_dag.py for tasks to queue
[2026-07-01T09:34:11.352+0000] {logging_mixin.py:190} INFO - [2026-07-01T09:34:11.351+0000] {dagbag.py:587} INFO - Filling up the DagBag from /home/airflow/.local/lib/python3.12/site-packages/airflow/example_dags/example_external_task_marker_dag.py
[2026-07-01T09:34:11.359+0000] {processor.py:925} INFO - DAG(s) 'example_external_task_marker_child', 'example_external_task_marker_parent' retrieved from /home/airflow/.local/lib/python3.12/site-packages/airflow/example_dags/example_external_task_marker_dag.py
[2026-07-01T09:34:11.378+0000] {logging_mixin.py:190} INFO - [2026-07-01T09:34:11.378+0000] {dag.py:3211} INFO - Sync 2 DAGs
[2026-07-01T09:34:11.391+0000] {logging_mixin.py:190} INFO - [2026-07-01T09:34:11.390+0000] {dag.py:4138} INFO - Setting next_dagrun for example_external_task_marker_child to None, run_after=None
[2026-07-01T09:34:11.395+0000] {logging_mixin.py:190} INFO - [2026-07-01T09:34:11.395+0000] {dag.py:4138} INFO - Setting next_dagrun for example_external_task_marker_parent to None, run_after=None
[2026-07-01T09:34:11.408+0000] {processor.py:208} INFO - Processing /home/airflow/.local/lib/python3.12/site-packages/airflow/example_dags/example_external_task_marker_dag.py took 0.065 seconds
[2026-07-01T09:34:42.220+0000] {processor.py:186} INFO - Started process (PID=2607) to work on /home/airflow/.local/lib/python3.12/site-packages/airflow/example_dags/example_external_task_marker_dag.py
[2026-07-01T09:34:42.221+0000] {processor.py:914} INFO - Processing file /home/airflow/.local/lib/python3.12/site-packages/airflow/example_dags/example_external_task_marker_dag.py for tasks to queue
[2026-07-01T09:34:42.223+0000] {logging_mixin.py:190} INFO - [2026-07-01T09:34:42.223+0000] {dagbag.py:587} INFO - Filling up the DagBag from /home/airflow/.local/lib/python3.12/site-packages/airflow/example_dags/example_external_task_marker_dag.py
[2026-07-01T09:34:42.229+0000] {processor.py:925} INFO - DAG(s) 'example_external_task_marker_child', 'example_external_task_marker_parent' retrieved from /home/airflow/.local/lib/python3.12/site-packages/airflow/example_dags/example_external_task_marker_dag.py
[2026-07-01T09:34:42.245+0000] {logging_mixin.py:190} INFO - [2026-07-01T09:34:42.245+0000] {dag.py:3211} INFO - Sync 2 DAGs
[2026-07-01T09:34:42.258+0000] {logging_mixin.py:190} INFO - [2026-07-01T09:34:42.258+0000] {dag.py:4138} INFO - Setting next_dagrun for example_external_task_marker_child to None, run_after=None
[2026-07-01T09:34:42.261+0000] {logging_mixin.py:190} INFO - [2026-07-01T09:34:42.261+0000] {dag.py:4138} INFO - Setting next_dagrun for example_external_task_marker_parent to None, run_after=None
[2026-07-01T09:34:42.276+0000] {processor.py:208} INFO - Processing /home/airflow/.local/lib/python3.12/site-packages/airflow/example_dags/example_external_task_marker_dag.py took 0.060 seconds
[2026-07-01T09:35:12.911+0000] {processor.py:186} INFO - Started process (PID=2669) to work on /home/airflow/.local/lib/python3.12/site-packages/airflow/example_dags/example_external_task_marker_dag.py
[2026-07-01T09:35:12.912+0000] {processor.py:914} INFO - Processing file /home/airflow/.local/lib/python3.12/site-packages/airflow/example_dags/example_external_task_marker_dag.py for tasks to queue
[2026-07-01T09:35:12.914+0000] {logging_mixin.py:190} INFO - [2026-07-01T09:35:12.914+0000] {dagbag.py:587} INFO - Filling up the DagBag from /home/airflow/.local/lib/python3.12/site-packages/airflow/example_dags/example_external_task_marker_dag.py
[2026-07-01T09:35:12.920+0000] {processor.py:925} INFO - DAG(s) 'example_external_task_marker_child', 'example_external_task_marker_parent' retrieved from /home/airflow/.local/lib/python3.12/site-packages/airflow/example_dags/example_external_task_marker_dag.py
[2026-07-01T09:35:12.937+0000] {logging_mixin.py:190} INFO - [2026-07-01T09:35:12.937+0000] {dag.py:3211} INFO - Sync 2 DAGs
[2026-07-01T09:35:12.947+0000] {logging_mixin.py:190} INFO - [2026-07-01T09:35:12.947+0000] {dag.py:4138} INFO - Setting next_dagrun for example_external_task_marker_child to None, run_after=None
[2026-07-01T09:35:12.950+0000] {logging_mixin.py:190} INFO - [2026-07-01T09:35:12.950+0000] {dag.py:4138} INFO - Setting next_dagrun for example_external_task_marker_parent to None, run_after=None
[2026-07-01T09:35:12.963+0000] {processor.py:208} INFO - Processing /home/airflow/.local/lib/python3.12/site-packages/airflow/example_dags/example_external_task_marker_dag.py took 0.057 seconds
[2026-07-01T09:35:43.471+0000] {processor.py:186} INFO - Started process (PID=2731) to work on /home/airflow/.local/lib/python3.12/site-packages/airflow/example_dags/example_external_task_marker_dag.py
[2026-07-01T09:35:43.473+0000] {processor.py:914} INFO - Processing file /home/airflow/.local/lib/python3.12/site-packages/airflow/example_dags/example_external_task_marker_dag.py for tasks to queue
[2026-07-01T09:35:43.475+0000] {logging_mixin.py:190} INFO - [2026-07-01T09:35:43.474+0000] {dagbag.py:587} INFO - Filling up the DagBag from /home/airflow/.local/lib/python3.12/site-packages/airflow/example_dags/example_external_task_marker_dag.py
[2026-07-01T09:35:43.482+0000] {processor.py:925} INFO - DAG(s) 'example_external_task_marker_parent', 'example_external_task_marker_child' retrieved from /home/airflow/.local/lib/python3.12/site-packages/airflow/example_dags/example_external_task_marker_dag.py
[2026-07-01T09:35:43.505+0000] {logging_mixin.py:190} INFO - [2026-07-01T09:35:43.505+0000] {dag.py:3211} INFO - Sync 2 DAGs
[2026-07-01T09:35:43.518+0000] {logging_mixin.py:190} INFO - [2026-07-01T09:35:43.517+0000] {dag.py:4138} INFO - Setting next_dagrun for example_external_task_marker_child to None, run_after=None
[2026-07-01T09:35:43.521+0000] {logging_mixin.py:190} INFO - [2026-07-01T09:35:43.521+0000] {dag.py:4138} INFO - Setting next_dagrun for example_external_task_marker_parent to None, run_after=None
[2026-07-01T09:35:43.536+0000] {processor.py:208} INFO - Processing /home/airflow/.local/lib/python3.12/site-packages/airflow/example_dags/example_external_task_marker_dag.py took 0.070 seconds
[2026-07-01T09:36:14.011+0000] {processor.py:186} INFO - Started process (PID=2793) to work on /home/airflow/.local/lib/python3.12/site-packages/airflow/example_dags/example_external_task_marker_dag.py
[2026-07-01T09:36:14.012+0000] {processor.py:914} INFO - Processing file /home/airflow/.local/lib/python3.12/site-packages/airflow/example_dags/example_external_task_marker_dag.py for tasks to queue
[2026-07-01T09:36:14.014+0000] {logging_mixin.py:190} INFO - [2026-07-01T09:36:14.014+0000] {dagbag.py:587} INFO - Filling up the DagBag from /home/airflow/.local/lib/python3.12/site-packages/airflow/example_dags/example_external_task_marker_dag.py
[2026-07-01T09:36:14.019+0000] {processor.py:925} INFO - DAG(s) 'example_external_task_marker_child', 'example_external_task_marker_parent' retrieved from /home/airflow/.local/lib/python3.12/site-packages/airflow/example_dags/example_external_task_marker_dag.py
[2026-07-01T09:36:14.035+0000] {logging_mixin.py:190} INFO - [2026-07-01T09:36:14.035+0000] {dag.py:3211} INFO - Sync 2 DAGs
[2026-07-01T09:36:14.044+0000] {logging_mixin.py:190} INFO - [2026-07-01T09:36:14.044+0000] {dag.py:4138} INFO - Setting next_dagrun for example_external_task_marker_child to None, run_after=None
[2026-07-01T09:36:14.048+0000] {logging_mixin.py:190} INFO - [2026-07-01T09:36:14.048+0000] {dag.py:4138} INFO - Setting next_dagrun for example_external_task_marker_parent to None, run_after=None
[2026-07-01T09:36:14.059+0000] {processor.py:208} INFO - Processing /home/airflow/.local/lib/python3.12/site-packages/airflow/example_dags/example_external_task_marker_dag.py took 0.052 seconds
[2026-07-01T09:36:45.158+0000] {processor.py:186} INFO - Started process (PID=2856) to work on /home/airflow/.local/lib/python3.12/site-packages/airflow/example_dags/example_external_task_marker_dag.py
[2026-07-01T09:36:45.160+0000] {processor.py:914} INFO - Processing file /home/airflow/.local/lib/python3.12/site-packages/airflow/example_dags/example_external_task_marker_dag.py for tasks to queue
[2026-07-01T09:36:45.162+0000] {logging_mixin.py:190} INFO - [2026-07-01T09:36:45.162+0000] {dagbag.py:587} INFO - Filling up the DagBag from /home/airflow/.local/lib/python3.12/site-packages/airflow/example_dags/example_external_task_marker_dag.py
[2026-07-01T09:36:45.168+0000] {processor.py:925} INFO - DAG(s) 'example_external_task_marker_child', 'example_external_task_marker_parent' retrieved from /home/airflow/.local/lib/python3.12/site-packages/airflow/example_dags/example_external_task_marker_dag.py
[2026-07-01T09:36:45.186+0000] {logging_mixin.py:190} INFO - [2026-07-01T09:36:45.185+0000] {dag.py:3211} INFO - Sync 2 DAGs
[2026-07-01T09:36:45.196+0000] {logging_mixin.py:190} INFO - [2026-07-01T09:36:45.196+0000] {dag.py:4138} INFO - Setting next_dagrun for example_external_task_marker_child to None, run_after=None
[2026-07-01T09:36:45.199+0000] {logging_mixin.py:190} INFO - [2026-07-01T09:36:45.199+0000] {dag.py:4138} INFO - Setting next_dagrun for example_external_task_marker_parent to None, run_after=None
[2026-07-01T09:36:45.211+0000] {processor.py:208} INFO - Processing /home/airflow/.local/lib/python3.12/site-packages/airflow/example_dags/example_external_task_marker_dag.py took 0.058 seconds
[2026-07-01T09:37:16.205+0000] {processor.py:186} INFO - Started process (PID=2918) to work on /home/airflow/.local/lib/python3.12/site-packages/airflow/example_dags/example_external_task_marker_dag.py
[2026-07-01T09:37:16.206+0000] {processor.py:914} INFO - Processing file /home/airflow/.local/lib/python3.12/site-packages/airflow/example_dags/example_external_task_marker_dag.py for tasks to queue
[2026-07-01T09:37:16.208+0000] {logging_mixin.py:190} INFO - [2026-07-01T09:37:16.208+0000] {dagbag.py:587} INFO - Filling up the DagBag from /home/airflow/.local/lib/python3.12/site-packages/airflow/example_dags/example_external_task_marker_dag.py
[2026-07-01T09:37:16.215+0000] {processor.py:925} INFO - DAG(s) 'example_external_task_marker_child', 'example_external_task_marker_parent' retrieved from /home/airflow/.local/lib/python3.12/site-packages/airflow/example_dags/example_external_task_marker_dag.py
[2026-07-01T09:37:16.232+0000] {logging_mixin.py:190} INFO - [2026-07-01T09:37:16.232+0000] {dag.py:3211} INFO - Sync 2 DAGs
[2026-07-01T09:37:16.243+0000] {logging_mixin.py:190} INFO - [2026-07-01T09:37:16.243+0000] {dag.py:4138} INFO - Setting next_dagrun for example_external_task_marker_child to None, run_after=None
[2026-07-01T09:37:16.246+0000] {logging_mixin.py:190} INFO - [2026-07-01T09:37:16.246+0000] {dag.py:4138} INFO - Setting next_dagrun for example_external_task_marker_parent to None, run_after=None
[2026-07-01T09:37:16.421+0000] {processor.py:208} INFO - Processing /home/airflow/.local/lib/python3.12/site-packages/airflow/example_dags/example_external_task_marker_dag.py took 0.221 seconds
[2026-07-01T09:37:47.025+0000] {processor.py:186} INFO - Started process (PID=2980) to work on /home/airflow/.local/lib/python3.12/site-packages/airflow/example_dags/example_external_task_marker_dag.py
[2026-07-01T09:37:47.027+0000] {processor.py:914} INFO - Processing file /home/airflow/.local/lib/python3.12/site-packages/airflow/example_dags/example_external_task_marker_dag.py for tasks to queue
[2026-07-01T09:37:47.029+0000] {logging_mixin.py:190} INFO - [2026-07-01T09:37:47.028+0000] {dagbag.py:587} INFO - Filling up the DagBag from /home/airflow/.local/lib/python3.12/site-packages/airflow/example_dags/example_external_task_marker_dag.py
[2026-07-01T09:37:47.037+0000] {processor.py:925} INFO - DAG(s) 'example_external_task_marker_child', 'example_external_task_marker_parent' retrieved from /home/airflow/.local/lib/python3.12/site-packages/airflow/example_dags/example_external_task_marker_dag.py
[2026-07-01T09:37:47.057+0000] {logging_mixin.py:190} INFO - [2026-07-01T09:37:47.057+0000] {dag.py:3211} INFO - Sync 2 DAGs
[2026-07-01T09:37:47.069+0000] {logging_mixin.py:190} INFO - [2026-07-01T09:37:47.069+0000] {dag.py:4138} INFO - Setting next_dagrun for example_external_task_marker_child to None, run_after=None
[2026-07-01T09:37:47.073+0000] {logging_mixin.py:190} INFO - [2026-07-01T09:37:47.073+0000] {dag.py:4138} INFO - Setting next_dagrun for example_external_task_marker_parent to None, run_after=None
[2026-07-01T09:37:47.088+0000] {processor.py:208} INFO - Processing /home/airflow/.local/lib/python3.12/site-packages/airflow/example_dags/example_external_task_marker_dag.py took 0.068 seconds
[2026-07-01T09:38:17.903+0000] {processor.py:186} INFO - Started process (PID=3042) to work on /home/airflow/.local/lib/python3.12/site-packages/airflow/example_dags/example_external_task_marker_dag.py
[2026-07-01T09:38:17.904+0000] {processor.py:914} INFO - Processing file /home/airflow/.local/lib/python3.12/site-packages/airflow/example_dags/example_external_task_marker_dag.py for tasks to queue
[2026-07-01T09:38:17.905+0000] {logging_mixin.py:190} INFO - [2026-07-01T09:38:17.905+0000] {dagbag.py:587} INFO - Filling up the DagBag from /home/airflow/.local/lib/python3.12/site-packages/airflow/example_dags/example_external_task_marker_dag.py
[2026-07-01T09:38:17.912+0000] {processor.py:925} INFO - DAG(s) 'example_external_task_marker_parent', 'example_external_task_marker_child' retrieved from /home/airflow/.local/lib/python3.12/site-packages/airflow/example_dags/example_external_task_marker_dag.py
[2026-07-01T09:38:17.928+0000] {logging_mixin.py:190} INFO - [2026-07-01T09:38:17.928+0000] {dag.py:3211} INFO - Sync 2 DAGs
[2026-07-01T09:38:17.938+0000] {logging_mixin.py:190} INFO - [2026-07-01T09:38:17.938+0000] {dag.py:4138} INFO - Setting next_dagrun for example_external_task_marker_child to None, run_after=None
[2026-07-01T09:38:17.941+0000] {logging_mixin.py:190} INFO - [2026-07-01T09:38:17.941+0000] {dag.py:4138} INFO - Setting next_dagrun for example_external_task_marker_parent to None, run_after=None
[2026-07-01T09:38:17.954+0000] {processor.py:208} INFO - Processing /home/airflow/.local/lib/python3.12/site-packages/airflow/example_dags/example_external_task_marker_dag.py took 0.056 seconds
[2026-07-01T09:38:48.917+0000] {processor.py:186} INFO - Started process (PID=3104) to work on /home/airflow/.local/lib/python3.12/site-packages/airflow/example_dags/example_external_task_marker_dag.py
[2026-07-01T09:38:48.919+0000] {processor.py:914} INFO - Processing file /home/airflow/.local/lib/python3.12/site-packages/airflow/example_dags/example_external_task_marker_dag.py for tasks to queue
[2026-07-01T09:38:48.922+0000] {logging_mixin.py:190} INFO - [2026-07-01T09:38:48.921+0000] {dagbag.py:587} INFO - Filling up the DagBag from /home/airflow/.local/lib/python3.12/site-packages/airflow/example_dags/example_external_task_marker_dag.py
[2026-07-01T09:38:48.930+0000] {processor.py:925} INFO - DAG(s) 'example_external_task_marker_parent', 'example_external_task_marker_child' retrieved from /home/airflow/.local/lib/python3.12/site-packages/airflow/example_dags/example_external_task_marker_dag.py
[2026-07-01T09:38:48.951+0000] {logging_mixin.py:190} INFO - [2026-07-01T09:38:48.951+0000] {dag.py:3211} INFO - Sync 2 DAGs
[2026-07-01T09:38:48.962+0000] {logging_mixin.py:190} INFO - [2026-07-01T09:38:48.962+0000] {dag.py:4138} INFO - Setting next_dagrun for example_external_task_marker_child to None, run_after=None
[2026-07-01T09:38:48.966+0000] {logging_mixin.py:190} INFO - [2026-07-01T09:38:48.965+0000] {dag.py:4138} INFO - Setting next_dagrun for example_external_task_marker_parent to None, run_after=None
[2026-07-01T09:38:48.977+0000] {processor.py:208} INFO - Processing /home/airflow/.local/lib/python3.12/site-packages/airflow/example_dags/example_external_task_marker_dag.py took 0.066 seconds
[2026-07-01T09:39:19.615+0000] {processor.py:186} INFO - Started process (PID=3171) to work on /home/airflow/.local/lib/python3.12/site-packages/airflow/example_dags/example_external_task_marker_dag.py
[2026-07-01T09:39:19.616+0000] {processor.py:914} INFO - Processing file /home/airflow/.local/lib/python3.12/site-packages/airflow/example_dags/example_external_task_marker_dag.py for tasks to queue
[2026-07-01T09:39:19.617+0000] {logging_mixin.py:190} INFO - [2026-07-01T09:39:19.617+0000] {dagbag.py:587} INFO - Filling up the DagBag from /home/airflow/.local/lib/python3.12/site-packages/airflow/example_dags/example_external_task_marker_dag.py
[2026-07-01T09:39:19.623+0000] {processor.py:925} INFO - DAG(s) 'example_external_task_marker_child', 'example_external_task_marker_parent' retrieved from /home/airflow/.local/lib/python3.12/site-packages/airflow/example_dags/example_external_task_marker_dag.py
[2026-07-01T09:39:19.641+0000] {logging_mixin.py:190} INFO - [2026-07-01T09:39:19.641+0000] {dag.py:3211} INFO - Sync 2 DAGs
[2026-07-01T09:39:19.654+0000] {logging_mixin.py:190} INFO - [2026-07-01T09:39:19.654+0000] {dag.py:4138} INFO - Setting next_dagrun for example_external_task_marker_child to None, run_after=None
[2026-07-01T09:39:19.656+0000] {logging_mixin.py:190} INFO - [2026-07-01T09:39:19.656+0000] {dag.py:4138} INFO - Setting next_dagrun for example_external_task_marker_parent to None, run_after=None
[2026-07-01T09:39:19.668+0000] {processor.py:208} INFO - Processing /home/airflow/.local/lib/python3.12/site-packages/airflow/example_dags/example_external_task_marker_dag.py took 0.058 seconds
[2026-07-01T09:39:50.135+0000] {processor.py:186} INFO - Started process (PID=3233) to work on /home/airflow/.local/lib/python3.12/site-packages/airflow/example_dags/example_external_task_marker_dag.py
[2026-07-01T09:39:50.136+0000] {processor.py:914} INFO - Processing file /home/airflow/.local/lib/python3.12/site-packages/airflow/example_dags/example_external_task_marker_dag.py for tasks to queue
[2026-07-01T09:39:50.137+0000] {logging_mixin.py:190} INFO - [2026-07-01T09:39:50.137+0000] {dagbag.py:587} INFO - Filling up the DagBag from /home/airflow/.local/lib/python3.12/site-packages/airflow/example_dags/example_external_task_marker_dag.py
[2026-07-01T09:39:50.144+0000] {processor.py:925} INFO - DAG(s) 'example_external_task_marker_parent', 'example_external_task_marker_child' retrieved from /home/airflow/.local/lib/python3.12/site-packages/airflow/example_dags/example_external_task_marker_dag.py
[2026-07-01T09:39:50.161+0000] {logging_mixin.py:190} INFO - [2026-07-01T09:39:50.161+0000] {dag.py:3211} INFO - Sync 2 DAGs
[2026-07-01T09:39:50.172+0000] {logging_mixin.py:190} INFO - [2026-07-01T09:39:50.172+0000] {dag.py:4138} INFO - Setting next_dagrun for example_external_task_marker_child to None, run_after=None
[2026-07-01T09:39:50.177+0000] {logging_mixin.py:190} INFO - [2026-07-01T09:39:50.177+0000] {dag.py:4138} INFO - Setting next_dagrun for example_external_task_marker_parent to None, run_after=None
[2026-07-01T09:39:50.188+0000] {processor.py:208} INFO - Processing /home/airflow/.local/lib/python3.12/site-packages/airflow/example_dags/example_external_task_marker_dag.py took 0.058 seconds
[2026-07-01T09:40:20.914+0000] {processor.py:186} INFO - Started process (PID=3295) to work on /home/airflow/.local/lib/python3.12/site-packages/airflow/example_dags/example_external_task_marker_dag.py
[2026-07-01T09:40:20.915+0000] {processor.py:914} INFO - Processing file /home/airflow/.local/lib/python3.12/site-packages/airflow/example_dags/example_external_task_marker_dag.py for tasks to queue
[2026-07-01T09:40:20.917+0000] {logging_mixin.py:190} INFO - [2026-07-01T09:40:20.916+0000] {dagbag.py:587} INFO - Filling up the DagBag from /home/airflow/.local/lib/python3.12/site-packages/airflow/example_dags/example_external_task_marker_dag.py
[2026-07-01T09:40:21.059+0000] {processor.py:925} INFO - DAG(s) 'example_external_task_marker_parent', 'example_external_task_marker_child' retrieved from /home/airflow/.local/lib/python3.12/site-packages/airflow/example_dags/example_external_task_marker_dag.py
[2026-07-01T09:40:21.073+0000] {logging_mixin.py:190} INFO - [2026-07-01T09:40:21.073+0000] {dag.py:3211} INFO - Sync 2 DAGs
[2026-07-01T09:40:21.081+0000] {logging_mixin.py:190} INFO - [2026-07-01T09:40:21.081+0000] {dag.py:4138} INFO - Setting next_dagrun for example_external_task_marker_child to None, run_after=None
[2026-07-01T09:40:21.084+0000] {logging_mixin.py:190} INFO - [2026-07-01T09:40:21.084+0000] {dag.py:4138} INFO - Setting next_dagrun for example_external_task_marker_parent to None, run_after=None
[2026-07-01T09:40:21.095+0000] {processor.py:208} INFO - Processing /home/airflow/.local/lib/python3.12/site-packages/airflow/example_dags/example_external_task_marker_dag.py took 0.185 seconds
[2026-07-01T09:40:51.694+0000] {processor.py:186} INFO - Started process (PID=3357) to work on /home/airflow/.local/lib/python3.12/site-packages/airflow/example_dags/example_external_task_marker_dag.py
[2026-07-01T09:40:51.695+0000] {processor.py:914} INFO - Processing file /home/airflow/.local/lib/python3.12/site-packages/airflow/example_dags/example_external_task_marker_dag.py for tasks to queue
[2026-07-01T09:40:51.697+0000] {logging_mixin.py:190} INFO - [2026-07-01T09:40:51.697+0000] {dagbag.py:587} INFO - Filling up the DagBag from /home/airflow/.local/lib/python3.12/site-packages/airflow/example_dags/example_external_task_marker_dag.py
[2026-07-01T09:40:51.705+0000] {processor.py:925} INFO - DAG(s) 'example_external_task_marker_parent', 'example_external_task_marker_child' retrieved from /home/airflow/.local/lib/python3.12/site-packages/airflow/example_dags/example_external_task_marker_dag.py
[2026-07-01T09:40:51.726+0000] {logging_mixin.py:190} INFO - [2026-07-01T09:40:51.725+0000] {dag.py:3211} INFO - Sync 2 DAGs
[2026-07-01T09:40:51.738+0000] {logging_mixin.py:190} INFO - [2026-07-01T09:40:51.737+0000] {dag.py:4138} INFO - Setting next_dagrun for example_external_task_marker_child to None, run_after=None
[2026-07-01T09:40:51.740+0000] {logging_mixin.py:190} INFO - [2026-07-01T09:40:51.740+0000] {dag.py:4138} INFO - Setting next_dagrun for example_external_task_marker_parent to None, run_after=None
[2026-07-01T09:40:51.751+0000] {processor.py:208} INFO - Processing /home/airflow/.local/lib/python3.12/site-packages/airflow/example_dags/example_external_task_marker_dag.py took 0.062 seconds
[2026-07-01T09:41:22.150+0000] {processor.py:186} INFO - Started process (PID=3419) to work on /home/airflow/.local/lib/python3.12/site-packages/airflow/example_dags/example_external_task_marker_dag.py
[2026-07-01T09:41:22.152+0000] {processor.py:914} INFO - Processing file /home/airflow/.local/lib/python3.12/site-packages/airflow/example_dags/example_external_task_marker_dag.py for tasks to queue
[2026-07-01T09:41:22.155+0000] {logging_mixin.py:190} INFO - [2026-07-01T09:41:22.155+0000] {dagbag.py:587} INFO - Filling up the DagBag from /home/airflow/.local/lib/python3.12/site-packages/airflow/example_dags/example_external_task_marker_dag.py
[2026-07-01T09:41:22.161+0000] {processor.py:925} INFO - DAG(s) 'example_external_task_marker_parent', 'example_external_task_marker_child' retrieved from /home/airflow/.local/lib/python3.12/site-packages/airflow/example_dags/example_external_task_marker_dag.py
[2026-07-01T09:41:22.179+0000] {logging_mixin.py:190} INFO - [2026-07-01T09:41:22.179+0000] {dag.py:3211} INFO - Sync 2 DAGs
[2026-07-01T09:41:22.189+0000] {logging_mixin.py:190} INFO - [2026-07-01T09:41:22.189+0000] {dag.py:4138} INFO - Setting next_dagrun for example_external_task_marker_child to None, run_after=None
[2026-07-01T09:41:22.193+0000] {logging_mixin.py:190} INFO - [2026-07-01T09:41:22.192+0000] {dag.py:4138} INFO - Setting next_dagrun for example_external_task_marker_parent to None, run_after=None
[2026-07-01T09:41:22.205+0000] {processor.py:208} INFO - Processing /home/airflow/.local/lib/python3.12/site-packages/airflow/example_dags/example_external_task_marker_dag.py took 0.059 seconds
[2026-07-01T09:41:52.433+0000] {processor.py:186} INFO - Started process (PID=3481) to work on /home/airflow/.local/lib/python3.12/site-packages/airflow/example_dags/example_external_task_marker_dag.py
[2026-07-01T09:41:52.434+0000] {processor.py:914} INFO - Processing file /home/airflow/.local/lib/python3.12/site-packages/airflow/example_dags/example_external_task_marker_dag.py for tasks to queue
[2026-07-01T09:41:52.436+0000] {logging_mixin.py:190} INFO - [2026-07-01T09:41:52.436+0000] {dagbag.py:587} INFO - Filling up the DagBag from /home/airflow/.local/lib/python3.12/site-packages/airflow/example_dags/example_external_task_marker_dag.py
[2026-07-01T09:41:52.442+0000] {processor.py:925} INFO - DAG(s) 'example_external_task_marker_child', 'example_external_task_marker_parent' retrieved from /home/airflow/.local/lib/python3.12/site-packages/airflow/example_dags/example_external_task_marker_dag.py
[2026-07-01T09:41:52.460+0000] {logging_mixin.py:190} INFO - [2026-07-01T09:41:52.460+0000] {dag.py:3211} INFO - Sync 2 DAGs
[2026-07-01T09:41:52.470+0000] {logging_mixin.py:190} INFO - [2026-07-01T09:41:52.469+0000] {dag.py:4138} INFO - Setting next_dagrun for example_external_task_marker_child to None, run_after=None
[2026-07-01T09:41:52.473+0000] {logging_mixin.py:190} INFO - [2026-07-01T09:41:52.473+0000] {dag.py:4138} INFO - Setting next_dagrun for example_external_task_marker_parent to None, run_after=None
[2026-07-01T09:41:52.484+0000] {processor.py:208} INFO - Processing /home/airflow/.local/lib/python3.12/site-packages/airflow/example_dags/example_external_task_marker_dag.py took 0.057 seconds
[2026-07-01T09:42:22.547+0000] {processor.py:186} INFO - Started process (PID=3543) to work on /home/airflow/.local/lib/python3.12/site-packages/airflow/example_dags/example_external_task_marker_dag.py
[2026-07-01T09:42:22.548+0000] {processor.py:914} INFO - Processing file /home/airflow/.local/lib/python3.12/site-packages/airflow/example_dags/example_external_task_marker_dag.py for tasks to queue
[2026-07-01T09:42:22.551+0000] {logging_mixin.py:190} INFO - [2026-07-01T09:42:22.550+0000] {dagbag.py:587} INFO - Filling up the DagBag from /home/airflow/.local/lib/python3.12/site-packages/airflow/example_dags/example_external_task_marker_dag.py
[2026-07-01T09:42:22.557+0000] {processor.py:925} INFO - DAG(s) 'example_external_task_marker_child', 'example_external_task_marker_parent' retrieved from /home/airflow/.local/lib/python3.12/site-packages/airflow/example_dags/example_external_task_marker_dag.py
[2026-07-01T09:42:22.574+0000] {logging_mixin.py:190} INFO - [2026-07-01T09:42:22.574+0000] {dag.py:3211} INFO - Sync 2 DAGs
[2026-07-01T09:42:22.585+0000] {logging_mixin.py:190} INFO - [2026-07-01T09:42:22.585+0000] {dag.py:4138} INFO - Setting next_dagrun for example_external_task_marker_child to None, run_after=None
[2026-07-01T09:42:22.588+0000] {logging_mixin.py:190} INFO - [2026-07-01T09:42:22.588+0000] {dag.py:4138} INFO - Setting next_dagrun for example_external_task_marker_parent to None, run_after=None
[2026-07-01T09:42:22.600+0000] {processor.py:208} INFO - Processing /home/airflow/.local/lib/python3.12/site-packages/airflow/example_dags/example_external_task_marker_dag.py took 0.057 seconds
[2026-07-01T09:42:52.952+0000] {processor.py:186} INFO - Started process (PID=3605) to work on /home/airflow/.local/lib/python3.12/site-packages/airflow/example_dags/example_external_task_marker_dag.py
[2026-07-01T09:42:52.954+0000] {processor.py:914} INFO - Processing file /home/airflow/.local/lib/python3.12/site-packages/airflow/example_dags/example_external_task_marker_dag.py for tasks to queue
[2026-07-01T09:42:52.956+0000] {logging_mixin.py:190} INFO - [2026-07-01T09:42:52.956+0000] {dagbag.py:587} INFO - Filling up the DagBag from /home/airflow/.local/lib/python3.12/site-packages/airflow/example_dags/example_external_task_marker_dag.py
[2026-07-01T09:42:52.963+0000] {processor.py:925} INFO - DAG(s) 'example_external_task_marker_child', 'example_external_task_marker_parent' retrieved from /home/airflow/.local/lib/python3.12/site-packages/airflow/example_dags/example_external_task_marker_dag.py
[2026-07-01T09:42:52.980+0000] {logging_mixin.py:190} INFO - [2026-07-01T09:42:52.979+0000] {dag.py:3211} INFO - Sync 2 DAGs
[2026-07-01T09:42:52.989+0000] {logging_mixin.py:190} INFO - [2026-07-01T09:42:52.989+0000] {dag.py:4138} INFO - Setting next_dagrun for example_external_task_marker_child to None, run_after=None
[2026-07-01T09:42:52.992+0000] {logging_mixin.py:190} INFO - [2026-07-01T09:42:52.992+0000] {dag.py:4138} INFO - Setting next_dagrun for example_external_task_marker_parent to None, run_after=None
[2026-07-01T09:42:53.003+0000] {processor.py:208} INFO - Processing /home/airflow/.local/lib/python3.12/site-packages/airflow/example_dags/example_external_task_marker_dag.py took 0.056 seconds
[2026-07-01T09:43:23.424+0000] {processor.py:186} INFO - Started process (PID=3667) to work on /home/airflow/.local/lib/python3.12/site-packages/airflow/example_dags/example_external_task_marker_dag.py
[2026-07-01T09:43:23.425+0000] {processor.py:914} INFO - Processing file /home/airflow/.local/lib/python3.12/site-packages/airflow/example_dags/example_external_task_marker_dag.py for tasks to queue
[2026-07-01T09:43:23.427+0000] {logging_mixin.py:190} INFO - [2026-07-01T09:43:23.427+0000] {dagbag.py:587} INFO - Filling up the DagBag from /home/airflow/.local/lib/python3.12/site-packages/airflow/example_dags/example_external_task_marker_dag.py
[2026-07-01T09:43:23.433+0000] {processor.py:925} INFO - DAG(s) 'example_external_task_marker_parent', 'example_external_task_marker_child' retrieved from /home/airflow/.local/lib/python3.12/site-packages/airflow/example_dags/example_external_task_marker_dag.py
[2026-07-01T09:43:23.450+0000] {logging_mixin.py:190} INFO - [2026-07-01T09:43:23.450+0000] {dag.py:3211} INFO - Sync 2 DAGs
[2026-07-01T09:43:23.459+0000] {logging_mixin.py:190} INFO - [2026-07-01T09:43:23.459+0000] {dag.py:4138} INFO - Setting next_dagrun for example_external_task_marker_child to None, run_after=None
[2026-07-01T09:43:23.461+0000] {logging_mixin.py:190} INFO - [2026-07-01T09:43:23.461+0000] {dag.py:4138} INFO - Setting next_dagrun for example_external_task_marker_parent to None, run_after=None
[2026-07-01T09:43:23.472+0000] {processor.py:208} INFO - Processing /home/airflow/.local/lib/python3.12/site-packages/airflow/example_dags/example_external_task_marker_dag.py took 0.052 seconds
[2026-07-01T09:43:53.640+0000] {processor.py:186} INFO - Started process (PID=3729) to work on /home/airflow/.local/lib/python3.12/site-packages/airflow/example_dags/example_external_task_marker_dag.py
[2026-07-01T09:43:53.641+0000] {processor.py:914} INFO - Processing file /home/airflow/.local/lib/python3.12/site-packages/airflow/example_dags/example_external_task_marker_dag.py for tasks to queue
[2026-07-01T09:43:53.644+0000] {logging_mixin.py:190} INFO - [2026-07-01T09:43:53.644+0000] {dagbag.py:587} INFO - Filling up the DagBag from /home/airflow/.local/lib/python3.12/site-packages/airflow/example_dags/example_external_task_marker_dag.py
[2026-07-01T09:43:53.651+0000] {processor.py:925} INFO - DAG(s) 'example_external_task_marker_parent', 'example_external_task_marker_child' retrieved from /home/airflow/.local/lib/python3.12/site-packages/airflow/example_dags/example_external_task_marker_dag.py
[2026-07-01T09:43:53.672+0000] {logging_mixin.py:190} INFO - [2026-07-01T09:43:53.672+0000] {dag.py:3211} INFO - Sync 2 DAGs
[2026-07-01T09:43:53.682+0000] {logging_mixin.py:190} INFO - [2026-07-01T09:43:53.682+0000] {dag.py:4138} INFO - Setting next_dagrun for example_external_task_marker_child to None, run_after=None
[2026-07-01T09:43:53.685+0000] {logging_mixin.py:190} INFO - [2026-07-01T09:43:53.685+0000] {dag.py:4138} INFO - Setting next_dagrun for example_external_task_marker_parent to None, run_after=None
[2026-07-01T09:43:53.697+0000] {processor.py:208} INFO - Processing /home/airflow/.local/lib/python3.12/site-packages/airflow/example_dags/example_external_task_marker_dag.py took 0.065 seconds
[2026-07-01T09:44:24.118+0000] {processor.py:186} INFO - Started process (PID=3791) to work on /home/airflow/.local/lib/python3.12/site-packages/airflow/example_dags/example_external_task_marker_dag.py
[2026-07-01T09:44:24.119+0000] {processor.py:914} INFO - Processing file /home/airflow/.local/lib/python3.12/site-packages/airflow/example_dags/example_external_task_marker_dag.py for tasks to queue
[2026-07-01T09:44:24.120+0000] {logging_mixin.py:190} INFO - [2026-07-01T09:44:24.120+0000] {dagbag.py:587} INFO - Filling up the DagBag from /home/airflow/.local/lib/python3.12/site-packages/airflow/example_dags/example_external_task_marker_dag.py
[2026-07-01T09:44:24.126+0000] {processor.py:925} INFO - DAG(s) 'example_external_task_marker_child', 'example_external_task_marker_parent' retrieved from /home/airflow/.local/lib/python3.12/site-packages/airflow/example_dags/example_external_task_marker_dag.py
[2026-07-01T09:44:24.142+0000] {logging_mixin.py:190} INFO - [2026-07-01T09:44:24.142+0000] {dag.py:3211} INFO - Sync 2 DAGs
[2026-07-01T09:44:24.152+0000] {logging_mixin.py:190} INFO - [2026-07-01T09:44:24.152+0000] {dag.py:4138} INFO - Setting next_dagrun for example_external_task_marker_child to None, run_after=None
[2026-07-01T09:44:24.155+0000] {logging_mixin.py:190} INFO - [2026-07-01T09:44:24.154+0000] {dag.py:4138} INFO - Setting next_dagrun for example_external_task_marker_parent to None, run_after=None
[2026-07-01T09:44:24.166+0000] {processor.py:208} INFO - Processing /home/airflow/.local/lib/python3.12/site-packages/airflow/example_dags/example_external_task_marker_dag.py took 0.053 seconds
[2026-07-01T09:44:54.395+0000] {processor.py:186} INFO - Started process (PID=3853) to work on /home/airflow/.local/lib/python3.12/site-packages/airflow/example_dags/example_external_task_marker_dag.py
[2026-07-01T09:44:54.396+0000] {processor.py:914} INFO - Processing file /home/airflow/.local/lib/python3.12/site-packages/airflow/example_dags/example_external_task_marker_dag.py for tasks to queue
[2026-07-01T09:44:54.398+0000] {logging_mixin.py:190} INFO - [2026-07-01T09:44:54.398+0000] {dagbag.py:587} INFO - Filling up the DagBag from /home/airflow/.local/lib/python3.12/site-packages/airflow/example_dags/example_external_task_marker_dag.py
[2026-07-01T09:44:54.405+0000] {processor.py:925} INFO - DAG(s) 'example_external_task_marker_child', 'example_external_task_marker_parent' retrieved from /home/airflow/.local/lib/python3.12/site-packages/airflow/example_dags/example_external_task_marker_dag.py
[2026-07-01T09:44:54.422+0000] {logging_mixin.py:190} INFO - [2026-07-01T09:44:54.422+0000] {dag.py:3211} INFO - Sync 2 DAGs
[2026-07-01T09:44:54.434+0000] {logging_mixin.py:190} INFO - [2026-07-01T09:44:54.433+0000] {dag.py:4138} INFO - Setting next_dagrun for example_external_task_marker_child to None, run_after=None
[2026-07-01T09:44:54.436+0000] {logging_mixin.py:190} INFO - [2026-07-01T09:44:54.436+0000] {dag.py:4138} INFO - Setting next_dagrun for example_external_task_marker_parent to None, run_after=None
[2026-07-01T09:44:54.449+0000] {processor.py:208} INFO - Processing /home/airflow/.local/lib/python3.12/site-packages/airflow/example_dags/example_external_task_marker_dag.py took 0.062 seconds
[2026-07-01T09:45:24.841+0000] {processor.py:186} INFO - Started process (PID=3915) to work on /home/airflow/.local/lib/python3.12/site-packages/airflow/example_dags/example_external_task_marker_dag.py
[2026-07-01T09:45:24.843+0000] {processor.py:914} INFO - Processing file /home/airflow/.local/lib/python3.12/site-packages/airflow/example_dags/example_external_task_marker_dag.py for tasks to queue
[2026-07-01T09:45:24.845+0000] {logging_mixin.py:190} INFO - [2026-07-01T09:45:24.845+0000] {dagbag.py:587} INFO - Filling up the DagBag from /home/airflow/.local/lib/python3.12/site-packages/airflow/example_dags/example_external_task_marker_dag.py
[2026-07-01T09:45:24.853+0000] {processor.py:925} INFO - DAG(s) 'example_external_task_marker_child', 'example_external_task_marker_parent' retrieved from /home/airflow/.local/lib/python3.12/site-packages/airflow/example_dags/example_external_task_marker_dag.py
[2026-07-01T09:45:24.873+0000] {logging_mixin.py:190} INFO - [2026-07-01T09:45:24.872+0000] {dag.py:3211} INFO - Sync 2 DAGs
[2026-07-01T09:45:24.886+0000] {logging_mixin.py:190} INFO - [2026-07-01T09:45:24.886+0000] {dag.py:4138} INFO - Setting next_dagrun for example_external_task_marker_child to None, run_after=None
[2026-07-01T09:45:24.890+0000] {logging_mixin.py:190} INFO - [2026-07-01T09:45:24.890+0000] {dag.py:4138} INFO - Setting next_dagrun for example_external_task_marker_parent to None, run_after=None
[2026-07-01T09:45:24.906+0000] {processor.py:208} INFO - Processing /home/airflow/.local/lib/python3.12/site-packages/airflow/example_dags/example_external_task_marker_dag.py took 0.070 seconds
