[2026-07-01T09:09:42.757+0000] {processor.py:186} INFO - Started process (PID=111) to work on /home/airflow/.local/lib/python3.12/site-packages/airflow/example_dags/example_subdag_operator.py
[2026-07-01T09:09:42.758+0000] {processor.py:914} INFO - Processing file /home/airflow/.local/lib/python3.12/site-packages/airflow/example_dags/example_subdag_operator.py for tasks to queue
[2026-07-01T09:09:42.760+0000] {logging_mixin.py:190} INFO - [2026-07-01T09:09:42.760+0000] {dagbag.py:587} INFO - Filling up the DagBag from /home/airflow/.local/lib/python3.12/site-packages/airflow/example_dags/example_subdag_operator.py
[2026-07-01T09:09:42.784+0000] {processor.py:925} INFO - DAG(s) 'example_subdag_operator.section-1', 'example_subdag_operator.section-2', 'example_subdag_operator' retrieved from /home/airflow/.local/lib/python3.12/site-packages/airflow/example_dags/example_subdag_operator.py
[2026-07-01T09:09:42.873+0000] {logging_mixin.py:190} INFO - [2026-07-01T09:09:42.873+0000] {override.py:1858} INFO - Created Permission View: can read on DAG:example_subdag_operator
[2026-07-01T09:09:42.883+0000] {logging_mixin.py:190} INFO - [2026-07-01T09:09:42.883+0000] {override.py:1858} INFO - Created Permission View: can delete on DAG:example_subdag_operator
[2026-07-01T09:09:42.890+0000] {logging_mixin.py:190} INFO - [2026-07-01T09:09:42.889+0000] {override.py:1858} INFO - Created Permission View: can edit on DAG:example_subdag_operator
[2026-07-01T09:09:42.891+0000] {logging_mixin.py:190} INFO - [2026-07-01T09:09:42.890+0000] {dag.py:3211} INFO - Sync 3 DAGs
[2026-07-01T09:09:42.903+0000] {logging_mixin.py:190} INFO - [2026-07-01T09:09:42.903+0000] {dag.py:3234} INFO - Creating ORM DAG for example_subdag_operator.section-2
[2026-07-01T09:09:42.905+0000] {logging_mixin.py:190} INFO - [2026-07-01T09:09:42.905+0000] {dag.py:3234} INFO - Creating ORM DAG for example_subdag_operator
[2026-07-01T09:09:42.906+0000] {logging_mixin.py:190} INFO - [2026-07-01T09:09:42.906+0000] {dag.py:3234} INFO - Creating ORM DAG for example_subdag_operator.section-1
[2026-07-01T09:09:42.915+0000] {logging_mixin.py:190} INFO - [2026-07-01T09:09:42.914+0000] {dag.py:4138} INFO - Setting next_dagrun for example_subdag_operator to 2022-01-01 00:00:00+00:00, run_after=2022-01-01 00:00:00+00:00
[2026-07-01T09:09:42.919+0000] {logging_mixin.py:190} INFO - [2026-07-01T09:09:42.919+0000] {dag.py:4138} INFO - Setting next_dagrun for example_subdag_operator.section-1 to None, run_after=None
[2026-07-01T09:09:42.920+0000] {logging_mixin.py:190} INFO - [2026-07-01T09:09:42.920+0000] {dag.py:4138} INFO - Setting next_dagrun for example_subdag_operator.section-2 to None, run_after=None
[2026-07-01T09:09:42.929+0000] {logging_mixin.py:190} INFO - [2026-07-01T09:09:42.929+0000] {dag.py:3211} INFO - Sync 2 DAGs
[2026-07-01T09:09:42.934+0000] {logging_mixin.py:190} INFO - [2026-07-01T09:09:42.934+0000] {dag.py:4138} INFO - Setting next_dagrun for example_subdag_operator.section-1 to None, run_after=None
[2026-07-01T09:09:42.937+0000] {logging_mixin.py:190} INFO - [2026-07-01T09:09:42.937+0000] {dag.py:4138} INFO - Setting next_dagrun for example_subdag_operator.section-2 to None, run_after=None
[2026-07-01T09:09:42.947+0000] {processor.py:208} INFO - Processing /home/airflow/.local/lib/python3.12/site-packages/airflow/example_dags/example_subdag_operator.py took 0.195 seconds
[2026-07-01T09:10:13.547+0000] {processor.py:186} INFO - Started process (PID=173) to work on /home/airflow/.local/lib/python3.12/site-packages/airflow/example_dags/example_subdag_operator.py
[2026-07-01T09:10:13.549+0000] {processor.py:914} INFO - Processing file /home/airflow/.local/lib/python3.12/site-packages/airflow/example_dags/example_subdag_operator.py for tasks to queue
[2026-07-01T09:10:13.551+0000] {logging_mixin.py:190} INFO - [2026-07-01T09:10:13.550+0000] {dagbag.py:587} INFO - Filling up the DagBag from /home/airflow/.local/lib/python3.12/site-packages/airflow/example_dags/example_subdag_operator.py
[2026-07-01T09:10:13.568+0000] {processor.py:925} INFO - DAG(s) 'example_subdag_operator.section-1', 'example_subdag_operator.section-2', 'example_subdag_operator' retrieved from /home/airflow/.local/lib/python3.12/site-packages/airflow/example_dags/example_subdag_operator.py
[2026-07-01T09:10:13.578+0000] {logging_mixin.py:190} INFO - [2026-07-01T09:10:13.578+0000] {dag.py:3211} INFO - Sync 3 DAGs
[2026-07-01T09:10:13.593+0000] {logging_mixin.py:190} INFO - [2026-07-01T09:10:13.593+0000] {dag.py:4138} INFO - Setting next_dagrun for example_subdag_operator to 2022-01-01 00:00:00+00:00, run_after=2022-01-01 00:00:00+00:00
[2026-07-01T09:10:13.595+0000] {logging_mixin.py:190} INFO - [2026-07-01T09:10:13.595+0000] {dag.py:4138} INFO - Setting next_dagrun for example_subdag_operator.section-1 to None, run_after=None
[2026-07-01T09:10:13.596+0000] {logging_mixin.py:190} INFO - [2026-07-01T09:10:13.596+0000] {dag.py:4138} INFO - Setting next_dagrun for example_subdag_operator.section-2 to None, run_after=None
[2026-07-01T09:10:13.600+0000] {logging_mixin.py:190} INFO - [2026-07-01T09:10:13.600+0000] {dag.py:3211} INFO - Sync 2 DAGs
[2026-07-01T09:10:13.604+0000] {logging_mixin.py:190} INFO - [2026-07-01T09:10:13.604+0000] {dag.py:4138} INFO - Setting next_dagrun for example_subdag_operator.section-1 to None, run_after=None
[2026-07-01T09:10:13.604+0000] {logging_mixin.py:190} INFO - [2026-07-01T09:10:13.604+0000] {dag.py:4138} INFO - Setting next_dagrun for example_subdag_operator.section-2 to None, run_after=None
[2026-07-01T09:10:13.612+0000] {processor.py:208} INFO - Processing /home/airflow/.local/lib/python3.12/site-packages/airflow/example_dags/example_subdag_operator.py took 0.068 seconds
[2026-07-01T09:10:43.722+0000] {processor.py:186} INFO - Started process (PID=235) to work on /home/airflow/.local/lib/python3.12/site-packages/airflow/example_dags/example_subdag_operator.py
[2026-07-01T09:10:43.723+0000] {processor.py:914} INFO - Processing file /home/airflow/.local/lib/python3.12/site-packages/airflow/example_dags/example_subdag_operator.py for tasks to queue
[2026-07-01T09:10:43.725+0000] {logging_mixin.py:190} INFO - [2026-07-01T09:10:43.724+0000] {dagbag.py:587} INFO - Filling up the DagBag from /home/airflow/.local/lib/python3.12/site-packages/airflow/example_dags/example_subdag_operator.py
[2026-07-01T09:10:43.744+0000] {processor.py:925} INFO - DAG(s) 'example_subdag_operator.section-1', 'example_subdag_operator.section-2', 'example_subdag_operator' retrieved from /home/airflow/.local/lib/python3.12/site-packages/airflow/example_dags/example_subdag_operator.py
[2026-07-01T09:10:43.755+0000] {logging_mixin.py:190} INFO - [2026-07-01T09:10:43.755+0000] {dag.py:3211} INFO - Sync 3 DAGs
[2026-07-01T09:10:43.773+0000] {logging_mixin.py:190} INFO - [2026-07-01T09:10:43.773+0000] {dag.py:4138} INFO - Setting next_dagrun for example_subdag_operator to 2022-01-01 00:00:00+00:00, run_after=2022-01-01 00:00:00+00:00
[2026-07-01T09:10:43.776+0000] {logging_mixin.py:190} INFO - [2026-07-01T09:10:43.776+0000] {dag.py:4138} INFO - Setting next_dagrun for example_subdag_operator.section-1 to None, run_after=None
[2026-07-01T09:10:43.777+0000] {logging_mixin.py:190} INFO - [2026-07-01T09:10:43.777+0000] {dag.py:4138} INFO - Setting next_dagrun for example_subdag_operator.section-2 to None, run_after=None
[2026-07-01T09:10:43.783+0000] {logging_mixin.py:190} INFO - [2026-07-01T09:10:43.783+0000] {dag.py:3211} INFO - Sync 2 DAGs
[2026-07-01T09:10:43.787+0000] {logging_mixin.py:190} INFO - [2026-07-01T09:10:43.787+0000] {dag.py:4138} INFO - Setting next_dagrun for example_subdag_operator.section-1 to None, run_after=None
[2026-07-01T09:10:43.788+0000] {logging_mixin.py:190} INFO - [2026-07-01T09:10:43.788+0000] {dag.py:4138} INFO - Setting next_dagrun for example_subdag_operator.section-2 to None, run_after=None
[2026-07-01T09:10:43.798+0000] {processor.py:208} INFO - Processing /home/airflow/.local/lib/python3.12/site-packages/airflow/example_dags/example_subdag_operator.py took 0.080 seconds
[2026-07-01T09:11:13.909+0000] {processor.py:186} INFO - Started process (PID=296) to work on /home/airflow/.local/lib/python3.12/site-packages/airflow/example_dags/example_subdag_operator.py
[2026-07-01T09:11:13.911+0000] {processor.py:914} INFO - Processing file /home/airflow/.local/lib/python3.12/site-packages/airflow/example_dags/example_subdag_operator.py for tasks to queue
[2026-07-01T09:11:13.912+0000] {logging_mixin.py:190} INFO - [2026-07-01T09:11:13.912+0000] {dagbag.py:587} INFO - Filling up the DagBag from /home/airflow/.local/lib/python3.12/site-packages/airflow/example_dags/example_subdag_operator.py
[2026-07-01T09:11:13.929+0000] {processor.py:925} INFO - DAG(s) 'example_subdag_operator.section-1', 'example_subdag_operator.section-2', 'example_subdag_operator' retrieved from /home/airflow/.local/lib/python3.12/site-packages/airflow/example_dags/example_subdag_operator.py
[2026-07-01T09:11:13.938+0000] {logging_mixin.py:190} INFO - [2026-07-01T09:11:13.938+0000] {dag.py:3211} INFO - Sync 3 DAGs
[2026-07-01T09:11:13.952+0000] {logging_mixin.py:190} INFO - [2026-07-01T09:11:13.952+0000] {dag.py:4138} INFO - Setting next_dagrun for example_subdag_operator to 2022-01-01 00:00:00+00:00, run_after=2022-01-01 00:00:00+00:00
[2026-07-01T09:11:13.955+0000] {logging_mixin.py:190} INFO - [2026-07-01T09:11:13.955+0000] {dag.py:4138} INFO - Setting next_dagrun for example_subdag_operator.section-1 to None, run_after=None
[2026-07-01T09:11:13.957+0000] {logging_mixin.py:190} INFO - [2026-07-01T09:11:13.957+0000] {dag.py:4138} INFO - Setting next_dagrun for example_subdag_operator.section-2 to None, run_after=None
[2026-07-01T09:11:13.962+0000] {logging_mixin.py:190} INFO - [2026-07-01T09:11:13.962+0000] {dag.py:3211} INFO - Sync 2 DAGs
[2026-07-01T09:11:13.966+0000] {logging_mixin.py:190} INFO - [2026-07-01T09:11:13.966+0000] {dag.py:4138} INFO - Setting next_dagrun for example_subdag_operator.section-1 to None, run_after=None
[2026-07-01T09:11:13.967+0000] {logging_mixin.py:190} INFO - [2026-07-01T09:11:13.967+0000] {dag.py:4138} INFO - Setting next_dagrun for example_subdag_operator.section-2 to None, run_after=None
[2026-07-01T09:11:13.974+0000] {processor.py:208} INFO - Processing /home/airflow/.local/lib/python3.12/site-packages/airflow/example_dags/example_subdag_operator.py took 0.069 seconds
[2026-07-01T09:11:44.414+0000] {processor.py:186} INFO - Started process (PID=359) to work on /home/airflow/.local/lib/python3.12/site-packages/airflow/example_dags/example_subdag_operator.py
[2026-07-01T09:11:44.415+0000] {processor.py:914} INFO - Processing file /home/airflow/.local/lib/python3.12/site-packages/airflow/example_dags/example_subdag_operator.py for tasks to queue
[2026-07-01T09:11:44.416+0000] {logging_mixin.py:190} INFO - [2026-07-01T09:11:44.416+0000] {dagbag.py:587} INFO - Filling up the DagBag from /home/airflow/.local/lib/python3.12/site-packages/airflow/example_dags/example_subdag_operator.py
[2026-07-01T09:11:44.433+0000] {processor.py:925} INFO - DAG(s) 'example_subdag_operator.section-1', 'example_subdag_operator.section-2', 'example_subdag_operator' retrieved from /home/airflow/.local/lib/python3.12/site-packages/airflow/example_dags/example_subdag_operator.py
[2026-07-01T09:11:44.443+0000] {logging_mixin.py:190} INFO - [2026-07-01T09:11:44.442+0000] {dag.py:3211} INFO - Sync 3 DAGs
[2026-07-01T09:11:44.456+0000] {logging_mixin.py:190} INFO - [2026-07-01T09:11:44.456+0000] {dag.py:4138} INFO - Setting next_dagrun for example_subdag_operator to 2022-01-01 00:00:00+00:00, run_after=2022-01-01 00:00:00+00:00
[2026-07-01T09:11:44.458+0000] {logging_mixin.py:190} INFO - [2026-07-01T09:11:44.458+0000] {dag.py:4138} INFO - Setting next_dagrun for example_subdag_operator.section-1 to None, run_after=None
[2026-07-01T09:11:44.460+0000] {logging_mixin.py:190} INFO - [2026-07-01T09:11:44.459+0000] {dag.py:4138} INFO - Setting next_dagrun for example_subdag_operator.section-2 to None, run_after=None
[2026-07-01T09:11:44.464+0000] {logging_mixin.py:190} INFO - [2026-07-01T09:11:44.464+0000] {dag.py:3211} INFO - Sync 2 DAGs
[2026-07-01T09:11:44.468+0000] {logging_mixin.py:190} INFO - [2026-07-01T09:11:44.468+0000] {dag.py:4138} INFO - Setting next_dagrun for example_subdag_operator.section-1 to None, run_after=None
[2026-07-01T09:11:44.468+0000] {logging_mixin.py:190} INFO - [2026-07-01T09:11:44.468+0000] {dag.py:4138} INFO - Setting next_dagrun for example_subdag_operator.section-2 to None, run_after=None
[2026-07-01T09:11:44.476+0000] {processor.py:208} INFO - Processing /home/airflow/.local/lib/python3.12/site-packages/airflow/example_dags/example_subdag_operator.py took 0.066 seconds
[2026-07-01T09:12:14.726+0000] {processor.py:186} INFO - Started process (PID=421) to work on /home/airflow/.local/lib/python3.12/site-packages/airflow/example_dags/example_subdag_operator.py
[2026-07-01T09:12:14.727+0000] {processor.py:914} INFO - Processing file /home/airflow/.local/lib/python3.12/site-packages/airflow/example_dags/example_subdag_operator.py for tasks to queue
[2026-07-01T09:12:14.729+0000] {logging_mixin.py:190} INFO - [2026-07-01T09:12:14.728+0000] {dagbag.py:587} INFO - Filling up the DagBag from /home/airflow/.local/lib/python3.12/site-packages/airflow/example_dags/example_subdag_operator.py
[2026-07-01T09:12:14.751+0000] {processor.py:925} INFO - DAG(s) 'example_subdag_operator.section-1', 'example_subdag_operator.section-2', 'example_subdag_operator' retrieved from /home/airflow/.local/lib/python3.12/site-packages/airflow/example_dags/example_subdag_operator.py
[2026-07-01T09:12:14.764+0000] {logging_mixin.py:190} INFO - [2026-07-01T09:12:14.763+0000] {dag.py:3211} INFO - Sync 3 DAGs
[2026-07-01T09:12:14.786+0000] {logging_mixin.py:190} INFO - [2026-07-01T09:12:14.786+0000] {dag.py:4138} INFO - Setting next_dagrun for example_subdag_operator to 2022-01-01 00:00:00+00:00, run_after=2022-01-01 00:00:00+00:00
[2026-07-01T09:12:14.790+0000] {logging_mixin.py:190} INFO - [2026-07-01T09:12:14.790+0000] {dag.py:4138} INFO - Setting next_dagrun for example_subdag_operator.section-1 to None, run_after=None
[2026-07-01T09:12:14.792+0000] {logging_mixin.py:190} INFO - [2026-07-01T09:12:14.792+0000] {dag.py:4138} INFO - Setting next_dagrun for example_subdag_operator.section-2 to None, run_after=None
[2026-07-01T09:12:14.800+0000] {logging_mixin.py:190} INFO - [2026-07-01T09:12:14.799+0000] {dag.py:3211} INFO - Sync 2 DAGs
[2026-07-01T09:12:14.808+0000] {logging_mixin.py:190} INFO - [2026-07-01T09:12:14.807+0000] {dag.py:4138} INFO - Setting next_dagrun for example_subdag_operator.section-1 to None, run_after=None
[2026-07-01T09:12:14.809+0000] {logging_mixin.py:190} INFO - [2026-07-01T09:12:14.808+0000] {dag.py:4138} INFO - Setting next_dagrun for example_subdag_operator.section-2 to None, run_after=None
[2026-07-01T09:12:14.829+0000] {processor.py:208} INFO - Processing /home/airflow/.local/lib/python3.12/site-packages/airflow/example_dags/example_subdag_operator.py took 0.108 seconds
[2026-07-01T09:12:45.140+0000] {processor.py:186} INFO - Started process (PID=483) to work on /home/airflow/.local/lib/python3.12/site-packages/airflow/example_dags/example_subdag_operator.py
[2026-07-01T09:12:45.141+0000] {processor.py:914} INFO - Processing file /home/airflow/.local/lib/python3.12/site-packages/airflow/example_dags/example_subdag_operator.py for tasks to queue
[2026-07-01T09:12:45.143+0000] {logging_mixin.py:190} INFO - [2026-07-01T09:12:45.143+0000] {dagbag.py:587} INFO - Filling up the DagBag from /home/airflow/.local/lib/python3.12/site-packages/airflow/example_dags/example_subdag_operator.py
[2026-07-01T09:12:45.162+0000] {processor.py:925} INFO - DAG(s) 'example_subdag_operator.section-1', 'example_subdag_operator.section-2', 'example_subdag_operator' retrieved from /home/airflow/.local/lib/python3.12/site-packages/airflow/example_dags/example_subdag_operator.py
[2026-07-01T09:12:45.172+0000] {logging_mixin.py:190} INFO - [2026-07-01T09:12:45.172+0000] {dag.py:3211} INFO - Sync 3 DAGs
[2026-07-01T09:12:45.186+0000] {logging_mixin.py:190} INFO - [2026-07-01T09:12:45.186+0000] {dag.py:4138} INFO - Setting next_dagrun for example_subdag_operator to 2022-01-01 00:00:00+00:00, run_after=2022-01-01 00:00:00+00:00
[2026-07-01T09:12:45.189+0000] {logging_mixin.py:190} INFO - [2026-07-01T09:12:45.189+0000] {dag.py:4138} INFO - Setting next_dagrun for example_subdag_operator.section-1 to None, run_after=None
[2026-07-01T09:12:45.190+0000] {logging_mixin.py:190} INFO - [2026-07-01T09:12:45.190+0000] {dag.py:4138} INFO - Setting next_dagrun for example_subdag_operator.section-2 to None, run_after=None
[2026-07-01T09:12:45.195+0000] {logging_mixin.py:190} INFO - [2026-07-01T09:12:45.195+0000] {dag.py:3211} INFO - Sync 2 DAGs
[2026-07-01T09:12:45.198+0000] {logging_mixin.py:190} INFO - [2026-07-01T09:12:45.198+0000] {dag.py:4138} INFO - Setting next_dagrun for example_subdag_operator.section-1 to None, run_after=None
[2026-07-01T09:12:45.199+0000] {logging_mixin.py:190} INFO - [2026-07-01T09:12:45.199+0000] {dag.py:4138} INFO - Setting next_dagrun for example_subdag_operator.section-2 to None, run_after=None
[2026-07-01T09:12:45.205+0000] {processor.py:208} INFO - Processing /home/airflow/.local/lib/python3.12/site-packages/airflow/example_dags/example_subdag_operator.py took 0.070 seconds
[2026-07-01T09:13:15.520+0000] {processor.py:186} INFO - Started process (PID=544) to work on /home/airflow/.local/lib/python3.12/site-packages/airflow/example_dags/example_subdag_operator.py
[2026-07-01T09:13:15.521+0000] {processor.py:914} INFO - Processing file /home/airflow/.local/lib/python3.12/site-packages/airflow/example_dags/example_subdag_operator.py for tasks to queue
[2026-07-01T09:13:15.522+0000] {logging_mixin.py:190} INFO - [2026-07-01T09:13:15.522+0000] {dagbag.py:587} INFO - Filling up the DagBag from /home/airflow/.local/lib/python3.12/site-packages/airflow/example_dags/example_subdag_operator.py
[2026-07-01T09:13:15.542+0000] {processor.py:925} INFO - DAG(s) 'example_subdag_operator.section-1', 'example_subdag_operator.section-2', 'example_subdag_operator' retrieved from /home/airflow/.local/lib/python3.12/site-packages/airflow/example_dags/example_subdag_operator.py
[2026-07-01T09:13:15.551+0000] {logging_mixin.py:190} INFO - [2026-07-01T09:13:15.551+0000] {dag.py:3211} INFO - Sync 3 DAGs
[2026-07-01T09:13:15.565+0000] {logging_mixin.py:190} INFO - [2026-07-01T09:13:15.565+0000] {dag.py:4138} INFO - Setting next_dagrun for example_subdag_operator to 2022-01-01 00:00:00+00:00, run_after=2022-01-01 00:00:00+00:00
[2026-07-01T09:13:15.567+0000] {logging_mixin.py:190} INFO - [2026-07-01T09:13:15.567+0000] {dag.py:4138} INFO - Setting next_dagrun for example_subdag_operator.section-1 to None, run_after=None
[2026-07-01T09:13:15.568+0000] {logging_mixin.py:190} INFO - [2026-07-01T09:13:15.568+0000] {dag.py:4138} INFO - Setting next_dagrun for example_subdag_operator.section-2 to None, run_after=None
[2026-07-01T09:13:15.573+0000] {logging_mixin.py:190} INFO - [2026-07-01T09:13:15.573+0000] {dag.py:3211} INFO - Sync 2 DAGs
[2026-07-01T09:13:15.577+0000] {logging_mixin.py:190} INFO - [2026-07-01T09:13:15.576+0000] {dag.py:4138} INFO - Setting next_dagrun for example_subdag_operator.section-1 to None, run_after=None
[2026-07-01T09:13:15.578+0000] {logging_mixin.py:190} INFO - [2026-07-01T09:13:15.578+0000] {dag.py:4138} INFO - Setting next_dagrun for example_subdag_operator.section-2 to None, run_after=None
[2026-07-01T09:13:15.585+0000] {processor.py:208} INFO - Processing /home/airflow/.local/lib/python3.12/site-packages/airflow/example_dags/example_subdag_operator.py took 0.070 seconds
[2026-07-01T09:13:46.688+0000] {processor.py:186} INFO - Started process (PID=607) to work on /home/airflow/.local/lib/python3.12/site-packages/airflow/example_dags/example_subdag_operator.py
[2026-07-01T09:13:46.689+0000] {processor.py:914} INFO - Processing file /home/airflow/.local/lib/python3.12/site-packages/airflow/example_dags/example_subdag_operator.py for tasks to queue
[2026-07-01T09:13:46.692+0000] {logging_mixin.py:190} INFO - [2026-07-01T09:13:46.691+0000] {dagbag.py:587} INFO - Filling up the DagBag from /home/airflow/.local/lib/python3.12/site-packages/airflow/example_dags/example_subdag_operator.py
[2026-07-01T09:13:46.711+0000] {processor.py:925} INFO - DAG(s) 'example_subdag_operator.section-1', 'example_subdag_operator.section-2', 'example_subdag_operator' retrieved from /home/airflow/.local/lib/python3.12/site-packages/airflow/example_dags/example_subdag_operator.py
[2026-07-01T09:13:46.721+0000] {logging_mixin.py:190} INFO - [2026-07-01T09:13:46.721+0000] {dag.py:3211} INFO - Sync 3 DAGs
[2026-07-01T09:13:46.737+0000] {logging_mixin.py:190} INFO - [2026-07-01T09:13:46.737+0000] {dag.py:4138} INFO - Setting next_dagrun for example_subdag_operator to 2022-01-01 00:00:00+00:00, run_after=2022-01-01 00:00:00+00:00
[2026-07-01T09:13:46.740+0000] {logging_mixin.py:190} INFO - [2026-07-01T09:13:46.739+0000] {dag.py:4138} INFO - Setting next_dagrun for example_subdag_operator.section-1 to None, run_after=None
[2026-07-01T09:13:46.741+0000] {logging_mixin.py:190} INFO - [2026-07-01T09:13:46.741+0000] {dag.py:4138} INFO - Setting next_dagrun for example_subdag_operator.section-2 to None, run_after=None
[2026-07-01T09:13:46.746+0000] {logging_mixin.py:190} INFO - [2026-07-01T09:13:46.746+0000] {dag.py:3211} INFO - Sync 2 DAGs
[2026-07-01T09:13:46.750+0000] {logging_mixin.py:190} INFO - [2026-07-01T09:13:46.750+0000] {dag.py:4138} INFO - Setting next_dagrun for example_subdag_operator.section-1 to None, run_after=None
[2026-07-01T09:13:46.751+0000] {logging_mixin.py:190} INFO - [2026-07-01T09:13:46.751+0000] {dag.py:4138} INFO - Setting next_dagrun for example_subdag_operator.section-2 to None, run_after=None
[2026-07-01T09:13:46.759+0000] {processor.py:208} INFO - Processing /home/airflow/.local/lib/python3.12/site-packages/airflow/example_dags/example_subdag_operator.py took 0.077 seconds
[2026-07-01T09:14:16.920+0000] {processor.py:186} INFO - Started process (PID=669) to work on /home/airflow/.local/lib/python3.12/site-packages/airflow/example_dags/example_subdag_operator.py
[2026-07-01T09:14:16.922+0000] {processor.py:914} INFO - Processing file /home/airflow/.local/lib/python3.12/site-packages/airflow/example_dags/example_subdag_operator.py for tasks to queue
[2026-07-01T09:14:16.924+0000] {logging_mixin.py:190} INFO - [2026-07-01T09:14:16.924+0000] {dagbag.py:587} INFO - Filling up the DagBag from /home/airflow/.local/lib/python3.12/site-packages/airflow/example_dags/example_subdag_operator.py
[2026-07-01T09:14:16.944+0000] {processor.py:925} INFO - DAG(s) 'example_subdag_operator.section-1', 'example_subdag_operator.section-2', 'example_subdag_operator' retrieved from /home/airflow/.local/lib/python3.12/site-packages/airflow/example_dags/example_subdag_operator.py
[2026-07-01T09:14:16.956+0000] {logging_mixin.py:190} INFO - [2026-07-01T09:14:16.956+0000] {dag.py:3211} INFO - Sync 3 DAGs
[2026-07-01T09:14:16.970+0000] {logging_mixin.py:190} INFO - [2026-07-01T09:14:16.970+0000] {dag.py:4138} INFO - Setting next_dagrun for example_subdag_operator to 2022-01-01 00:00:00+00:00, run_after=2022-01-01 00:00:00+00:00
[2026-07-01T09:14:16.973+0000] {logging_mixin.py:190} INFO - [2026-07-01T09:14:16.973+0000] {dag.py:4138} INFO - Setting next_dagrun for example_subdag_operator.section-1 to None, run_after=None
[2026-07-01T09:14:16.975+0000] {logging_mixin.py:190} INFO - [2026-07-01T09:14:16.975+0000] {dag.py:4138} INFO - Setting next_dagrun for example_subdag_operator.section-2 to None, run_after=None
[2026-07-01T09:14:16.981+0000] {logging_mixin.py:190} INFO - [2026-07-01T09:14:16.981+0000] {dag.py:3211} INFO - Sync 2 DAGs
[2026-07-01T09:14:16.985+0000] {logging_mixin.py:190} INFO - [2026-07-01T09:14:16.985+0000] {dag.py:4138} INFO - Setting next_dagrun for example_subdag_operator.section-1 to None, run_after=None
[2026-07-01T09:14:16.986+0000] {logging_mixin.py:190} INFO - [2026-07-01T09:14:16.986+0000] {dag.py:4138} INFO - Setting next_dagrun for example_subdag_operator.section-2 to None, run_after=None
[2026-07-01T09:14:16.993+0000] {processor.py:208} INFO - Processing /home/airflow/.local/lib/python3.12/site-packages/airflow/example_dags/example_subdag_operator.py took 0.077 seconds
[2026-07-01T09:14:47.853+0000] {processor.py:186} INFO - Started process (PID=731) to work on /home/airflow/.local/lib/python3.12/site-packages/airflow/example_dags/example_subdag_operator.py
[2026-07-01T09:14:47.854+0000] {processor.py:914} INFO - Processing file /home/airflow/.local/lib/python3.12/site-packages/airflow/example_dags/example_subdag_operator.py for tasks to queue
[2026-07-01T09:14:47.856+0000] {logging_mixin.py:190} INFO - [2026-07-01T09:14:47.856+0000] {dagbag.py:587} INFO - Filling up the DagBag from /home/airflow/.local/lib/python3.12/site-packages/airflow/example_dags/example_subdag_operator.py
[2026-07-01T09:14:47.874+0000] {processor.py:925} INFO - DAG(s) 'example_subdag_operator.section-1', 'example_subdag_operator.section-2', 'example_subdag_operator' retrieved from /home/airflow/.local/lib/python3.12/site-packages/airflow/example_dags/example_subdag_operator.py
[2026-07-01T09:14:47.883+0000] {logging_mixin.py:190} INFO - [2026-07-01T09:14:47.883+0000] {dag.py:3211} INFO - Sync 3 DAGs
[2026-07-01T09:14:47.898+0000] {logging_mixin.py:190} INFO - [2026-07-01T09:14:47.898+0000] {dag.py:4138} INFO - Setting next_dagrun for example_subdag_operator to 2022-01-01 00:00:00+00:00, run_after=2022-01-01 00:00:00+00:00
[2026-07-01T09:14:47.900+0000] {logging_mixin.py:190} INFO - [2026-07-01T09:14:47.900+0000] {dag.py:4138} INFO - Setting next_dagrun for example_subdag_operator.section-1 to None, run_after=None
[2026-07-01T09:14:47.901+0000] {logging_mixin.py:190} INFO - [2026-07-01T09:14:47.901+0000] {dag.py:4138} INFO - Setting next_dagrun for example_subdag_operator.section-2 to None, run_after=None
[2026-07-01T09:14:47.906+0000] {logging_mixin.py:190} INFO - [2026-07-01T09:14:47.905+0000] {dag.py:3211} INFO - Sync 2 DAGs
[2026-07-01T09:14:47.909+0000] {logging_mixin.py:190} INFO - [2026-07-01T09:14:47.909+0000] {dag.py:4138} INFO - Setting next_dagrun for example_subdag_operator.section-1 to None, run_after=None
[2026-07-01T09:14:47.910+0000] {logging_mixin.py:190} INFO - [2026-07-01T09:14:47.910+0000] {dag.py:4138} INFO - Setting next_dagrun for example_subdag_operator.section-2 to None, run_after=None
[2026-07-01T09:14:47.917+0000] {processor.py:208} INFO - Processing /home/airflow/.local/lib/python3.12/site-packages/airflow/example_dags/example_subdag_operator.py took 0.068 seconds
[2026-07-01T09:15:18.707+0000] {processor.py:186} INFO - Started process (PID=793) to work on /home/airflow/.local/lib/python3.12/site-packages/airflow/example_dags/example_subdag_operator.py
[2026-07-01T09:15:18.708+0000] {processor.py:914} INFO - Processing file /home/airflow/.local/lib/python3.12/site-packages/airflow/example_dags/example_subdag_operator.py for tasks to queue
[2026-07-01T09:15:18.709+0000] {logging_mixin.py:190} INFO - [2026-07-01T09:15:18.709+0000] {dagbag.py:587} INFO - Filling up the DagBag from /home/airflow/.local/lib/python3.12/site-packages/airflow/example_dags/example_subdag_operator.py
[2026-07-01T09:15:18.727+0000] {processor.py:925} INFO - DAG(s) 'example_subdag_operator.section-1', 'example_subdag_operator.section-2', 'example_subdag_operator' retrieved from /home/airflow/.local/lib/python3.12/site-packages/airflow/example_dags/example_subdag_operator.py
[2026-07-01T09:15:18.737+0000] {logging_mixin.py:190} INFO - [2026-07-01T09:15:18.736+0000] {dag.py:3211} INFO - Sync 3 DAGs
[2026-07-01T09:15:18.751+0000] {logging_mixin.py:190} INFO - [2026-07-01T09:15:18.751+0000] {dag.py:4138} INFO - Setting next_dagrun for example_subdag_operator to 2022-01-01 00:00:00+00:00, run_after=2022-01-01 00:00:00+00:00
[2026-07-01T09:15:18.753+0000] {logging_mixin.py:190} INFO - [2026-07-01T09:15:18.753+0000] {dag.py:4138} INFO - Setting next_dagrun for example_subdag_operator.section-1 to None, run_after=None
[2026-07-01T09:15:18.754+0000] {logging_mixin.py:190} INFO - [2026-07-01T09:15:18.754+0000] {dag.py:4138} INFO - Setting next_dagrun for example_subdag_operator.section-2 to None, run_after=None
[2026-07-01T09:15:18.759+0000] {logging_mixin.py:190} INFO - [2026-07-01T09:15:18.758+0000] {dag.py:3211} INFO - Sync 2 DAGs
[2026-07-01T09:15:18.763+0000] {logging_mixin.py:190} INFO - [2026-07-01T09:15:18.763+0000] {dag.py:4138} INFO - Setting next_dagrun for example_subdag_operator.section-1 to None, run_after=None
[2026-07-01T09:15:18.763+0000] {logging_mixin.py:190} INFO - [2026-07-01T09:15:18.763+0000] {dag.py:4138} INFO - Setting next_dagrun for example_subdag_operator.section-2 to None, run_after=None
[2026-07-01T09:15:18.769+0000] {processor.py:208} INFO - Processing /home/airflow/.local/lib/python3.12/site-packages/airflow/example_dags/example_subdag_operator.py took 0.067 seconds
[2026-07-01T09:15:48.812+0000] {processor.py:186} INFO - Started process (PID=855) to work on /home/airflow/.local/lib/python3.12/site-packages/airflow/example_dags/example_subdag_operator.py
[2026-07-01T09:15:48.812+0000] {processor.py:914} INFO - Processing file /home/airflow/.local/lib/python3.12/site-packages/airflow/example_dags/example_subdag_operator.py for tasks to queue
[2026-07-01T09:15:48.814+0000] {logging_mixin.py:190} INFO - [2026-07-01T09:15:48.814+0000] {dagbag.py:587} INFO - Filling up the DagBag from /home/airflow/.local/lib/python3.12/site-packages/airflow/example_dags/example_subdag_operator.py
[2026-07-01T09:15:48.833+0000] {processor.py:925} INFO - DAG(s) 'example_subdag_operator.section-1', 'example_subdag_operator.section-2', 'example_subdag_operator' retrieved from /home/airflow/.local/lib/python3.12/site-packages/airflow/example_dags/example_subdag_operator.py
[2026-07-01T09:15:48.843+0000] {logging_mixin.py:190} INFO - [2026-07-01T09:15:48.843+0000] {dag.py:3211} INFO - Sync 3 DAGs
[2026-07-01T09:15:48.861+0000] {logging_mixin.py:190} INFO - [2026-07-01T09:15:48.860+0000] {dag.py:4138} INFO - Setting next_dagrun for example_subdag_operator to 2022-01-01 00:00:00+00:00, run_after=2022-01-01 00:00:00+00:00
[2026-07-01T09:15:48.864+0000] {logging_mixin.py:190} INFO - [2026-07-01T09:15:48.864+0000] {dag.py:4138} INFO - Setting next_dagrun for example_subdag_operator.section-1 to None, run_after=None
[2026-07-01T09:15:48.866+0000] {logging_mixin.py:190} INFO - [2026-07-01T09:15:48.866+0000] {dag.py:4138} INFO - Setting next_dagrun for example_subdag_operator.section-2 to None, run_after=None
[2026-07-01T09:15:48.871+0000] {logging_mixin.py:190} INFO - [2026-07-01T09:15:48.871+0000] {dag.py:3211} INFO - Sync 2 DAGs
[2026-07-01T09:15:48.875+0000] {logging_mixin.py:190} INFO - [2026-07-01T09:15:48.875+0000] {dag.py:4138} INFO - Setting next_dagrun for example_subdag_operator.section-1 to None, run_after=None
[2026-07-01T09:15:48.876+0000] {logging_mixin.py:190} INFO - [2026-07-01T09:15:48.876+0000] {dag.py:4138} INFO - Setting next_dagrun for example_subdag_operator.section-2 to None, run_after=None
[2026-07-01T09:15:48.885+0000] {processor.py:208} INFO - Processing /home/airflow/.local/lib/python3.12/site-packages/airflow/example_dags/example_subdag_operator.py took 0.077 seconds
[2026-07-01T09:16:18.997+0000] {processor.py:186} INFO - Started process (PID=916) to work on /home/airflow/.local/lib/python3.12/site-packages/airflow/example_dags/example_subdag_operator.py
[2026-07-01T09:16:18.997+0000] {processor.py:914} INFO - Processing file /home/airflow/.local/lib/python3.12/site-packages/airflow/example_dags/example_subdag_operator.py for tasks to queue
[2026-07-01T09:16:18.999+0000] {logging_mixin.py:190} INFO - [2026-07-01T09:16:18.999+0000] {dagbag.py:587} INFO - Filling up the DagBag from /home/airflow/.local/lib/python3.12/site-packages/airflow/example_dags/example_subdag_operator.py
[2026-07-01T09:16:19.017+0000] {processor.py:925} INFO - DAG(s) 'example_subdag_operator.section-1', 'example_subdag_operator.section-2', 'example_subdag_operator' retrieved from /home/airflow/.local/lib/python3.12/site-packages/airflow/example_dags/example_subdag_operator.py
[2026-07-01T09:16:19.027+0000] {logging_mixin.py:190} INFO - [2026-07-01T09:16:19.027+0000] {dag.py:3211} INFO - Sync 3 DAGs
[2026-07-01T09:16:19.042+0000] {logging_mixin.py:190} INFO - [2026-07-01T09:16:19.042+0000] {dag.py:4138} INFO - Setting next_dagrun for example_subdag_operator to 2022-01-01 00:00:00+00:00, run_after=2022-01-01 00:00:00+00:00
[2026-07-01T09:16:19.046+0000] {logging_mixin.py:190} INFO - [2026-07-01T09:16:19.046+0000] {dag.py:4138} INFO - Setting next_dagrun for example_subdag_operator.section-1 to None, run_after=None
[2026-07-01T09:16:19.047+0000] {logging_mixin.py:190} INFO - [2026-07-01T09:16:19.047+0000] {dag.py:4138} INFO - Setting next_dagrun for example_subdag_operator.section-2 to None, run_after=None
[2026-07-01T09:16:19.053+0000] {logging_mixin.py:190} INFO - [2026-07-01T09:16:19.052+0000] {dag.py:3211} INFO - Sync 2 DAGs
[2026-07-01T09:16:19.057+0000] {logging_mixin.py:190} INFO - [2026-07-01T09:16:19.057+0000] {dag.py:4138} INFO - Setting next_dagrun for example_subdag_operator.section-1 to None, run_after=None
[2026-07-01T09:16:19.058+0000] {logging_mixin.py:190} INFO - [2026-07-01T09:16:19.058+0000] {dag.py:4138} INFO - Setting next_dagrun for example_subdag_operator.section-2 to None, run_after=None
[2026-07-01T09:16:19.066+0000] {processor.py:208} INFO - Processing /home/airflow/.local/lib/python3.12/site-packages/airflow/example_dags/example_subdag_operator.py took 0.075 seconds
[2026-07-01T09:16:49.135+0000] {processor.py:186} INFO - Started process (PID=978) to work on /home/airflow/.local/lib/python3.12/site-packages/airflow/example_dags/example_subdag_operator.py
[2026-07-01T09:16:49.136+0000] {processor.py:914} INFO - Processing file /home/airflow/.local/lib/python3.12/site-packages/airflow/example_dags/example_subdag_operator.py for tasks to queue
[2026-07-01T09:16:49.139+0000] {logging_mixin.py:190} INFO - [2026-07-01T09:16:49.138+0000] {dagbag.py:587} INFO - Filling up the DagBag from /home/airflow/.local/lib/python3.12/site-packages/airflow/example_dags/example_subdag_operator.py
[2026-07-01T09:16:49.159+0000] {processor.py:925} INFO - DAG(s) 'example_subdag_operator.section-1', 'example_subdag_operator.section-2', 'example_subdag_operator' retrieved from /home/airflow/.local/lib/python3.12/site-packages/airflow/example_dags/example_subdag_operator.py
[2026-07-01T09:16:49.170+0000] {logging_mixin.py:190} INFO - [2026-07-01T09:16:49.169+0000] {dag.py:3211} INFO - Sync 3 DAGs
[2026-07-01T09:16:49.187+0000] {logging_mixin.py:190} INFO - [2026-07-01T09:16:49.187+0000] {dag.py:4138} INFO - Setting next_dagrun for example_subdag_operator to 2022-01-01 00:00:00+00:00, run_after=2022-01-01 00:00:00+00:00
[2026-07-01T09:16:49.190+0000] {logging_mixin.py:190} INFO - [2026-07-01T09:16:49.190+0000] {dag.py:4138} INFO - Setting next_dagrun for example_subdag_operator.section-1 to None, run_after=None
[2026-07-01T09:16:49.191+0000] {logging_mixin.py:190} INFO - [2026-07-01T09:16:49.191+0000] {dag.py:4138} INFO - Setting next_dagrun for example_subdag_operator.section-2 to None, run_after=None
[2026-07-01T09:16:49.197+0000] {logging_mixin.py:190} INFO - [2026-07-01T09:16:49.197+0000] {dag.py:3211} INFO - Sync 2 DAGs
[2026-07-01T09:16:49.201+0000] {logging_mixin.py:190} INFO - [2026-07-01T09:16:49.201+0000] {dag.py:4138} INFO - Setting next_dagrun for example_subdag_operator.section-1 to None, run_after=None
[2026-07-01T09:16:49.201+0000] {logging_mixin.py:190} INFO - [2026-07-01T09:16:49.201+0000] {dag.py:4138} INFO - Setting next_dagrun for example_subdag_operator.section-2 to None, run_after=None
[2026-07-01T09:16:49.209+0000] {processor.py:208} INFO - Processing /home/airflow/.local/lib/python3.12/site-packages/airflow/example_dags/example_subdag_operator.py took 0.079 seconds
[2026-07-01T09:17:19.654+0000] {processor.py:186} INFO - Started process (PID=1040) to work on /home/airflow/.local/lib/python3.12/site-packages/airflow/example_dags/example_subdag_operator.py
[2026-07-01T09:17:19.656+0000] {processor.py:914} INFO - Processing file /home/airflow/.local/lib/python3.12/site-packages/airflow/example_dags/example_subdag_operator.py for tasks to queue
[2026-07-01T09:17:19.658+0000] {logging_mixin.py:190} INFO - [2026-07-01T09:17:19.658+0000] {dagbag.py:587} INFO - Filling up the DagBag from /home/airflow/.local/lib/python3.12/site-packages/airflow/example_dags/example_subdag_operator.py
[2026-07-01T09:17:19.682+0000] {processor.py:925} INFO - DAG(s) 'example_subdag_operator.section-1', 'example_subdag_operator.section-2', 'example_subdag_operator' retrieved from /home/airflow/.local/lib/python3.12/site-packages/airflow/example_dags/example_subdag_operator.py
[2026-07-01T09:17:19.695+0000] {logging_mixin.py:190} INFO - [2026-07-01T09:17:19.695+0000] {dag.py:3211} INFO - Sync 3 DAGs
[2026-07-01T09:17:19.713+0000] {logging_mixin.py:190} INFO - [2026-07-01T09:17:19.713+0000] {dag.py:4138} INFO - Setting next_dagrun for example_subdag_operator to 2022-01-01 00:00:00+00:00, run_after=2022-01-01 00:00:00+00:00
[2026-07-01T09:17:19.716+0000] {logging_mixin.py:190} INFO - [2026-07-01T09:17:19.716+0000] {dag.py:4138} INFO - Setting next_dagrun for example_subdag_operator.section-1 to None, run_after=None
[2026-07-01T09:17:19.717+0000] {logging_mixin.py:190} INFO - [2026-07-01T09:17:19.717+0000] {dag.py:4138} INFO - Setting next_dagrun for example_subdag_operator.section-2 to None, run_after=None
[2026-07-01T09:17:19.723+0000] {logging_mixin.py:190} INFO - [2026-07-01T09:17:19.723+0000] {dag.py:3211} INFO - Sync 2 DAGs
[2026-07-01T09:17:19.729+0000] {logging_mixin.py:190} INFO - [2026-07-01T09:17:19.728+0000] {dag.py:4138} INFO - Setting next_dagrun for example_subdag_operator.section-1 to None, run_after=None
[2026-07-01T09:17:19.729+0000] {logging_mixin.py:190} INFO - [2026-07-01T09:17:19.729+0000] {dag.py:4138} INFO - Setting next_dagrun for example_subdag_operator.section-2 to None, run_after=None
[2026-07-01T09:17:19.740+0000] {processor.py:208} INFO - Processing /home/airflow/.local/lib/python3.12/site-packages/airflow/example_dags/example_subdag_operator.py took 0.094 seconds
[2026-07-01T09:17:49.863+0000] {processor.py:186} INFO - Started process (PID=1102) to work on /home/airflow/.local/lib/python3.12/site-packages/airflow/example_dags/example_subdag_operator.py
[2026-07-01T09:17:49.864+0000] {processor.py:914} INFO - Processing file /home/airflow/.local/lib/python3.12/site-packages/airflow/example_dags/example_subdag_operator.py for tasks to queue
[2026-07-01T09:17:49.866+0000] {logging_mixin.py:190} INFO - [2026-07-01T09:17:49.866+0000] {dagbag.py:587} INFO - Filling up the DagBag from /home/airflow/.local/lib/python3.12/site-packages/airflow/example_dags/example_subdag_operator.py
[2026-07-01T09:17:49.887+0000] {processor.py:925} INFO - DAG(s) 'example_subdag_operator.section-1', 'example_subdag_operator.section-2', 'example_subdag_operator' retrieved from /home/airflow/.local/lib/python3.12/site-packages/airflow/example_dags/example_subdag_operator.py
[2026-07-01T09:17:49.902+0000] {logging_mixin.py:190} INFO - [2026-07-01T09:17:49.902+0000] {dag.py:3211} INFO - Sync 3 DAGs
[2026-07-01T09:17:49.920+0000] {logging_mixin.py:190} INFO - [2026-07-01T09:17:49.919+0000] {dag.py:4138} INFO - Setting next_dagrun for example_subdag_operator to 2022-01-01 00:00:00+00:00, run_after=2022-01-01 00:00:00+00:00
[2026-07-01T09:17:49.923+0000] {logging_mixin.py:190} INFO - [2026-07-01T09:17:49.923+0000] {dag.py:4138} INFO - Setting next_dagrun for example_subdag_operator.section-1 to None, run_after=None
[2026-07-01T09:17:49.924+0000] {logging_mixin.py:190} INFO - [2026-07-01T09:17:49.924+0000] {dag.py:4138} INFO - Setting next_dagrun for example_subdag_operator.section-2 to None, run_after=None
[2026-07-01T09:17:49.929+0000] {logging_mixin.py:190} INFO - [2026-07-01T09:17:49.929+0000] {dag.py:3211} INFO - Sync 2 DAGs
[2026-07-01T09:17:49.934+0000] {logging_mixin.py:190} INFO - [2026-07-01T09:17:49.934+0000] {dag.py:4138} INFO - Setting next_dagrun for example_subdag_operator.section-1 to None, run_after=None
[2026-07-01T09:17:49.935+0000] {logging_mixin.py:190} INFO - [2026-07-01T09:17:49.935+0000] {dag.py:4138} INFO - Setting next_dagrun for example_subdag_operator.section-2 to None, run_after=None
[2026-07-01T09:17:49.944+0000] {processor.py:208} INFO - Processing /home/airflow/.local/lib/python3.12/site-packages/airflow/example_dags/example_subdag_operator.py took 0.086 seconds
[2026-07-01T09:18:20.405+0000] {processor.py:186} INFO - Started process (PID=1164) to work on /home/airflow/.local/lib/python3.12/site-packages/airflow/example_dags/example_subdag_operator.py
[2026-07-01T09:18:20.406+0000] {processor.py:914} INFO - Processing file /home/airflow/.local/lib/python3.12/site-packages/airflow/example_dags/example_subdag_operator.py for tasks to queue
[2026-07-01T09:18:20.408+0000] {logging_mixin.py:190} INFO - [2026-07-01T09:18:20.408+0000] {dagbag.py:587} INFO - Filling up the DagBag from /home/airflow/.local/lib/python3.12/site-packages/airflow/example_dags/example_subdag_operator.py
[2026-07-01T09:18:20.425+0000] {processor.py:925} INFO - DAG(s) 'example_subdag_operator.section-1', 'example_subdag_operator.section-2', 'example_subdag_operator' retrieved from /home/airflow/.local/lib/python3.12/site-packages/airflow/example_dags/example_subdag_operator.py
[2026-07-01T09:18:20.435+0000] {logging_mixin.py:190} INFO - [2026-07-01T09:18:20.435+0000] {dag.py:3211} INFO - Sync 3 DAGs
[2026-07-01T09:18:20.451+0000] {logging_mixin.py:190} INFO - [2026-07-01T09:18:20.450+0000] {dag.py:4138} INFO - Setting next_dagrun for example_subdag_operator to 2022-01-01 00:00:00+00:00, run_after=2022-01-01 00:00:00+00:00
[2026-07-01T09:18:20.453+0000] {logging_mixin.py:190} INFO - [2026-07-01T09:18:20.453+0000] {dag.py:4138} INFO - Setting next_dagrun for example_subdag_operator.section-1 to None, run_after=None
[2026-07-01T09:18:20.454+0000] {logging_mixin.py:190} INFO - [2026-07-01T09:18:20.454+0000] {dag.py:4138} INFO - Setting next_dagrun for example_subdag_operator.section-2 to None, run_after=None
[2026-07-01T09:18:20.458+0000] {logging_mixin.py:190} INFO - [2026-07-01T09:18:20.458+0000] {dag.py:3211} INFO - Sync 2 DAGs
[2026-07-01T09:18:20.462+0000] {logging_mixin.py:190} INFO - [2026-07-01T09:18:20.462+0000] {dag.py:4138} INFO - Setting next_dagrun for example_subdag_operator.section-1 to None, run_after=None
[2026-07-01T09:18:20.462+0000] {logging_mixin.py:190} INFO - [2026-07-01T09:18:20.462+0000] {dag.py:4138} INFO - Setting next_dagrun for example_subdag_operator.section-2 to None, run_after=None
[2026-07-01T09:18:20.469+0000] {processor.py:208} INFO - Processing /home/airflow/.local/lib/python3.12/site-packages/airflow/example_dags/example_subdag_operator.py took 0.068 seconds
[2026-07-01T09:18:51.381+0000] {processor.py:186} INFO - Started process (PID=1227) to work on /home/airflow/.local/lib/python3.12/site-packages/airflow/example_dags/example_subdag_operator.py
[2026-07-01T09:18:51.384+0000] {processor.py:914} INFO - Processing file /home/airflow/.local/lib/python3.12/site-packages/airflow/example_dags/example_subdag_operator.py for tasks to queue
[2026-07-01T09:18:51.386+0000] {logging_mixin.py:190} INFO - [2026-07-01T09:18:51.385+0000] {dagbag.py:587} INFO - Filling up the DagBag from /home/airflow/.local/lib/python3.12/site-packages/airflow/example_dags/example_subdag_operator.py
[2026-07-01T09:18:51.405+0000] {processor.py:925} INFO - DAG(s) 'example_subdag_operator.section-1', 'example_subdag_operator.section-2', 'example_subdag_operator' retrieved from /home/airflow/.local/lib/python3.12/site-packages/airflow/example_dags/example_subdag_operator.py
[2026-07-01T09:18:51.415+0000] {logging_mixin.py:190} INFO - [2026-07-01T09:18:51.415+0000] {dag.py:3211} INFO - Sync 3 DAGs
[2026-07-01T09:18:51.433+0000] {logging_mixin.py:190} INFO - [2026-07-01T09:18:51.433+0000] {dag.py:4138} INFO - Setting next_dagrun for example_subdag_operator to 2022-01-01 00:00:00+00:00, run_after=2022-01-01 00:00:00+00:00
[2026-07-01T09:18:51.436+0000] {logging_mixin.py:190} INFO - [2026-07-01T09:18:51.436+0000] {dag.py:4138} INFO - Setting next_dagrun for example_subdag_operator.section-1 to None, run_after=None
[2026-07-01T09:18:51.437+0000] {logging_mixin.py:190} INFO - [2026-07-01T09:18:51.437+0000] {dag.py:4138} INFO - Setting next_dagrun for example_subdag_operator.section-2 to None, run_after=None
[2026-07-01T09:18:51.443+0000] {logging_mixin.py:190} INFO - [2026-07-01T09:18:51.443+0000] {dag.py:3211} INFO - Sync 2 DAGs
[2026-07-01T09:18:51.447+0000] {logging_mixin.py:190} INFO - [2026-07-01T09:18:51.447+0000] {dag.py:4138} INFO - Setting next_dagrun for example_subdag_operator.section-1 to None, run_after=None
[2026-07-01T09:18:51.448+0000] {logging_mixin.py:190} INFO - [2026-07-01T09:18:51.447+0000] {dag.py:4138} INFO - Setting next_dagrun for example_subdag_operator.section-2 to None, run_after=None
[2026-07-01T09:18:51.456+0000] {processor.py:208} INFO - Processing /home/airflow/.local/lib/python3.12/site-packages/airflow/example_dags/example_subdag_operator.py took 0.080 seconds
[2026-07-01T09:19:22.041+0000] {processor.py:186} INFO - Started process (PID=1289) to work on /home/airflow/.local/lib/python3.12/site-packages/airflow/example_dags/example_subdag_operator.py
[2026-07-01T09:19:22.042+0000] {processor.py:914} INFO - Processing file /home/airflow/.local/lib/python3.12/site-packages/airflow/example_dags/example_subdag_operator.py for tasks to queue
[2026-07-01T09:19:22.044+0000] {logging_mixin.py:190} INFO - [2026-07-01T09:19:22.044+0000] {dagbag.py:587} INFO - Filling up the DagBag from /home/airflow/.local/lib/python3.12/site-packages/airflow/example_dags/example_subdag_operator.py
[2026-07-01T09:19:22.063+0000] {processor.py:925} INFO - DAG(s) 'example_subdag_operator.section-1', 'example_subdag_operator.section-2', 'example_subdag_operator' retrieved from /home/airflow/.local/lib/python3.12/site-packages/airflow/example_dags/example_subdag_operator.py
[2026-07-01T09:19:22.073+0000] {logging_mixin.py:190} INFO - [2026-07-01T09:19:22.072+0000] {dag.py:3211} INFO - Sync 3 DAGs
[2026-07-01T09:19:22.088+0000] {logging_mixin.py:190} INFO - [2026-07-01T09:19:22.088+0000] {dag.py:4138} INFO - Setting next_dagrun for example_subdag_operator to 2022-01-01 00:00:00+00:00, run_after=2022-01-01 00:00:00+00:00
[2026-07-01T09:19:22.090+0000] {logging_mixin.py:190} INFO - [2026-07-01T09:19:22.090+0000] {dag.py:4138} INFO - Setting next_dagrun for example_subdag_operator.section-1 to None, run_after=None
[2026-07-01T09:19:22.094+0000] {logging_mixin.py:190} INFO - [2026-07-01T09:19:22.094+0000] {dag.py:4138} INFO - Setting next_dagrun for example_subdag_operator.section-2 to None, run_after=None
[2026-07-01T09:19:22.099+0000] {logging_mixin.py:190} INFO - [2026-07-01T09:19:22.099+0000] {dag.py:3211} INFO - Sync 2 DAGs
[2026-07-01T09:19:22.103+0000] {logging_mixin.py:190} INFO - [2026-07-01T09:19:22.103+0000] {dag.py:4138} INFO - Setting next_dagrun for example_subdag_operator.section-1 to None, run_after=None
[2026-07-01T09:19:22.104+0000] {logging_mixin.py:190} INFO - [2026-07-01T09:19:22.103+0000] {dag.py:4138} INFO - Setting next_dagrun for example_subdag_operator.section-2 to None, run_after=None
[2026-07-01T09:19:22.111+0000] {processor.py:208} INFO - Processing /home/airflow/.local/lib/python3.12/site-packages/airflow/example_dags/example_subdag_operator.py took 0.076 seconds
[2026-07-01T09:19:52.780+0000] {processor.py:186} INFO - Started process (PID=1351) to work on /home/airflow/.local/lib/python3.12/site-packages/airflow/example_dags/example_subdag_operator.py
[2026-07-01T09:19:52.780+0000] {processor.py:914} INFO - Processing file /home/airflow/.local/lib/python3.12/site-packages/airflow/example_dags/example_subdag_operator.py for tasks to queue
[2026-07-01T09:19:52.783+0000] {logging_mixin.py:190} INFO - [2026-07-01T09:19:52.782+0000] {dagbag.py:587} INFO - Filling up the DagBag from /home/airflow/.local/lib/python3.12/site-packages/airflow/example_dags/example_subdag_operator.py
[2026-07-01T09:19:52.802+0000] {processor.py:925} INFO - DAG(s) 'example_subdag_operator.section-1', 'example_subdag_operator.section-2', 'example_subdag_operator' retrieved from /home/airflow/.local/lib/python3.12/site-packages/airflow/example_dags/example_subdag_operator.py
[2026-07-01T09:19:52.812+0000] {logging_mixin.py:190} INFO - [2026-07-01T09:19:52.811+0000] {dag.py:3211} INFO - Sync 3 DAGs
[2026-07-01T09:19:52.826+0000] {logging_mixin.py:190} INFO - [2026-07-01T09:19:52.826+0000] {dag.py:4138} INFO - Setting next_dagrun for example_subdag_operator to 2022-01-01 00:00:00+00:00, run_after=2022-01-01 00:00:00+00:00
[2026-07-01T09:19:52.830+0000] {logging_mixin.py:190} INFO - [2026-07-01T09:19:52.829+0000] {dag.py:4138} INFO - Setting next_dagrun for example_subdag_operator.section-1 to None, run_after=None
[2026-07-01T09:19:52.831+0000] {logging_mixin.py:190} INFO - [2026-07-01T09:19:52.831+0000] {dag.py:4138} INFO - Setting next_dagrun for example_subdag_operator.section-2 to None, run_after=None
[2026-07-01T09:19:52.837+0000] {logging_mixin.py:190} INFO - [2026-07-01T09:19:52.837+0000] {dag.py:3211} INFO - Sync 2 DAGs
[2026-07-01T09:19:52.841+0000] {logging_mixin.py:190} INFO - [2026-07-01T09:19:52.840+0000] {dag.py:4138} INFO - Setting next_dagrun for example_subdag_operator.section-1 to None, run_after=None
[2026-07-01T09:19:52.841+0000] {logging_mixin.py:190} INFO - [2026-07-01T09:19:52.841+0000] {dag.py:4138} INFO - Setting next_dagrun for example_subdag_operator.section-2 to None, run_after=None
[2026-07-01T09:19:52.849+0000] {processor.py:208} INFO - Processing /home/airflow/.local/lib/python3.12/site-packages/airflow/example_dags/example_subdag_operator.py took 0.073 seconds
[2026-07-01T09:20:23.565+0000] {processor.py:186} INFO - Started process (PID=1413) to work on /home/airflow/.local/lib/python3.12/site-packages/airflow/example_dags/example_subdag_operator.py
[2026-07-01T09:20:23.566+0000] {processor.py:914} INFO - Processing file /home/airflow/.local/lib/python3.12/site-packages/airflow/example_dags/example_subdag_operator.py for tasks to queue
[2026-07-01T09:20:23.568+0000] {logging_mixin.py:190} INFO - [2026-07-01T09:20:23.568+0000] {dagbag.py:587} INFO - Filling up the DagBag from /home/airflow/.local/lib/python3.12/site-packages/airflow/example_dags/example_subdag_operator.py
[2026-07-01T09:20:23.586+0000] {processor.py:925} INFO - DAG(s) 'example_subdag_operator.section-1', 'example_subdag_operator.section-2', 'example_subdag_operator' retrieved from /home/airflow/.local/lib/python3.12/site-packages/airflow/example_dags/example_subdag_operator.py
[2026-07-01T09:20:23.595+0000] {logging_mixin.py:190} INFO - [2026-07-01T09:20:23.595+0000] {dag.py:3211} INFO - Sync 3 DAGs
[2026-07-01T09:20:23.610+0000] {logging_mixin.py:190} INFO - [2026-07-01T09:20:23.610+0000] {dag.py:4138} INFO - Setting next_dagrun for example_subdag_operator to 2022-01-01 00:00:00+00:00, run_after=2022-01-01 00:00:00+00:00
[2026-07-01T09:20:23.612+0000] {logging_mixin.py:190} INFO - [2026-07-01T09:20:23.612+0000] {dag.py:4138} INFO - Setting next_dagrun for example_subdag_operator.section-1 to None, run_after=None
[2026-07-01T09:20:23.613+0000] {logging_mixin.py:190} INFO - [2026-07-01T09:20:23.613+0000] {dag.py:4138} INFO - Setting next_dagrun for example_subdag_operator.section-2 to None, run_after=None
[2026-07-01T09:20:23.618+0000] {logging_mixin.py:190} INFO - [2026-07-01T09:20:23.618+0000] {dag.py:3211} INFO - Sync 2 DAGs
[2026-07-01T09:20:23.622+0000] {logging_mixin.py:190} INFO - [2026-07-01T09:20:23.622+0000] {dag.py:4138} INFO - Setting next_dagrun for example_subdag_operator.section-1 to None, run_after=None
[2026-07-01T09:20:23.622+0000] {logging_mixin.py:190} INFO - [2026-07-01T09:20:23.622+0000] {dag.py:4138} INFO - Setting next_dagrun for example_subdag_operator.section-2 to None, run_after=None
[2026-07-01T09:20:23.629+0000] {processor.py:208} INFO - Processing /home/airflow/.local/lib/python3.12/site-packages/airflow/example_dags/example_subdag_operator.py took 0.068 seconds
[2026-07-01T09:20:54.500+0000] {processor.py:186} INFO - Started process (PID=1475) to work on /home/airflow/.local/lib/python3.12/site-packages/airflow/example_dags/example_subdag_operator.py
[2026-07-01T09:20:54.501+0000] {processor.py:914} INFO - Processing file /home/airflow/.local/lib/python3.12/site-packages/airflow/example_dags/example_subdag_operator.py for tasks to queue
[2026-07-01T09:20:54.502+0000] {logging_mixin.py:190} INFO - [2026-07-01T09:20:54.502+0000] {dagbag.py:587} INFO - Filling up the DagBag from /home/airflow/.local/lib/python3.12/site-packages/airflow/example_dags/example_subdag_operator.py
[2026-07-01T09:20:54.519+0000] {processor.py:925} INFO - DAG(s) 'example_subdag_operator.section-1', 'example_subdag_operator.section-2', 'example_subdag_operator' retrieved from /home/airflow/.local/lib/python3.12/site-packages/airflow/example_dags/example_subdag_operator.py
[2026-07-01T09:20:54.529+0000] {logging_mixin.py:190} INFO - [2026-07-01T09:20:54.529+0000] {dag.py:3211} INFO - Sync 3 DAGs
[2026-07-01T09:20:54.544+0000] {logging_mixin.py:190} INFO - [2026-07-01T09:20:54.544+0000] {dag.py:4138} INFO - Setting next_dagrun for example_subdag_operator to 2022-01-01 00:00:00+00:00, run_after=2022-01-01 00:00:00+00:00
[2026-07-01T09:20:54.547+0000] {logging_mixin.py:190} INFO - [2026-07-01T09:20:54.547+0000] {dag.py:4138} INFO - Setting next_dagrun for example_subdag_operator.section-1 to None, run_after=None
[2026-07-01T09:20:54.548+0000] {logging_mixin.py:190} INFO - [2026-07-01T09:20:54.547+0000] {dag.py:4138} INFO - Setting next_dagrun for example_subdag_operator.section-2 to None, run_after=None
[2026-07-01T09:20:54.552+0000] {logging_mixin.py:190} INFO - [2026-07-01T09:20:54.552+0000] {dag.py:3211} INFO - Sync 2 DAGs
[2026-07-01T09:20:54.556+0000] {logging_mixin.py:190} INFO - [2026-07-01T09:20:54.556+0000] {dag.py:4138} INFO - Setting next_dagrun for example_subdag_operator.section-1 to None, run_after=None
[2026-07-01T09:20:54.557+0000] {logging_mixin.py:190} INFO - [2026-07-01T09:20:54.557+0000] {dag.py:4138} INFO - Setting next_dagrun for example_subdag_operator.section-2 to None, run_after=None
[2026-07-01T09:20:54.564+0000] {processor.py:208} INFO - Processing /home/airflow/.local/lib/python3.12/site-packages/airflow/example_dags/example_subdag_operator.py took 0.069 seconds
[2026-07-01T09:21:24.691+0000] {processor.py:186} INFO - Started process (PID=1537) to work on /home/airflow/.local/lib/python3.12/site-packages/airflow/example_dags/example_subdag_operator.py
[2026-07-01T09:21:24.692+0000] {processor.py:914} INFO - Processing file /home/airflow/.local/lib/python3.12/site-packages/airflow/example_dags/example_subdag_operator.py for tasks to queue
[2026-07-01T09:21:24.694+0000] {logging_mixin.py:190} INFO - [2026-07-01T09:21:24.694+0000] {dagbag.py:587} INFO - Filling up the DagBag from /home/airflow/.local/lib/python3.12/site-packages/airflow/example_dags/example_subdag_operator.py
[2026-07-01T09:21:24.712+0000] {processor.py:925} INFO - DAG(s) 'example_subdag_operator.section-1', 'example_subdag_operator.section-2', 'example_subdag_operator' retrieved from /home/airflow/.local/lib/python3.12/site-packages/airflow/example_dags/example_subdag_operator.py
[2026-07-01T09:21:24.722+0000] {logging_mixin.py:190} INFO - [2026-07-01T09:21:24.722+0000] {dag.py:3211} INFO - Sync 3 DAGs
[2026-07-01T09:21:24.738+0000] {logging_mixin.py:190} INFO - [2026-07-01T09:21:24.738+0000] {dag.py:4138} INFO - Setting next_dagrun for example_subdag_operator to 2022-01-01 00:00:00+00:00, run_after=2022-01-01 00:00:00+00:00
[2026-07-01T09:21:24.741+0000] {logging_mixin.py:190} INFO - [2026-07-01T09:21:24.741+0000] {dag.py:4138} INFO - Setting next_dagrun for example_subdag_operator.section-1 to None, run_after=None
[2026-07-01T09:21:24.742+0000] {logging_mixin.py:190} INFO - [2026-07-01T09:21:24.742+0000] {dag.py:4138} INFO - Setting next_dagrun for example_subdag_operator.section-2 to None, run_after=None
[2026-07-01T09:21:24.747+0000] {logging_mixin.py:190} INFO - [2026-07-01T09:21:24.747+0000] {dag.py:3211} INFO - Sync 2 DAGs
[2026-07-01T09:21:24.750+0000] {logging_mixin.py:190} INFO - [2026-07-01T09:21:24.750+0000] {dag.py:4138} INFO - Setting next_dagrun for example_subdag_operator.section-1 to None, run_after=None
[2026-07-01T09:21:24.751+0000] {logging_mixin.py:190} INFO - [2026-07-01T09:21:24.750+0000] {dag.py:4138} INFO - Setting next_dagrun for example_subdag_operator.section-2 to None, run_after=None
[2026-07-01T09:21:24.760+0000] {processor.py:208} INFO - Processing /home/airflow/.local/lib/python3.12/site-packages/airflow/example_dags/example_subdag_operator.py took 0.073 seconds
[2026-07-01T09:21:54.971+0000] {processor.py:186} INFO - Started process (PID=1599) to work on /home/airflow/.local/lib/python3.12/site-packages/airflow/example_dags/example_subdag_operator.py
[2026-07-01T09:21:54.973+0000] {processor.py:914} INFO - Processing file /home/airflow/.local/lib/python3.12/site-packages/airflow/example_dags/example_subdag_operator.py for tasks to queue
[2026-07-01T09:21:54.976+0000] {logging_mixin.py:190} INFO - [2026-07-01T09:21:54.976+0000] {dagbag.py:587} INFO - Filling up the DagBag from /home/airflow/.local/lib/python3.12/site-packages/airflow/example_dags/example_subdag_operator.py
[2026-07-01T09:21:55.002+0000] {processor.py:925} INFO - DAG(s) 'example_subdag_operator.section-1', 'example_subdag_operator.section-2', 'example_subdag_operator' retrieved from /home/airflow/.local/lib/python3.12/site-packages/airflow/example_dags/example_subdag_operator.py
[2026-07-01T09:21:55.014+0000] {logging_mixin.py:190} INFO - [2026-07-01T09:21:55.014+0000] {dag.py:3211} INFO - Sync 3 DAGs
[2026-07-01T09:21:55.034+0000] {logging_mixin.py:190} INFO - [2026-07-01T09:21:55.034+0000] {dag.py:4138} INFO - Setting next_dagrun for example_subdag_operator to 2022-01-01 00:00:00+00:00, run_after=2022-01-01 00:00:00+00:00
[2026-07-01T09:21:55.040+0000] {logging_mixin.py:190} INFO - [2026-07-01T09:21:55.040+0000] {dag.py:4138} INFO - Setting next_dagrun for example_subdag_operator.section-1 to None, run_after=None
[2026-07-01T09:21:55.042+0000] {logging_mixin.py:190} INFO - [2026-07-01T09:21:55.042+0000] {dag.py:4138} INFO - Setting next_dagrun for example_subdag_operator.section-2 to None, run_after=None
[2026-07-01T09:21:55.049+0000] {logging_mixin.py:190} INFO - [2026-07-01T09:21:55.049+0000] {dag.py:3211} INFO - Sync 2 DAGs
[2026-07-01T09:21:55.053+0000] {logging_mixin.py:190} INFO - [2026-07-01T09:21:55.053+0000] {dag.py:4138} INFO - Setting next_dagrun for example_subdag_operator.section-1 to None, run_after=None
[2026-07-01T09:21:55.054+0000] {logging_mixin.py:190} INFO - [2026-07-01T09:21:55.054+0000] {dag.py:4138} INFO - Setting next_dagrun for example_subdag_operator.section-2 to None, run_after=None
[2026-07-01T09:21:55.065+0000] {processor.py:208} INFO - Processing /home/airflow/.local/lib/python3.12/site-packages/airflow/example_dags/example_subdag_operator.py took 0.101 seconds
[2026-07-01T09:22:25.302+0000] {processor.py:186} INFO - Started process (PID=1661) to work on /home/airflow/.local/lib/python3.12/site-packages/airflow/example_dags/example_subdag_operator.py
[2026-07-01T09:22:25.303+0000] {processor.py:914} INFO - Processing file /home/airflow/.local/lib/python3.12/site-packages/airflow/example_dags/example_subdag_operator.py for tasks to queue
[2026-07-01T09:22:25.305+0000] {logging_mixin.py:190} INFO - [2026-07-01T09:22:25.305+0000] {dagbag.py:587} INFO - Filling up the DagBag from /home/airflow/.local/lib/python3.12/site-packages/airflow/example_dags/example_subdag_operator.py
[2026-07-01T09:22:25.326+0000] {processor.py:925} INFO - DAG(s) 'example_subdag_operator.section-1', 'example_subdag_operator.section-2', 'example_subdag_operator' retrieved from /home/airflow/.local/lib/python3.12/site-packages/airflow/example_dags/example_subdag_operator.py
[2026-07-01T09:22:25.338+0000] {logging_mixin.py:190} INFO - [2026-07-01T09:22:25.337+0000] {dag.py:3211} INFO - Sync 3 DAGs
[2026-07-01T09:22:25.355+0000] {logging_mixin.py:190} INFO - [2026-07-01T09:22:25.355+0000] {dag.py:4138} INFO - Setting next_dagrun for example_subdag_operator to 2022-01-01 00:00:00+00:00, run_after=2022-01-01 00:00:00+00:00
[2026-07-01T09:22:25.358+0000] {logging_mixin.py:190} INFO - [2026-07-01T09:22:25.358+0000] {dag.py:4138} INFO - Setting next_dagrun for example_subdag_operator.section-1 to None, run_after=None
[2026-07-01T09:22:25.359+0000] {logging_mixin.py:190} INFO - [2026-07-01T09:22:25.359+0000] {dag.py:4138} INFO - Setting next_dagrun for example_subdag_operator.section-2 to None, run_after=None
[2026-07-01T09:22:25.366+0000] {logging_mixin.py:190} INFO - [2026-07-01T09:22:25.366+0000] {dag.py:3211} INFO - Sync 2 DAGs
[2026-07-01T09:22:25.370+0000] {logging_mixin.py:190} INFO - [2026-07-01T09:22:25.370+0000] {dag.py:4138} INFO - Setting next_dagrun for example_subdag_operator.section-1 to None, run_after=None
[2026-07-01T09:22:25.371+0000] {logging_mixin.py:190} INFO - [2026-07-01T09:22:25.371+0000] {dag.py:4138} INFO - Setting next_dagrun for example_subdag_operator.section-2 to None, run_after=None
[2026-07-01T09:22:25.381+0000] {processor.py:208} INFO - Processing /home/airflow/.local/lib/python3.12/site-packages/airflow/example_dags/example_subdag_operator.py took 0.084 seconds
[2026-07-01T09:22:56.309+0000] {processor.py:186} INFO - Started process (PID=1723) to work on /home/airflow/.local/lib/python3.12/site-packages/airflow/example_dags/example_subdag_operator.py
[2026-07-01T09:22:56.310+0000] {processor.py:914} INFO - Processing file /home/airflow/.local/lib/python3.12/site-packages/airflow/example_dags/example_subdag_operator.py for tasks to queue
[2026-07-01T09:22:56.313+0000] {logging_mixin.py:190} INFO - [2026-07-01T09:22:56.312+0000] {dagbag.py:587} INFO - Filling up the DagBag from /home/airflow/.local/lib/python3.12/site-packages/airflow/example_dags/example_subdag_operator.py
[2026-07-01T09:22:56.332+0000] {processor.py:925} INFO - DAG(s) 'example_subdag_operator.section-1', 'example_subdag_operator.section-2', 'example_subdag_operator' retrieved from /home/airflow/.local/lib/python3.12/site-packages/airflow/example_dags/example_subdag_operator.py
[2026-07-01T09:22:56.341+0000] {logging_mixin.py:190} INFO - [2026-07-01T09:22:56.341+0000] {dag.py:3211} INFO - Sync 3 DAGs
[2026-07-01T09:22:56.359+0000] {logging_mixin.py:190} INFO - [2026-07-01T09:22:56.358+0000] {dag.py:4138} INFO - Setting next_dagrun for example_subdag_operator to 2022-01-01 00:00:00+00:00, run_after=2022-01-01 00:00:00+00:00
[2026-07-01T09:22:56.362+0000] {logging_mixin.py:190} INFO - [2026-07-01T09:22:56.362+0000] {dag.py:4138} INFO - Setting next_dagrun for example_subdag_operator.section-1 to None, run_after=None
[2026-07-01T09:22:56.363+0000] {logging_mixin.py:190} INFO - [2026-07-01T09:22:56.363+0000] {dag.py:4138} INFO - Setting next_dagrun for example_subdag_operator.section-2 to None, run_after=None
[2026-07-01T09:22:56.368+0000] {logging_mixin.py:190} INFO - [2026-07-01T09:22:56.368+0000] {dag.py:3211} INFO - Sync 2 DAGs
[2026-07-01T09:22:56.372+0000] {logging_mixin.py:190} INFO - [2026-07-01T09:22:56.372+0000] {dag.py:4138} INFO - Setting next_dagrun for example_subdag_operator.section-1 to None, run_after=None
[2026-07-01T09:22:56.373+0000] {logging_mixin.py:190} INFO - [2026-07-01T09:22:56.373+0000] {dag.py:4138} INFO - Setting next_dagrun for example_subdag_operator.section-2 to None, run_after=None
[2026-07-01T09:22:56.382+0000] {processor.py:208} INFO - Processing /home/airflow/.local/lib/python3.12/site-packages/airflow/example_dags/example_subdag_operator.py took 0.078 seconds
[2026-07-01T09:23:26.736+0000] {processor.py:186} INFO - Started process (PID=1785) to work on /home/airflow/.local/lib/python3.12/site-packages/airflow/example_dags/example_subdag_operator.py
[2026-07-01T09:23:26.738+0000] {processor.py:914} INFO - Processing file /home/airflow/.local/lib/python3.12/site-packages/airflow/example_dags/example_subdag_operator.py for tasks to queue
[2026-07-01T09:23:26.740+0000] {logging_mixin.py:190} INFO - [2026-07-01T09:23:26.740+0000] {dagbag.py:587} INFO - Filling up the DagBag from /home/airflow/.local/lib/python3.12/site-packages/airflow/example_dags/example_subdag_operator.py
[2026-07-01T09:23:26.762+0000] {processor.py:925} INFO - DAG(s) 'example_subdag_operator.section-1', 'example_subdag_operator.section-2', 'example_subdag_operator' retrieved from /home/airflow/.local/lib/python3.12/site-packages/airflow/example_dags/example_subdag_operator.py
[2026-07-01T09:23:26.776+0000] {logging_mixin.py:190} INFO - [2026-07-01T09:23:26.776+0000] {dag.py:3211} INFO - Sync 3 DAGs
[2026-07-01T09:23:26.795+0000] {logging_mixin.py:190} INFO - [2026-07-01T09:23:26.795+0000] {dag.py:4138} INFO - Setting next_dagrun for example_subdag_operator to 2022-01-01 00:00:00+00:00, run_after=2022-01-01 00:00:00+00:00
[2026-07-01T09:23:26.798+0000] {logging_mixin.py:190} INFO - [2026-07-01T09:23:26.798+0000] {dag.py:4138} INFO - Setting next_dagrun for example_subdag_operator.section-1 to None, run_after=None
[2026-07-01T09:23:26.800+0000] {logging_mixin.py:190} INFO - [2026-07-01T09:23:26.800+0000] {dag.py:4138} INFO - Setting next_dagrun for example_subdag_operator.section-2 to None, run_after=None
[2026-07-01T09:23:26.806+0000] {logging_mixin.py:190} INFO - [2026-07-01T09:23:26.806+0000] {dag.py:3211} INFO - Sync 2 DAGs
[2026-07-01T09:23:26.811+0000] {logging_mixin.py:190} INFO - [2026-07-01T09:23:26.810+0000] {dag.py:4138} INFO - Setting next_dagrun for example_subdag_operator.section-1 to None, run_after=None
[2026-07-01T09:23:26.811+0000] {logging_mixin.py:190} INFO - [2026-07-01T09:23:26.811+0000] {dag.py:4138} INFO - Setting next_dagrun for example_subdag_operator.section-2 to None, run_after=None
[2026-07-01T09:23:26.821+0000] {processor.py:208} INFO - Processing /home/airflow/.local/lib/python3.12/site-packages/airflow/example_dags/example_subdag_operator.py took 0.090 seconds
[2026-07-01T09:23:56.931+0000] {processor.py:186} INFO - Started process (PID=1846) to work on /home/airflow/.local/lib/python3.12/site-packages/airflow/example_dags/example_subdag_operator.py
[2026-07-01T09:23:56.932+0000] {processor.py:914} INFO - Processing file /home/airflow/.local/lib/python3.12/site-packages/airflow/example_dags/example_subdag_operator.py for tasks to queue
[2026-07-01T09:23:56.935+0000] {logging_mixin.py:190} INFO - [2026-07-01T09:23:56.935+0000] {dagbag.py:587} INFO - Filling up the DagBag from /home/airflow/.local/lib/python3.12/site-packages/airflow/example_dags/example_subdag_operator.py
[2026-07-01T09:23:56.955+0000] {processor.py:925} INFO - DAG(s) 'example_subdag_operator.section-1', 'example_subdag_operator.section-2', 'example_subdag_operator' retrieved from /home/airflow/.local/lib/python3.12/site-packages/airflow/example_dags/example_subdag_operator.py
[2026-07-01T09:23:56.966+0000] {logging_mixin.py:190} INFO - [2026-07-01T09:23:56.966+0000] {dag.py:3211} INFO - Sync 3 DAGs
[2026-07-01T09:23:56.984+0000] {logging_mixin.py:190} INFO - [2026-07-01T09:23:56.984+0000] {dag.py:4138} INFO - Setting next_dagrun for example_subdag_operator to 2022-01-01 00:00:00+00:00, run_after=2022-01-01 00:00:00+00:00
[2026-07-01T09:23:56.988+0000] {logging_mixin.py:190} INFO - [2026-07-01T09:23:56.987+0000] {dag.py:4138} INFO - Setting next_dagrun for example_subdag_operator.section-1 to None, run_after=None
[2026-07-01T09:23:56.989+0000] {logging_mixin.py:190} INFO - [2026-07-01T09:23:56.989+0000] {dag.py:4138} INFO - Setting next_dagrun for example_subdag_operator.section-2 to None, run_after=None
[2026-07-01T09:23:56.995+0000] {logging_mixin.py:190} INFO - [2026-07-01T09:23:56.994+0000] {dag.py:3211} INFO - Sync 2 DAGs
[2026-07-01T09:23:56.999+0000] {logging_mixin.py:190} INFO - [2026-07-01T09:23:56.999+0000] {dag.py:4138} INFO - Setting next_dagrun for example_subdag_operator.section-1 to None, run_after=None
[2026-07-01T09:23:56.999+0000] {logging_mixin.py:190} INFO - [2026-07-01T09:23:56.999+0000] {dag.py:4138} INFO - Setting next_dagrun for example_subdag_operator.section-2 to None, run_after=None
[2026-07-01T09:23:57.008+0000] {processor.py:208} INFO - Processing /home/airflow/.local/lib/python3.12/site-packages/airflow/example_dags/example_subdag_operator.py took 0.083 seconds
[2026-07-01T09:24:27.227+0000] {processor.py:186} INFO - Started process (PID=1908) to work on /home/airflow/.local/lib/python3.12/site-packages/airflow/example_dags/example_subdag_operator.py
[2026-07-01T09:24:27.228+0000] {processor.py:914} INFO - Processing file /home/airflow/.local/lib/python3.12/site-packages/airflow/example_dags/example_subdag_operator.py for tasks to queue
[2026-07-01T09:24:27.230+0000] {logging_mixin.py:190} INFO - [2026-07-01T09:24:27.229+0000] {dagbag.py:587} INFO - Filling up the DagBag from /home/airflow/.local/lib/python3.12/site-packages/airflow/example_dags/example_subdag_operator.py
[2026-07-01T09:24:27.247+0000] {processor.py:925} INFO - DAG(s) 'example_subdag_operator.section-1', 'example_subdag_operator.section-2', 'example_subdag_operator' retrieved from /home/airflow/.local/lib/python3.12/site-packages/airflow/example_dags/example_subdag_operator.py
[2026-07-01T09:24:27.258+0000] {logging_mixin.py:190} INFO - [2026-07-01T09:24:27.258+0000] {dag.py:3211} INFO - Sync 3 DAGs
[2026-07-01T09:24:27.273+0000] {logging_mixin.py:190} INFO - [2026-07-01T09:24:27.272+0000] {dag.py:4138} INFO - Setting next_dagrun for example_subdag_operator to 2022-01-01 00:00:00+00:00, run_after=2022-01-01 00:00:00+00:00
[2026-07-01T09:24:27.275+0000] {logging_mixin.py:190} INFO - [2026-07-01T09:24:27.275+0000] {dag.py:4138} INFO - Setting next_dagrun for example_subdag_operator.section-1 to None, run_after=None
[2026-07-01T09:24:27.276+0000] {logging_mixin.py:190} INFO - [2026-07-01T09:24:27.276+0000] {dag.py:4138} INFO - Setting next_dagrun for example_subdag_operator.section-2 to None, run_after=None
[2026-07-01T09:24:27.281+0000] {logging_mixin.py:190} INFO - [2026-07-01T09:24:27.281+0000] {dag.py:3211} INFO - Sync 2 DAGs
[2026-07-01T09:24:27.285+0000] {logging_mixin.py:190} INFO - [2026-07-01T09:24:27.285+0000] {dag.py:4138} INFO - Setting next_dagrun for example_subdag_operator.section-1 to None, run_after=None
[2026-07-01T09:24:27.285+0000] {logging_mixin.py:190} INFO - [2026-07-01T09:24:27.285+0000] {dag.py:4138} INFO - Setting next_dagrun for example_subdag_operator.section-2 to None, run_after=None
[2026-07-01T09:24:27.293+0000] {processor.py:208} INFO - Processing /home/airflow/.local/lib/python3.12/site-packages/airflow/example_dags/example_subdag_operator.py took 0.070 seconds
[2026-07-01T09:24:58.176+0000] {processor.py:186} INFO - Started process (PID=1970) to work on /home/airflow/.local/lib/python3.12/site-packages/airflow/example_dags/example_subdag_operator.py
[2026-07-01T09:24:58.177+0000] {processor.py:914} INFO - Processing file /home/airflow/.local/lib/python3.12/site-packages/airflow/example_dags/example_subdag_operator.py for tasks to queue
[2026-07-01T09:24:58.179+0000] {logging_mixin.py:190} INFO - [2026-07-01T09:24:58.179+0000] {dagbag.py:587} INFO - Filling up the DagBag from /home/airflow/.local/lib/python3.12/site-packages/airflow/example_dags/example_subdag_operator.py
[2026-07-01T09:24:58.197+0000] {processor.py:925} INFO - DAG(s) 'example_subdag_operator.section-1', 'example_subdag_operator.section-2', 'example_subdag_operator' retrieved from /home/airflow/.local/lib/python3.12/site-packages/airflow/example_dags/example_subdag_operator.py
[2026-07-01T09:24:58.207+0000] {logging_mixin.py:190} INFO - [2026-07-01T09:24:58.207+0000] {dag.py:3211} INFO - Sync 3 DAGs
[2026-07-01T09:24:58.220+0000] {logging_mixin.py:190} INFO - [2026-07-01T09:24:58.220+0000] {dag.py:4138} INFO - Setting next_dagrun for example_subdag_operator to 2022-01-01 00:00:00+00:00, run_after=2022-01-01 00:00:00+00:00
[2026-07-01T09:24:58.223+0000] {logging_mixin.py:190} INFO - [2026-07-01T09:24:58.222+0000] {dag.py:4138} INFO - Setting next_dagrun for example_subdag_operator.section-1 to None, run_after=None
[2026-07-01T09:24:58.223+0000] {logging_mixin.py:190} INFO - [2026-07-01T09:24:58.223+0000] {dag.py:4138} INFO - Setting next_dagrun for example_subdag_operator.section-2 to None, run_after=None
[2026-07-01T09:24:58.228+0000] {logging_mixin.py:190} INFO - [2026-07-01T09:24:58.228+0000] {dag.py:3211} INFO - Sync 2 DAGs
[2026-07-01T09:24:58.231+0000] {logging_mixin.py:190} INFO - [2026-07-01T09:24:58.231+0000] {dag.py:4138} INFO - Setting next_dagrun for example_subdag_operator.section-1 to None, run_after=None
[2026-07-01T09:24:58.232+0000] {logging_mixin.py:190} INFO - [2026-07-01T09:24:58.232+0000] {dag.py:4138} INFO - Setting next_dagrun for example_subdag_operator.section-2 to None, run_after=None
[2026-07-01T09:24:58.240+0000] {processor.py:208} INFO - Processing /home/airflow/.local/lib/python3.12/site-packages/airflow/example_dags/example_subdag_operator.py took 0.068 seconds
[2026-07-01T09:25:28.847+0000] {processor.py:186} INFO - Started process (PID=2033) to work on /home/airflow/.local/lib/python3.12/site-packages/airflow/example_dags/example_subdag_operator.py
[2026-07-01T09:25:28.848+0000] {processor.py:914} INFO - Processing file /home/airflow/.local/lib/python3.12/site-packages/airflow/example_dags/example_subdag_operator.py for tasks to queue
[2026-07-01T09:25:28.850+0000] {logging_mixin.py:190} INFO - [2026-07-01T09:25:28.849+0000] {dagbag.py:587} INFO - Filling up the DagBag from /home/airflow/.local/lib/python3.12/site-packages/airflow/example_dags/example_subdag_operator.py
[2026-07-01T09:25:28.869+0000] {processor.py:925} INFO - DAG(s) 'example_subdag_operator.section-1', 'example_subdag_operator.section-2', 'example_subdag_operator' retrieved from /home/airflow/.local/lib/python3.12/site-packages/airflow/example_dags/example_subdag_operator.py
[2026-07-01T09:25:28.880+0000] {logging_mixin.py:190} INFO - [2026-07-01T09:25:28.880+0000] {dag.py:3211} INFO - Sync 3 DAGs
[2026-07-01T09:25:28.896+0000] {logging_mixin.py:190} INFO - [2026-07-01T09:25:28.896+0000] {dag.py:4138} INFO - Setting next_dagrun for example_subdag_operator to 2022-01-01 00:00:00+00:00, run_after=2022-01-01 00:00:00+00:00
[2026-07-01T09:25:28.899+0000] {logging_mixin.py:190} INFO - [2026-07-01T09:25:28.899+0000] {dag.py:4138} INFO - Setting next_dagrun for example_subdag_operator.section-1 to None, run_after=None
[2026-07-01T09:25:28.900+0000] {logging_mixin.py:190} INFO - [2026-07-01T09:25:28.900+0000] {dag.py:4138} INFO - Setting next_dagrun for example_subdag_operator.section-2 to None, run_after=None
[2026-07-01T09:25:28.905+0000] {logging_mixin.py:190} INFO - [2026-07-01T09:25:28.904+0000] {dag.py:3211} INFO - Sync 2 DAGs
[2026-07-01T09:25:28.908+0000] {logging_mixin.py:190} INFO - [2026-07-01T09:25:28.908+0000] {dag.py:4138} INFO - Setting next_dagrun for example_subdag_operator.section-1 to None, run_after=None
[2026-07-01T09:25:28.910+0000] {logging_mixin.py:190} INFO - [2026-07-01T09:25:28.910+0000] {dag.py:4138} INFO - Setting next_dagrun for example_subdag_operator.section-2 to None, run_after=None
[2026-07-01T09:25:28.919+0000] {processor.py:208} INFO - Processing /home/airflow/.local/lib/python3.12/site-packages/airflow/example_dags/example_subdag_operator.py took 0.078 seconds
[2026-07-01T09:30:09.525+0000] {processor.py:186} INFO - Started process (PID=2089) to work on /home/airflow/.local/lib/python3.12/site-packages/airflow/example_dags/example_subdag_operator.py
[2026-07-01T09:30:09.526+0000] {processor.py:914} INFO - Processing file /home/airflow/.local/lib/python3.12/site-packages/airflow/example_dags/example_subdag_operator.py for tasks to queue
[2026-07-01T09:30:09.529+0000] {logging_mixin.py:190} INFO - [2026-07-01T09:30:09.528+0000] {dagbag.py:587} INFO - Filling up the DagBag from /home/airflow/.local/lib/python3.12/site-packages/airflow/example_dags/example_subdag_operator.py
[2026-07-01T09:30:09.553+0000] {processor.py:925} INFO - DAG(s) 'example_subdag_operator.section-1', 'example_subdag_operator.section-2', 'example_subdag_operator' retrieved from /home/airflow/.local/lib/python3.12/site-packages/airflow/example_dags/example_subdag_operator.py
[2026-07-01T09:30:09.565+0000] {logging_mixin.py:190} INFO - [2026-07-01T09:30:09.565+0000] {dag.py:3211} INFO - Sync 3 DAGs
[2026-07-01T09:30:09.585+0000] {logging_mixin.py:190} INFO - [2026-07-01T09:30:09.585+0000] {dag.py:4138} INFO - Setting next_dagrun for example_subdag_operator to 2022-01-01 00:00:00+00:00, run_after=2022-01-01 00:00:00+00:00
[2026-07-01T09:30:09.589+0000] {logging_mixin.py:190} INFO - [2026-07-01T09:30:09.589+0000] {dag.py:4138} INFO - Setting next_dagrun for example_subdag_operator.section-1 to None, run_after=None
[2026-07-01T09:30:09.591+0000] {logging_mixin.py:190} INFO - [2026-07-01T09:30:09.591+0000] {dag.py:4138} INFO - Setting next_dagrun for example_subdag_operator.section-2 to None, run_after=None
[2026-07-01T09:30:09.599+0000] {logging_mixin.py:190} INFO - [2026-07-01T09:30:09.599+0000] {dag.py:3211} INFO - Sync 2 DAGs
[2026-07-01T09:30:09.604+0000] {logging_mixin.py:190} INFO - [2026-07-01T09:30:09.604+0000] {dag.py:4138} INFO - Setting next_dagrun for example_subdag_operator.section-1 to None, run_after=None
[2026-07-01T09:30:09.605+0000] {logging_mixin.py:190} INFO - [2026-07-01T09:30:09.605+0000] {dag.py:4138} INFO - Setting next_dagrun for example_subdag_operator.section-2 to None, run_after=None
[2026-07-01T09:30:09.615+0000] {processor.py:208} INFO - Processing /home/airflow/.local/lib/python3.12/site-packages/airflow/example_dags/example_subdag_operator.py took 0.095 seconds
[2026-07-01T09:30:39.874+0000] {processor.py:186} INFO - Started process (PID=2150) to work on /home/airflow/.local/lib/python3.12/site-packages/airflow/example_dags/example_subdag_operator.py
[2026-07-01T09:30:39.875+0000] {processor.py:914} INFO - Processing file /home/airflow/.local/lib/python3.12/site-packages/airflow/example_dags/example_subdag_operator.py for tasks to queue
[2026-07-01T09:30:39.878+0000] {logging_mixin.py:190} INFO - [2026-07-01T09:30:39.877+0000] {dagbag.py:587} INFO - Filling up the DagBag from /home/airflow/.local/lib/python3.12/site-packages/airflow/example_dags/example_subdag_operator.py
[2026-07-01T09:30:39.906+0000] {processor.py:925} INFO - DAG(s) 'example_subdag_operator.section-1', 'example_subdag_operator.section-2', 'example_subdag_operator' retrieved from /home/airflow/.local/lib/python3.12/site-packages/airflow/example_dags/example_subdag_operator.py
[2026-07-01T09:30:39.918+0000] {logging_mixin.py:190} INFO - [2026-07-01T09:30:39.918+0000] {dag.py:3211} INFO - Sync 3 DAGs
[2026-07-01T09:30:39.936+0000] {logging_mixin.py:190} INFO - [2026-07-01T09:30:39.936+0000] {dag.py:4138} INFO - Setting next_dagrun for example_subdag_operator to 2022-01-01 00:00:00+00:00, run_after=2022-01-01 00:00:00+00:00
[2026-07-01T09:30:39.940+0000] {logging_mixin.py:190} INFO - [2026-07-01T09:30:39.940+0000] {dag.py:4138} INFO - Setting next_dagrun for example_subdag_operator.section-1 to None, run_after=None
[2026-07-01T09:30:39.941+0000] {logging_mixin.py:190} INFO - [2026-07-01T09:30:39.941+0000] {dag.py:4138} INFO - Setting next_dagrun for example_subdag_operator.section-2 to None, run_after=None
[2026-07-01T09:30:39.947+0000] {logging_mixin.py:190} INFO - [2026-07-01T09:30:39.947+0000] {dag.py:3211} INFO - Sync 2 DAGs
[2026-07-01T09:30:39.951+0000] {logging_mixin.py:190} INFO - [2026-07-01T09:30:39.950+0000] {dag.py:4138} INFO - Setting next_dagrun for example_subdag_operator.section-1 to None, run_after=None
[2026-07-01T09:30:39.951+0000] {logging_mixin.py:190} INFO - [2026-07-01T09:30:39.951+0000] {dag.py:4138} INFO - Setting next_dagrun for example_subdag_operator.section-2 to None, run_after=None
[2026-07-01T09:30:39.961+0000] {processor.py:208} INFO - Processing /home/airflow/.local/lib/python3.12/site-packages/airflow/example_dags/example_subdag_operator.py took 0.092 seconds
[2026-07-01T09:31:10.231+0000] {processor.py:186} INFO - Started process (PID=2212) to work on /home/airflow/.local/lib/python3.12/site-packages/airflow/example_dags/example_subdag_operator.py
[2026-07-01T09:31:10.232+0000] {processor.py:914} INFO - Processing file /home/airflow/.local/lib/python3.12/site-packages/airflow/example_dags/example_subdag_operator.py for tasks to queue
[2026-07-01T09:31:10.236+0000] {logging_mixin.py:190} INFO - [2026-07-01T09:31:10.235+0000] {dagbag.py:587} INFO - Filling up the DagBag from /home/airflow/.local/lib/python3.12/site-packages/airflow/example_dags/example_subdag_operator.py
[2026-07-01T09:31:10.254+0000] {processor.py:925} INFO - DAG(s) 'example_subdag_operator.section-1', 'example_subdag_operator.section-2', 'example_subdag_operator' retrieved from /home/airflow/.local/lib/python3.12/site-packages/airflow/example_dags/example_subdag_operator.py
[2026-07-01T09:31:10.264+0000] {logging_mixin.py:190} INFO - [2026-07-01T09:31:10.264+0000] {dag.py:3211} INFO - Sync 3 DAGs
[2026-07-01T09:31:10.279+0000] {logging_mixin.py:190} INFO - [2026-07-01T09:31:10.279+0000] {dag.py:4138} INFO - Setting next_dagrun for example_subdag_operator to 2022-01-01 00:00:00+00:00, run_after=2022-01-01 00:00:00+00:00
[2026-07-01T09:31:10.282+0000] {logging_mixin.py:190} INFO - [2026-07-01T09:31:10.282+0000] {dag.py:4138} INFO - Setting next_dagrun for example_subdag_operator.section-1 to None, run_after=None
[2026-07-01T09:31:10.283+0000] {logging_mixin.py:190} INFO - [2026-07-01T09:31:10.283+0000] {dag.py:4138} INFO - Setting next_dagrun for example_subdag_operator.section-2 to None, run_after=None
[2026-07-01T09:31:10.288+0000] {logging_mixin.py:190} INFO - [2026-07-01T09:31:10.288+0000] {dag.py:3211} INFO - Sync 2 DAGs
[2026-07-01T09:31:10.292+0000] {logging_mixin.py:190} INFO - [2026-07-01T09:31:10.292+0000] {dag.py:4138} INFO - Setting next_dagrun for example_subdag_operator.section-1 to None, run_after=None
[2026-07-01T09:31:10.292+0000] {logging_mixin.py:190} INFO - [2026-07-01T09:31:10.292+0000] {dag.py:4138} INFO - Setting next_dagrun for example_subdag_operator.section-2 to None, run_after=None
[2026-07-01T09:31:10.300+0000] {processor.py:208} INFO - Processing /home/airflow/.local/lib/python3.12/site-packages/airflow/example_dags/example_subdag_operator.py took 0.073 seconds
[2026-07-01T09:31:40.772+0000] {processor.py:186} INFO - Started process (PID=2274) to work on /home/airflow/.local/lib/python3.12/site-packages/airflow/example_dags/example_subdag_operator.py
[2026-07-01T09:31:40.774+0000] {processor.py:914} INFO - Processing file /home/airflow/.local/lib/python3.12/site-packages/airflow/example_dags/example_subdag_operator.py for tasks to queue
[2026-07-01T09:31:40.777+0000] {logging_mixin.py:190} INFO - [2026-07-01T09:31:40.776+0000] {dagbag.py:587} INFO - Filling up the DagBag from /home/airflow/.local/lib/python3.12/site-packages/airflow/example_dags/example_subdag_operator.py
[2026-07-01T09:31:40.798+0000] {processor.py:925} INFO - DAG(s) 'example_subdag_operator.section-1', 'example_subdag_operator.section-2', 'example_subdag_operator' retrieved from /home/airflow/.local/lib/python3.12/site-packages/airflow/example_dags/example_subdag_operator.py
[2026-07-01T09:31:40.811+0000] {logging_mixin.py:190} INFO - [2026-07-01T09:31:40.811+0000] {dag.py:3211} INFO - Sync 3 DAGs
[2026-07-01T09:31:40.828+0000] {logging_mixin.py:190} INFO - [2026-07-01T09:31:40.828+0000] {dag.py:4138} INFO - Setting next_dagrun for example_subdag_operator to 2022-01-01 00:00:00+00:00, run_after=2022-01-01 00:00:00+00:00
[2026-07-01T09:31:40.832+0000] {logging_mixin.py:190} INFO - [2026-07-01T09:31:40.832+0000] {dag.py:4138} INFO - Setting next_dagrun for example_subdag_operator.section-1 to None, run_after=None
[2026-07-01T09:31:40.833+0000] {logging_mixin.py:190} INFO - [2026-07-01T09:31:40.833+0000] {dag.py:4138} INFO - Setting next_dagrun for example_subdag_operator.section-2 to None, run_after=None
[2026-07-01T09:31:40.839+0000] {logging_mixin.py:190} INFO - [2026-07-01T09:31:40.839+0000] {dag.py:3211} INFO - Sync 2 DAGs
[2026-07-01T09:31:40.843+0000] {logging_mixin.py:190} INFO - [2026-07-01T09:31:40.843+0000] {dag.py:4138} INFO - Setting next_dagrun for example_subdag_operator.section-1 to None, run_after=None
[2026-07-01T09:31:40.844+0000] {logging_mixin.py:190} INFO - [2026-07-01T09:31:40.843+0000] {dag.py:4138} INFO - Setting next_dagrun for example_subdag_operator.section-2 to None, run_after=None
[2026-07-01T09:31:40.852+0000] {processor.py:208} INFO - Processing /home/airflow/.local/lib/python3.12/site-packages/airflow/example_dags/example_subdag_operator.py took 0.085 seconds
[2026-07-01T09:32:11.111+0000] {processor.py:186} INFO - Started process (PID=2336) to work on /home/airflow/.local/lib/python3.12/site-packages/airflow/example_dags/example_subdag_operator.py
[2026-07-01T09:32:11.112+0000] {processor.py:914} INFO - Processing file /home/airflow/.local/lib/python3.12/site-packages/airflow/example_dags/example_subdag_operator.py for tasks to queue
[2026-07-01T09:32:11.115+0000] {logging_mixin.py:190} INFO - [2026-07-01T09:32:11.115+0000] {dagbag.py:587} INFO - Filling up the DagBag from /home/airflow/.local/lib/python3.12/site-packages/airflow/example_dags/example_subdag_operator.py
[2026-07-01T09:32:11.141+0000] {processor.py:925} INFO - DAG(s) 'example_subdag_operator.section-1', 'example_subdag_operator.section-2', 'example_subdag_operator' retrieved from /home/airflow/.local/lib/python3.12/site-packages/airflow/example_dags/example_subdag_operator.py
[2026-07-01T09:32:11.155+0000] {logging_mixin.py:190} INFO - [2026-07-01T09:32:11.155+0000] {dag.py:3211} INFO - Sync 3 DAGs
[2026-07-01T09:32:11.178+0000] {logging_mixin.py:190} INFO - [2026-07-01T09:32:11.178+0000] {dag.py:4138} INFO - Setting next_dagrun for example_subdag_operator to 2022-01-01 00:00:00+00:00, run_after=2022-01-01 00:00:00+00:00
[2026-07-01T09:32:11.181+0000] {logging_mixin.py:190} INFO - [2026-07-01T09:32:11.181+0000] {dag.py:4138} INFO - Setting next_dagrun for example_subdag_operator.section-1 to None, run_after=None
[2026-07-01T09:32:11.182+0000] {logging_mixin.py:190} INFO - [2026-07-01T09:32:11.182+0000] {dag.py:4138} INFO - Setting next_dagrun for example_subdag_operator.section-2 to None, run_after=None
[2026-07-01T09:32:11.188+0000] {logging_mixin.py:190} INFO - [2026-07-01T09:32:11.188+0000] {dag.py:3211} INFO - Sync 2 DAGs
[2026-07-01T09:32:11.192+0000] {logging_mixin.py:190} INFO - [2026-07-01T09:32:11.192+0000] {dag.py:4138} INFO - Setting next_dagrun for example_subdag_operator.section-1 to None, run_after=None
[2026-07-01T09:32:11.193+0000] {logging_mixin.py:190} INFO - [2026-07-01T09:32:11.193+0000] {dag.py:4138} INFO - Setting next_dagrun for example_subdag_operator.section-2 to None, run_after=None
[2026-07-01T09:32:11.202+0000] {processor.py:208} INFO - Processing /home/airflow/.local/lib/python3.12/site-packages/airflow/example_dags/example_subdag_operator.py took 0.098 seconds
[2026-07-01T09:32:41.704+0000] {processor.py:186} INFO - Started process (PID=2398) to work on /home/airflow/.local/lib/python3.12/site-packages/airflow/example_dags/example_subdag_operator.py
[2026-07-01T09:32:41.705+0000] {processor.py:914} INFO - Processing file /home/airflow/.local/lib/python3.12/site-packages/airflow/example_dags/example_subdag_operator.py for tasks to queue
[2026-07-01T09:32:41.707+0000] {logging_mixin.py:190} INFO - [2026-07-01T09:32:41.707+0000] {dagbag.py:587} INFO - Filling up the DagBag from /home/airflow/.local/lib/python3.12/site-packages/airflow/example_dags/example_subdag_operator.py
[2026-07-01T09:32:41.725+0000] {processor.py:925} INFO - DAG(s) 'example_subdag_operator.section-1', 'example_subdag_operator.section-2', 'example_subdag_operator' retrieved from /home/airflow/.local/lib/python3.12/site-packages/airflow/example_dags/example_subdag_operator.py
[2026-07-01T09:32:41.736+0000] {logging_mixin.py:190} INFO - [2026-07-01T09:32:41.736+0000] {dag.py:3211} INFO - Sync 3 DAGs
[2026-07-01T09:32:41.751+0000] {logging_mixin.py:190} INFO - [2026-07-01T09:32:41.751+0000] {dag.py:4138} INFO - Setting next_dagrun for example_subdag_operator to 2022-01-01 00:00:00+00:00, run_after=2022-01-01 00:00:00+00:00
[2026-07-01T09:32:41.754+0000] {logging_mixin.py:190} INFO - [2026-07-01T09:32:41.753+0000] {dag.py:4138} INFO - Setting next_dagrun for example_subdag_operator.section-1 to None, run_after=None
[2026-07-01T09:32:41.755+0000] {logging_mixin.py:190} INFO - [2026-07-01T09:32:41.755+0000] {dag.py:4138} INFO - Setting next_dagrun for example_subdag_operator.section-2 to None, run_after=None
[2026-07-01T09:32:41.759+0000] {logging_mixin.py:190} INFO - [2026-07-01T09:32:41.759+0000] {dag.py:3211} INFO - Sync 2 DAGs
[2026-07-01T09:32:41.763+0000] {logging_mixin.py:190} INFO - [2026-07-01T09:32:41.763+0000] {dag.py:4138} INFO - Setting next_dagrun for example_subdag_operator.section-1 to None, run_after=None
[2026-07-01T09:32:41.763+0000] {logging_mixin.py:190} INFO - [2026-07-01T09:32:41.763+0000] {dag.py:4138} INFO - Setting next_dagrun for example_subdag_operator.section-2 to None, run_after=None
[2026-07-01T09:32:41.771+0000] {processor.py:208} INFO - Processing /home/airflow/.local/lib/python3.12/site-packages/airflow/example_dags/example_subdag_operator.py took 0.071 seconds
[2026-07-01T09:33:12.276+0000] {processor.py:186} INFO - Started process (PID=2460) to work on /home/airflow/.local/lib/python3.12/site-packages/airflow/example_dags/example_subdag_operator.py
[2026-07-01T09:33:12.278+0000] {processor.py:914} INFO - Processing file /home/airflow/.local/lib/python3.12/site-packages/airflow/example_dags/example_subdag_operator.py for tasks to queue
[2026-07-01T09:33:12.281+0000] {logging_mixin.py:190} INFO - [2026-07-01T09:33:12.280+0000] {dagbag.py:587} INFO - Filling up the DagBag from /home/airflow/.local/lib/python3.12/site-packages/airflow/example_dags/example_subdag_operator.py
[2026-07-01T09:33:12.307+0000] {processor.py:925} INFO - DAG(s) 'example_subdag_operator.section-1', 'example_subdag_operator.section-2', 'example_subdag_operator' retrieved from /home/airflow/.local/lib/python3.12/site-packages/airflow/example_dags/example_subdag_operator.py
[2026-07-01T09:33:12.326+0000] {logging_mixin.py:190} INFO - [2026-07-01T09:33:12.325+0000] {dag.py:3211} INFO - Sync 3 DAGs
[2026-07-01T09:33:12.348+0000] {logging_mixin.py:190} INFO - [2026-07-01T09:33:12.347+0000] {dag.py:4138} INFO - Setting next_dagrun for example_subdag_operator to 2022-01-01 00:00:00+00:00, run_after=2022-01-01 00:00:00+00:00
[2026-07-01T09:33:12.352+0000] {logging_mixin.py:190} INFO - [2026-07-01T09:33:12.352+0000] {dag.py:4138} INFO - Setting next_dagrun for example_subdag_operator.section-1 to None, run_after=None
[2026-07-01T09:33:12.353+0000] {logging_mixin.py:190} INFO - [2026-07-01T09:33:12.353+0000] {dag.py:4138} INFO - Setting next_dagrun for example_subdag_operator.section-2 to None, run_after=None
[2026-07-01T09:33:12.359+0000] {logging_mixin.py:190} INFO - [2026-07-01T09:33:12.359+0000] {dag.py:3211} INFO - Sync 2 DAGs
[2026-07-01T09:33:12.363+0000] {logging_mixin.py:190} INFO - [2026-07-01T09:33:12.363+0000] {dag.py:4138} INFO - Setting next_dagrun for example_subdag_operator.section-1 to None, run_after=None
[2026-07-01T09:33:12.364+0000] {logging_mixin.py:190} INFO - [2026-07-01T09:33:12.364+0000] {dag.py:4138} INFO - Setting next_dagrun for example_subdag_operator.section-2 to None, run_after=None
[2026-07-01T09:33:12.372+0000] {processor.py:208} INFO - Processing /home/airflow/.local/lib/python3.12/site-packages/airflow/example_dags/example_subdag_operator.py took 0.104 seconds
[2026-07-01T09:33:43.315+0000] {processor.py:186} INFO - Started process (PID=2523) to work on /home/airflow/.local/lib/python3.12/site-packages/airflow/example_dags/example_subdag_operator.py
[2026-07-01T09:33:43.316+0000] {processor.py:914} INFO - Processing file /home/airflow/.local/lib/python3.12/site-packages/airflow/example_dags/example_subdag_operator.py for tasks to queue
[2026-07-01T09:33:43.318+0000] {logging_mixin.py:190} INFO - [2026-07-01T09:33:43.318+0000] {dagbag.py:587} INFO - Filling up the DagBag from /home/airflow/.local/lib/python3.12/site-packages/airflow/example_dags/example_subdag_operator.py
[2026-07-01T09:33:43.339+0000] {processor.py:925} INFO - DAG(s) 'example_subdag_operator.section-1', 'example_subdag_operator.section-2', 'example_subdag_operator' retrieved from /home/airflow/.local/lib/python3.12/site-packages/airflow/example_dags/example_subdag_operator.py
[2026-07-01T09:33:43.350+0000] {logging_mixin.py:190} INFO - [2026-07-01T09:33:43.350+0000] {dag.py:3211} INFO - Sync 3 DAGs
[2026-07-01T09:33:43.366+0000] {logging_mixin.py:190} INFO - [2026-07-01T09:33:43.366+0000] {dag.py:4138} INFO - Setting next_dagrun for example_subdag_operator to 2022-01-01 00:00:00+00:00, run_after=2022-01-01 00:00:00+00:00
[2026-07-01T09:33:43.369+0000] {logging_mixin.py:190} INFO - [2026-07-01T09:33:43.369+0000] {dag.py:4138} INFO - Setting next_dagrun for example_subdag_operator.section-1 to None, run_after=None
[2026-07-01T09:33:43.371+0000] {logging_mixin.py:190} INFO - [2026-07-01T09:33:43.371+0000] {dag.py:4138} INFO - Setting next_dagrun for example_subdag_operator.section-2 to None, run_after=None
[2026-07-01T09:33:43.376+0000] {logging_mixin.py:190} INFO - [2026-07-01T09:33:43.376+0000] {dag.py:3211} INFO - Sync 2 DAGs
[2026-07-01T09:33:43.380+0000] {logging_mixin.py:190} INFO - [2026-07-01T09:33:43.380+0000] {dag.py:4138} INFO - Setting next_dagrun for example_subdag_operator.section-1 to None, run_after=None
[2026-07-01T09:33:43.381+0000] {logging_mixin.py:190} INFO - [2026-07-01T09:33:43.380+0000] {dag.py:4138} INFO - Setting next_dagrun for example_subdag_operator.section-2 to None, run_after=None
[2026-07-01T09:33:43.389+0000] {processor.py:208} INFO - Processing /home/airflow/.local/lib/python3.12/site-packages/airflow/example_dags/example_subdag_operator.py took 0.080 seconds
[2026-07-01T09:34:14.041+0000] {processor.py:186} INFO - Started process (PID=2585) to work on /home/airflow/.local/lib/python3.12/site-packages/airflow/example_dags/example_subdag_operator.py
[2026-07-01T09:34:14.043+0000] {processor.py:914} INFO - Processing file /home/airflow/.local/lib/python3.12/site-packages/airflow/example_dags/example_subdag_operator.py for tasks to queue
[2026-07-01T09:34:14.046+0000] {logging_mixin.py:190} INFO - [2026-07-01T09:34:14.045+0000] {dagbag.py:587} INFO - Filling up the DagBag from /home/airflow/.local/lib/python3.12/site-packages/airflow/example_dags/example_subdag_operator.py
[2026-07-01T09:34:14.067+0000] {processor.py:925} INFO - DAG(s) 'example_subdag_operator.section-1', 'example_subdag_operator.section-2', 'example_subdag_operator' retrieved from /home/airflow/.local/lib/python3.12/site-packages/airflow/example_dags/example_subdag_operator.py
[2026-07-01T09:34:14.078+0000] {logging_mixin.py:190} INFO - [2026-07-01T09:34:14.077+0000] {dag.py:3211} INFO - Sync 3 DAGs
[2026-07-01T09:34:14.105+0000] {logging_mixin.py:190} INFO - [2026-07-01T09:34:14.105+0000] {dag.py:4138} INFO - Setting next_dagrun for example_subdag_operator to 2022-01-01 00:00:00+00:00, run_after=2022-01-01 00:00:00+00:00
[2026-07-01T09:34:14.108+0000] {logging_mixin.py:190} INFO - [2026-07-01T09:34:14.108+0000] {dag.py:4138} INFO - Setting next_dagrun for example_subdag_operator.section-1 to None, run_after=None
[2026-07-01T09:34:14.110+0000] {logging_mixin.py:190} INFO - [2026-07-01T09:34:14.110+0000] {dag.py:4138} INFO - Setting next_dagrun for example_subdag_operator.section-2 to None, run_after=None
[2026-07-01T09:34:14.116+0000] {logging_mixin.py:190} INFO - [2026-07-01T09:34:14.116+0000] {dag.py:3211} INFO - Sync 2 DAGs
[2026-07-01T09:34:14.120+0000] {logging_mixin.py:190} INFO - [2026-07-01T09:34:14.120+0000] {dag.py:4138} INFO - Setting next_dagrun for example_subdag_operator.section-1 to None, run_after=None
[2026-07-01T09:34:14.124+0000] {logging_mixin.py:190} INFO - [2026-07-01T09:34:14.124+0000] {dag.py:4138} INFO - Setting next_dagrun for example_subdag_operator.section-2 to None, run_after=None
[2026-07-01T09:34:14.134+0000] {processor.py:208} INFO - Processing /home/airflow/.local/lib/python3.12/site-packages/airflow/example_dags/example_subdag_operator.py took 0.097 seconds
[2026-07-01T09:34:44.878+0000] {processor.py:186} INFO - Started process (PID=2646) to work on /home/airflow/.local/lib/python3.12/site-packages/airflow/example_dags/example_subdag_operator.py
[2026-07-01T09:34:44.879+0000] {processor.py:914} INFO - Processing file /home/airflow/.local/lib/python3.12/site-packages/airflow/example_dags/example_subdag_operator.py for tasks to queue
[2026-07-01T09:34:44.881+0000] {logging_mixin.py:190} INFO - [2026-07-01T09:34:44.881+0000] {dagbag.py:587} INFO - Filling up the DagBag from /home/airflow/.local/lib/python3.12/site-packages/airflow/example_dags/example_subdag_operator.py
[2026-07-01T09:34:44.903+0000] {processor.py:925} INFO - DAG(s) 'example_subdag_operator.section-1', 'example_subdag_operator.section-2', 'example_subdag_operator' retrieved from /home/airflow/.local/lib/python3.12/site-packages/airflow/example_dags/example_subdag_operator.py
[2026-07-01T09:34:44.914+0000] {logging_mixin.py:190} INFO - [2026-07-01T09:34:44.914+0000] {dag.py:3211} INFO - Sync 3 DAGs
[2026-07-01T09:34:44.932+0000] {logging_mixin.py:190} INFO - [2026-07-01T09:34:44.932+0000] {dag.py:4138} INFO - Setting next_dagrun for example_subdag_operator to 2022-01-01 00:00:00+00:00, run_after=2022-01-01 00:00:00+00:00
[2026-07-01T09:34:44.935+0000] {logging_mixin.py:190} INFO - [2026-07-01T09:34:44.935+0000] {dag.py:4138} INFO - Setting next_dagrun for example_subdag_operator.section-1 to None, run_after=None
[2026-07-01T09:34:44.936+0000] {logging_mixin.py:190} INFO - [2026-07-01T09:34:44.936+0000] {dag.py:4138} INFO - Setting next_dagrun for example_subdag_operator.section-2 to None, run_after=None
[2026-07-01T09:34:44.940+0000] {logging_mixin.py:190} INFO - [2026-07-01T09:34:44.940+0000] {dag.py:3211} INFO - Sync 2 DAGs
[2026-07-01T09:34:44.944+0000] {logging_mixin.py:190} INFO - [2026-07-01T09:34:44.944+0000] {dag.py:4138} INFO - Setting next_dagrun for example_subdag_operator.section-1 to None, run_after=None
[2026-07-01T09:34:44.944+0000] {logging_mixin.py:190} INFO - [2026-07-01T09:34:44.944+0000] {dag.py:4138} INFO - Setting next_dagrun for example_subdag_operator.section-2 to None, run_after=None
[2026-07-01T09:34:44.952+0000] {processor.py:208} INFO - Processing /home/airflow/.local/lib/python3.12/site-packages/airflow/example_dags/example_subdag_operator.py took 0.079 seconds
[2026-07-01T09:35:15.618+0000] {processor.py:186} INFO - Started process (PID=2708) to work on /home/airflow/.local/lib/python3.12/site-packages/airflow/example_dags/example_subdag_operator.py
[2026-07-01T09:35:15.619+0000] {processor.py:914} INFO - Processing file /home/airflow/.local/lib/python3.12/site-packages/airflow/example_dags/example_subdag_operator.py for tasks to queue
[2026-07-01T09:35:15.620+0000] {logging_mixin.py:190} INFO - [2026-07-01T09:35:15.620+0000] {dagbag.py:587} INFO - Filling up the DagBag from /home/airflow/.local/lib/python3.12/site-packages/airflow/example_dags/example_subdag_operator.py
[2026-07-01T09:35:15.638+0000] {processor.py:925} INFO - DAG(s) 'example_subdag_operator.section-1', 'example_subdag_operator.section-2', 'example_subdag_operator' retrieved from /home/airflow/.local/lib/python3.12/site-packages/airflow/example_dags/example_subdag_operator.py
[2026-07-01T09:35:15.648+0000] {logging_mixin.py:190} INFO - [2026-07-01T09:35:15.648+0000] {dag.py:3211} INFO - Sync 3 DAGs
[2026-07-01T09:35:15.662+0000] {logging_mixin.py:190} INFO - [2026-07-01T09:35:15.662+0000] {dag.py:4138} INFO - Setting next_dagrun for example_subdag_operator to 2022-01-01 00:00:00+00:00, run_after=2022-01-01 00:00:00+00:00
[2026-07-01T09:35:15.665+0000] {logging_mixin.py:190} INFO - [2026-07-01T09:35:15.665+0000] {dag.py:4138} INFO - Setting next_dagrun for example_subdag_operator.section-1 to None, run_after=None
[2026-07-01T09:35:15.666+0000] {logging_mixin.py:190} INFO - [2026-07-01T09:35:15.666+0000] {dag.py:4138} INFO - Setting next_dagrun for example_subdag_operator.section-2 to None, run_after=None
[2026-07-01T09:35:15.670+0000] {logging_mixin.py:190} INFO - [2026-07-01T09:35:15.670+0000] {dag.py:3211} INFO - Sync 2 DAGs
[2026-07-01T09:35:15.674+0000] {logging_mixin.py:190} INFO - [2026-07-01T09:35:15.673+0000] {dag.py:4138} INFO - Setting next_dagrun for example_subdag_operator.section-1 to None, run_after=None
[2026-07-01T09:35:15.674+0000] {logging_mixin.py:190} INFO - [2026-07-01T09:35:15.674+0000] {dag.py:4138} INFO - Setting next_dagrun for example_subdag_operator.section-2 to None, run_after=None
[2026-07-01T09:35:15.681+0000] {processor.py:208} INFO - Processing /home/airflow/.local/lib/python3.12/site-packages/airflow/example_dags/example_subdag_operator.py took 0.067 seconds
[2026-07-01T09:35:45.987+0000] {processor.py:186} INFO - Started process (PID=2770) to work on /home/airflow/.local/lib/python3.12/site-packages/airflow/example_dags/example_subdag_operator.py
[2026-07-01T09:35:45.989+0000] {processor.py:914} INFO - Processing file /home/airflow/.local/lib/python3.12/site-packages/airflow/example_dags/example_subdag_operator.py for tasks to queue
[2026-07-01T09:35:45.991+0000] {logging_mixin.py:190} INFO - [2026-07-01T09:35:45.991+0000] {dagbag.py:587} INFO - Filling up the DagBag from /home/airflow/.local/lib/python3.12/site-packages/airflow/example_dags/example_subdag_operator.py
[2026-07-01T09:35:46.011+0000] {processor.py:925} INFO - DAG(s) 'example_subdag_operator.section-1', 'example_subdag_operator.section-2', 'example_subdag_operator' retrieved from /home/airflow/.local/lib/python3.12/site-packages/airflow/example_dags/example_subdag_operator.py
[2026-07-01T09:35:46.023+0000] {logging_mixin.py:190} INFO - [2026-07-01T09:35:46.023+0000] {dag.py:3211} INFO - Sync 3 DAGs
[2026-07-01T09:35:46.039+0000] {logging_mixin.py:190} INFO - [2026-07-01T09:35:46.039+0000] {dag.py:4138} INFO - Setting next_dagrun for example_subdag_operator to 2022-01-01 00:00:00+00:00, run_after=2022-01-01 00:00:00+00:00
[2026-07-01T09:35:46.044+0000] {logging_mixin.py:190} INFO - [2026-07-01T09:35:46.043+0000] {dag.py:4138} INFO - Setting next_dagrun for example_subdag_operator.section-1 to None, run_after=None
[2026-07-01T09:35:46.046+0000] {logging_mixin.py:190} INFO - [2026-07-01T09:35:46.045+0000] {dag.py:4138} INFO - Setting next_dagrun for example_subdag_operator.section-2 to None, run_after=None
[2026-07-01T09:35:46.053+0000] {logging_mixin.py:190} INFO - [2026-07-01T09:35:46.053+0000] {dag.py:3211} INFO - Sync 2 DAGs
[2026-07-01T09:35:46.059+0000] {logging_mixin.py:190} INFO - [2026-07-01T09:35:46.059+0000] {dag.py:4138} INFO - Setting next_dagrun for example_subdag_operator.section-1 to None, run_after=None
[2026-07-01T09:35:46.061+0000] {logging_mixin.py:190} INFO - [2026-07-01T09:35:46.061+0000] {dag.py:4138} INFO - Setting next_dagrun for example_subdag_operator.section-2 to None, run_after=None
[2026-07-01T09:35:46.071+0000] {processor.py:208} INFO - Processing /home/airflow/.local/lib/python3.12/site-packages/airflow/example_dags/example_subdag_operator.py took 0.089 seconds
[2026-07-01T09:36:16.928+0000] {processor.py:186} INFO - Started process (PID=2833) to work on /home/airflow/.local/lib/python3.12/site-packages/airflow/example_dags/example_subdag_operator.py
[2026-07-01T09:36:16.930+0000] {processor.py:914} INFO - Processing file /home/airflow/.local/lib/python3.12/site-packages/airflow/example_dags/example_subdag_operator.py for tasks to queue
[2026-07-01T09:36:16.935+0000] {logging_mixin.py:190} INFO - [2026-07-01T09:36:16.934+0000] {dagbag.py:587} INFO - Filling up the DagBag from /home/airflow/.local/lib/python3.12/site-packages/airflow/example_dags/example_subdag_operator.py
[2026-07-01T09:36:16.968+0000] {processor.py:925} INFO - DAG(s) 'example_subdag_operator.section-1', 'example_subdag_operator.section-2', 'example_subdag_operator' retrieved from /home/airflow/.local/lib/python3.12/site-packages/airflow/example_dags/example_subdag_operator.py
[2026-07-01T09:36:16.983+0000] {logging_mixin.py:190} INFO - [2026-07-01T09:36:16.982+0000] {dag.py:3211} INFO - Sync 3 DAGs
[2026-07-01T09:36:17.006+0000] {logging_mixin.py:190} INFO - [2026-07-01T09:36:17.006+0000] {dag.py:4138} INFO - Setting next_dagrun for example_subdag_operator to 2022-01-01 00:00:00+00:00, run_after=2022-01-01 00:00:00+00:00
[2026-07-01T09:36:17.009+0000] {logging_mixin.py:190} INFO - [2026-07-01T09:36:17.009+0000] {dag.py:4138} INFO - Setting next_dagrun for example_subdag_operator.section-1 to None, run_after=None
[2026-07-01T09:36:17.010+0000] {logging_mixin.py:190} INFO - [2026-07-01T09:36:17.010+0000] {dag.py:4138} INFO - Setting next_dagrun for example_subdag_operator.section-2 to None, run_after=None
[2026-07-01T09:36:17.016+0000] {logging_mixin.py:190} INFO - [2026-07-01T09:36:17.016+0000] {dag.py:3211} INFO - Sync 2 DAGs
[2026-07-01T09:36:17.020+0000] {logging_mixin.py:190} INFO - [2026-07-01T09:36:17.020+0000] {dag.py:4138} INFO - Setting next_dagrun for example_subdag_operator.section-1 to None, run_after=None
[2026-07-01T09:36:17.021+0000] {logging_mixin.py:190} INFO - [2026-07-01T09:36:17.021+0000] {dag.py:4138} INFO - Setting next_dagrun for example_subdag_operator.section-2 to None, run_after=None
[2026-07-01T09:36:17.031+0000] {processor.py:208} INFO - Processing /home/airflow/.local/lib/python3.12/site-packages/airflow/example_dags/example_subdag_operator.py took 0.113 seconds
[2026-07-01T09:36:47.788+0000] {processor.py:186} INFO - Started process (PID=2895) to work on /home/airflow/.local/lib/python3.12/site-packages/airflow/example_dags/example_subdag_operator.py
[2026-07-01T09:36:47.789+0000] {processor.py:914} INFO - Processing file /home/airflow/.local/lib/python3.12/site-packages/airflow/example_dags/example_subdag_operator.py for tasks to queue
[2026-07-01T09:36:47.791+0000] {logging_mixin.py:190} INFO - [2026-07-01T09:36:47.791+0000] {dagbag.py:587} INFO - Filling up the DagBag from /home/airflow/.local/lib/python3.12/site-packages/airflow/example_dags/example_subdag_operator.py
[2026-07-01T09:36:47.812+0000] {processor.py:925} INFO - DAG(s) 'example_subdag_operator.section-1', 'example_subdag_operator.section-2', 'example_subdag_operator' retrieved from /home/airflow/.local/lib/python3.12/site-packages/airflow/example_dags/example_subdag_operator.py
[2026-07-01T09:36:47.824+0000] {logging_mixin.py:190} INFO - [2026-07-01T09:36:47.824+0000] {dag.py:3211} INFO - Sync 3 DAGs
[2026-07-01T09:36:47.840+0000] {logging_mixin.py:190} INFO - [2026-07-01T09:36:47.840+0000] {dag.py:4138} INFO - Setting next_dagrun for example_subdag_operator to 2022-01-01 00:00:00+00:00, run_after=2022-01-01 00:00:00+00:00
[2026-07-01T09:36:47.843+0000] {logging_mixin.py:190} INFO - [2026-07-01T09:36:47.843+0000] {dag.py:4138} INFO - Setting next_dagrun for example_subdag_operator.section-1 to None, run_after=None
[2026-07-01T09:36:47.847+0000] {logging_mixin.py:190} INFO - [2026-07-01T09:36:47.847+0000] {dag.py:4138} INFO - Setting next_dagrun for example_subdag_operator.section-2 to None, run_after=None
[2026-07-01T09:36:47.852+0000] {logging_mixin.py:190} INFO - [2026-07-01T09:36:47.852+0000] {dag.py:3211} INFO - Sync 2 DAGs
[2026-07-01T09:36:47.856+0000] {logging_mixin.py:190} INFO - [2026-07-01T09:36:47.856+0000] {dag.py:4138} INFO - Setting next_dagrun for example_subdag_operator.section-1 to None, run_after=None
[2026-07-01T09:36:47.857+0000] {logging_mixin.py:190} INFO - [2026-07-01T09:36:47.857+0000] {dag.py:4138} INFO - Setting next_dagrun for example_subdag_operator.section-2 to None, run_after=None
[2026-07-01T09:36:47.865+0000] {processor.py:208} INFO - Processing /home/airflow/.local/lib/python3.12/site-packages/airflow/example_dags/example_subdag_operator.py took 0.081 seconds
[2026-07-01T09:37:19.920+0000] {processor.py:186} INFO - Started process (PID=2963) to work on /home/airflow/.local/lib/python3.12/site-packages/airflow/example_dags/example_subdag_operator.py
[2026-07-01T09:37:19.921+0000] {processor.py:914} INFO - Processing file /home/airflow/.local/lib/python3.12/site-packages/airflow/example_dags/example_subdag_operator.py for tasks to queue
[2026-07-01T09:37:19.923+0000] {logging_mixin.py:190} INFO - [2026-07-01T09:37:19.923+0000] {dagbag.py:587} INFO - Filling up the DagBag from /home/airflow/.local/lib/python3.12/site-packages/airflow/example_dags/example_subdag_operator.py
[2026-07-01T09:37:19.942+0000] {processor.py:925} INFO - DAG(s) 'example_subdag_operator.section-1', 'example_subdag_operator.section-2', 'example_subdag_operator' retrieved from /home/airflow/.local/lib/python3.12/site-packages/airflow/example_dags/example_subdag_operator.py
[2026-07-01T09:37:19.952+0000] {logging_mixin.py:190} INFO - [2026-07-01T09:37:19.952+0000] {dag.py:3211} INFO - Sync 3 DAGs
[2026-07-01T09:37:19.967+0000] {logging_mixin.py:190} INFO - [2026-07-01T09:37:19.967+0000] {dag.py:4138} INFO - Setting next_dagrun for example_subdag_operator to 2022-01-01 00:00:00+00:00, run_after=2022-01-01 00:00:00+00:00
[2026-07-01T09:37:19.970+0000] {logging_mixin.py:190} INFO - [2026-07-01T09:37:19.970+0000] {dag.py:4138} INFO - Setting next_dagrun for example_subdag_operator.section-1 to None, run_after=None
[2026-07-01T09:37:19.971+0000] {logging_mixin.py:190} INFO - [2026-07-01T09:37:19.971+0000] {dag.py:4138} INFO - Setting next_dagrun for example_subdag_operator.section-2 to None, run_after=None
[2026-07-01T09:37:19.975+0000] {logging_mixin.py:190} INFO - [2026-07-01T09:37:19.975+0000] {dag.py:3211} INFO - Sync 2 DAGs
[2026-07-01T09:37:19.978+0000] {logging_mixin.py:190} INFO - [2026-07-01T09:37:19.978+0000] {dag.py:4138} INFO - Setting next_dagrun for example_subdag_operator.section-1 to None, run_after=None
[2026-07-01T09:37:19.979+0000] {logging_mixin.py:190} INFO - [2026-07-01T09:37:19.979+0000] {dag.py:4138} INFO - Setting next_dagrun for example_subdag_operator.section-2 to None, run_after=None
[2026-07-01T09:37:19.986+0000] {processor.py:208} INFO - Processing /home/airflow/.local/lib/python3.12/site-packages/airflow/example_dags/example_subdag_operator.py took 0.071 seconds
[2026-07-01T09:37:50.860+0000] {processor.py:186} INFO - Started process (PID=3025) to work on /home/airflow/.local/lib/python3.12/site-packages/airflow/example_dags/example_subdag_operator.py
[2026-07-01T09:37:50.861+0000] {processor.py:914} INFO - Processing file /home/airflow/.local/lib/python3.12/site-packages/airflow/example_dags/example_subdag_operator.py for tasks to queue
[2026-07-01T09:37:50.864+0000] {logging_mixin.py:190} INFO - [2026-07-01T09:37:50.864+0000] {dagbag.py:587} INFO - Filling up the DagBag from /home/airflow/.local/lib/python3.12/site-packages/airflow/example_dags/example_subdag_operator.py
[2026-07-01T09:37:50.887+0000] {processor.py:925} INFO - DAG(s) 'example_subdag_operator.section-1', 'example_subdag_operator.section-2', 'example_subdag_operator' retrieved from /home/airflow/.local/lib/python3.12/site-packages/airflow/example_dags/example_subdag_operator.py
[2026-07-01T09:37:50.899+0000] {logging_mixin.py:190} INFO - [2026-07-01T09:37:50.899+0000] {dag.py:3211} INFO - Sync 3 DAGs
[2026-07-01T09:37:50.917+0000] {logging_mixin.py:190} INFO - [2026-07-01T09:37:50.917+0000] {dag.py:4138} INFO - Setting next_dagrun for example_subdag_operator to 2022-01-01 00:00:00+00:00, run_after=2022-01-01 00:00:00+00:00
[2026-07-01T09:37:50.920+0000] {logging_mixin.py:190} INFO - [2026-07-01T09:37:50.920+0000] {dag.py:4138} INFO - Setting next_dagrun for example_subdag_operator.section-1 to None, run_after=None
[2026-07-01T09:37:50.922+0000] {logging_mixin.py:190} INFO - [2026-07-01T09:37:50.921+0000] {dag.py:4138} INFO - Setting next_dagrun for example_subdag_operator.section-2 to None, run_after=None
[2026-07-01T09:37:50.927+0000] {logging_mixin.py:190} INFO - [2026-07-01T09:37:50.927+0000] {dag.py:3211} INFO - Sync 2 DAGs
[2026-07-01T09:37:50.931+0000] {logging_mixin.py:190} INFO - [2026-07-01T09:37:50.930+0000] {dag.py:4138} INFO - Setting next_dagrun for example_subdag_operator.section-1 to None, run_after=None
[2026-07-01T09:37:50.931+0000] {logging_mixin.py:190} INFO - [2026-07-01T09:37:50.931+0000] {dag.py:4138} INFO - Setting next_dagrun for example_subdag_operator.section-2 to None, run_after=None
[2026-07-01T09:37:50.940+0000] {processor.py:208} INFO - Processing /home/airflow/.local/lib/python3.12/site-packages/airflow/example_dags/example_subdag_operator.py took 0.084 seconds
[2026-07-01T09:38:22.899+0000] {processor.py:186} INFO - Started process (PID=3087) to work on /home/airflow/.local/lib/python3.12/site-packages/airflow/example_dags/example_subdag_operator.py
[2026-07-01T09:38:22.900+0000] {processor.py:914} INFO - Processing file /home/airflow/.local/lib/python3.12/site-packages/airflow/example_dags/example_subdag_operator.py for tasks to queue
[2026-07-01T09:38:22.902+0000] {logging_mixin.py:190} INFO - [2026-07-01T09:38:22.901+0000] {dagbag.py:587} INFO - Filling up the DagBag from /home/airflow/.local/lib/python3.12/site-packages/airflow/example_dags/example_subdag_operator.py
[2026-07-01T09:38:22.919+0000] {processor.py:925} INFO - DAG(s) 'example_subdag_operator.section-1', 'example_subdag_operator.section-2', 'example_subdag_operator' retrieved from /home/airflow/.local/lib/python3.12/site-packages/airflow/example_dags/example_subdag_operator.py
[2026-07-01T09:38:23.066+0000] {logging_mixin.py:190} INFO - [2026-07-01T09:38:23.066+0000] {dag.py:3211} INFO - Sync 3 DAGs
[2026-07-01T09:38:23.080+0000] {logging_mixin.py:190} INFO - [2026-07-01T09:38:23.080+0000] {dag.py:4138} INFO - Setting next_dagrun for example_subdag_operator to 2022-01-01 00:00:00+00:00, run_after=2022-01-01 00:00:00+00:00
[2026-07-01T09:38:23.082+0000] {logging_mixin.py:190} INFO - [2026-07-01T09:38:23.082+0000] {dag.py:4138} INFO - Setting next_dagrun for example_subdag_operator.section-1 to None, run_after=None
[2026-07-01T09:38:23.083+0000] {logging_mixin.py:190} INFO - [2026-07-01T09:38:23.083+0000] {dag.py:4138} INFO - Setting next_dagrun for example_subdag_operator.section-2 to None, run_after=None
[2026-07-01T09:38:23.088+0000] {logging_mixin.py:190} INFO - [2026-07-01T09:38:23.088+0000] {dag.py:3211} INFO - Sync 2 DAGs
[2026-07-01T09:38:23.092+0000] {logging_mixin.py:190} INFO - [2026-07-01T09:38:23.092+0000] {dag.py:4138} INFO - Setting next_dagrun for example_subdag_operator.section-1 to None, run_after=None
[2026-07-01T09:38:23.093+0000] {logging_mixin.py:190} INFO - [2026-07-01T09:38:23.092+0000] {dag.py:4138} INFO - Setting next_dagrun for example_subdag_operator.section-2 to None, run_after=None
[2026-07-01T09:38:23.100+0000] {processor.py:208} INFO - Processing /home/airflow/.local/lib/python3.12/site-packages/airflow/example_dags/example_subdag_operator.py took 0.206 seconds
[2026-07-01T09:38:53.457+0000] {processor.py:186} INFO - Started process (PID=3149) to work on /home/airflow/.local/lib/python3.12/site-packages/airflow/example_dags/example_subdag_operator.py
[2026-07-01T09:38:53.458+0000] {processor.py:914} INFO - Processing file /home/airflow/.local/lib/python3.12/site-packages/airflow/example_dags/example_subdag_operator.py for tasks to queue
[2026-07-01T09:38:53.460+0000] {logging_mixin.py:190} INFO - [2026-07-01T09:38:53.460+0000] {dagbag.py:587} INFO - Filling up the DagBag from /home/airflow/.local/lib/python3.12/site-packages/airflow/example_dags/example_subdag_operator.py
[2026-07-01T09:38:53.479+0000] {processor.py:925} INFO - DAG(s) 'example_subdag_operator.section-1', 'example_subdag_operator.section-2', 'example_subdag_operator' retrieved from /home/airflow/.local/lib/python3.12/site-packages/airflow/example_dags/example_subdag_operator.py
[2026-07-01T09:38:53.489+0000] {logging_mixin.py:190} INFO - [2026-07-01T09:38:53.489+0000] {dag.py:3211} INFO - Sync 3 DAGs
[2026-07-01T09:38:53.638+0000] {logging_mixin.py:190} INFO - [2026-07-01T09:38:53.638+0000] {dag.py:4138} INFO - Setting next_dagrun for example_subdag_operator to 2022-01-01 00:00:00+00:00, run_after=2022-01-01 00:00:00+00:00
[2026-07-01T09:38:53.642+0000] {logging_mixin.py:190} INFO - [2026-07-01T09:38:53.642+0000] {dag.py:4138} INFO - Setting next_dagrun for example_subdag_operator.section-1 to None, run_after=None
[2026-07-01T09:38:53.643+0000] {logging_mixin.py:190} INFO - [2026-07-01T09:38:53.643+0000] {dag.py:4138} INFO - Setting next_dagrun for example_subdag_operator.section-2 to None, run_after=None
[2026-07-01T09:38:53.648+0000] {logging_mixin.py:190} INFO - [2026-07-01T09:38:53.648+0000] {dag.py:3211} INFO - Sync 2 DAGs
[2026-07-01T09:38:53.652+0000] {logging_mixin.py:190} INFO - [2026-07-01T09:38:53.652+0000] {dag.py:4138} INFO - Setting next_dagrun for example_subdag_operator.section-1 to None, run_after=None
[2026-07-01T09:38:53.653+0000] {logging_mixin.py:190} INFO - [2026-07-01T09:38:53.652+0000] {dag.py:4138} INFO - Setting next_dagrun for example_subdag_operator.section-2 to None, run_after=None
[2026-07-01T09:38:53.660+0000] {processor.py:208} INFO - Processing /home/airflow/.local/lib/python3.12/site-packages/airflow/example_dags/example_subdag_operator.py took 0.208 seconds
[2026-07-01T09:39:23.983+0000] {processor.py:186} INFO - Started process (PID=3211) to work on /home/airflow/.local/lib/python3.12/site-packages/airflow/example_dags/example_subdag_operator.py
[2026-07-01T09:39:23.984+0000] {processor.py:914} INFO - Processing file /home/airflow/.local/lib/python3.12/site-packages/airflow/example_dags/example_subdag_operator.py for tasks to queue
[2026-07-01T09:39:23.987+0000] {logging_mixin.py:190} INFO - [2026-07-01T09:39:23.986+0000] {dagbag.py:587} INFO - Filling up the DagBag from /home/airflow/.local/lib/python3.12/site-packages/airflow/example_dags/example_subdag_operator.py
[2026-07-01T09:39:24.011+0000] {processor.py:925} INFO - DAG(s) 'example_subdag_operator.section-1', 'example_subdag_operator.section-2', 'example_subdag_operator' retrieved from /home/airflow/.local/lib/python3.12/site-packages/airflow/example_dags/example_subdag_operator.py
[2026-07-01T09:39:24.023+0000] {logging_mixin.py:190} INFO - [2026-07-01T09:39:24.022+0000] {dag.py:3211} INFO - Sync 3 DAGs
[2026-07-01T09:39:24.175+0000] {logging_mixin.py:190} INFO - [2026-07-01T09:39:24.175+0000] {dag.py:4138} INFO - Setting next_dagrun for example_subdag_operator to 2022-01-01 00:00:00+00:00, run_after=2022-01-01 00:00:00+00:00
[2026-07-01T09:39:24.178+0000] {logging_mixin.py:190} INFO - [2026-07-01T09:39:24.177+0000] {dag.py:4138} INFO - Setting next_dagrun for example_subdag_operator.section-1 to None, run_after=None
[2026-07-01T09:39:24.179+0000] {logging_mixin.py:190} INFO - [2026-07-01T09:39:24.179+0000] {dag.py:4138} INFO - Setting next_dagrun for example_subdag_operator.section-2 to None, run_after=None
[2026-07-01T09:39:24.183+0000] {logging_mixin.py:190} INFO - [2026-07-01T09:39:24.183+0000] {dag.py:3211} INFO - Sync 2 DAGs
[2026-07-01T09:39:24.187+0000] {logging_mixin.py:190} INFO - [2026-07-01T09:39:24.187+0000] {dag.py:4138} INFO - Setting next_dagrun for example_subdag_operator.section-1 to None, run_after=None
[2026-07-01T09:39:24.188+0000] {logging_mixin.py:190} INFO - [2026-07-01T09:39:24.188+0000] {dag.py:4138} INFO - Setting next_dagrun for example_subdag_operator.section-2 to None, run_after=None
[2026-07-01T09:39:24.197+0000] {processor.py:208} INFO - Processing /home/airflow/.local/lib/python3.12/site-packages/airflow/example_dags/example_subdag_operator.py took 0.220 seconds
[2026-07-01T09:39:55.033+0000] {processor.py:186} INFO - Started process (PID=3273) to work on /home/airflow/.local/lib/python3.12/site-packages/airflow/example_dags/example_subdag_operator.py
[2026-07-01T09:39:55.034+0000] {processor.py:914} INFO - Processing file /home/airflow/.local/lib/python3.12/site-packages/airflow/example_dags/example_subdag_operator.py for tasks to queue
[2026-07-01T09:39:55.037+0000] {logging_mixin.py:190} INFO - [2026-07-01T09:39:55.036+0000] {dagbag.py:587} INFO - Filling up the DagBag from /home/airflow/.local/lib/python3.12/site-packages/airflow/example_dags/example_subdag_operator.py
[2026-07-01T09:39:55.057+0000] {processor.py:925} INFO - DAG(s) 'example_subdag_operator.section-1', 'example_subdag_operator.section-2', 'example_subdag_operator' retrieved from /home/airflow/.local/lib/python3.12/site-packages/airflow/example_dags/example_subdag_operator.py
[2026-07-01T09:39:55.067+0000] {logging_mixin.py:190} INFO - [2026-07-01T09:39:55.067+0000] {dag.py:3211} INFO - Sync 3 DAGs
[2026-07-01T09:39:55.208+0000] {logging_mixin.py:190} INFO - [2026-07-01T09:39:55.208+0000] {dag.py:4138} INFO - Setting next_dagrun for example_subdag_operator to 2022-01-01 00:00:00+00:00, run_after=2022-01-01 00:00:00+00:00
[2026-07-01T09:39:55.211+0000] {logging_mixin.py:190} INFO - [2026-07-01T09:39:55.211+0000] {dag.py:4138} INFO - Setting next_dagrun for example_subdag_operator.section-1 to None, run_after=None
[2026-07-01T09:39:55.212+0000] {logging_mixin.py:190} INFO - [2026-07-01T09:39:55.212+0000] {dag.py:4138} INFO - Setting next_dagrun for example_subdag_operator.section-2 to None, run_after=None
[2026-07-01T09:39:55.216+0000] {logging_mixin.py:190} INFO - [2026-07-01T09:39:55.216+0000] {dag.py:3211} INFO - Sync 2 DAGs
[2026-07-01T09:39:55.220+0000] {logging_mixin.py:190} INFO - [2026-07-01T09:39:55.220+0000] {dag.py:4138} INFO - Setting next_dagrun for example_subdag_operator.section-1 to None, run_after=None
[2026-07-01T09:39:55.220+0000] {logging_mixin.py:190} INFO - [2026-07-01T09:39:55.220+0000] {dag.py:4138} INFO - Setting next_dagrun for example_subdag_operator.section-2 to None, run_after=None
[2026-07-01T09:39:55.227+0000] {processor.py:208} INFO - Processing /home/airflow/.local/lib/python3.12/site-packages/airflow/example_dags/example_subdag_operator.py took 0.199 seconds
[2026-07-01T09:40:25.762+0000] {processor.py:186} INFO - Started process (PID=3335) to work on /home/airflow/.local/lib/python3.12/site-packages/airflow/example_dags/example_subdag_operator.py
[2026-07-01T09:40:25.764+0000] {processor.py:914} INFO - Processing file /home/airflow/.local/lib/python3.12/site-packages/airflow/example_dags/example_subdag_operator.py for tasks to queue
[2026-07-01T09:40:25.766+0000] {logging_mixin.py:190} INFO - [2026-07-01T09:40:25.766+0000] {dagbag.py:587} INFO - Filling up the DagBag from /home/airflow/.local/lib/python3.12/site-packages/airflow/example_dags/example_subdag_operator.py
[2026-07-01T09:40:25.784+0000] {processor.py:925} INFO - DAG(s) 'example_subdag_operator.section-1', 'example_subdag_operator.section-2', 'example_subdag_operator' retrieved from /home/airflow/.local/lib/python3.12/site-packages/airflow/example_dags/example_subdag_operator.py
[2026-07-01T09:40:25.794+0000] {logging_mixin.py:190} INFO - [2026-07-01T09:40:25.794+0000] {dag.py:3211} INFO - Sync 3 DAGs
[2026-07-01T09:40:25.809+0000] {logging_mixin.py:190} INFO - [2026-07-01T09:40:25.809+0000] {dag.py:4138} INFO - Setting next_dagrun for example_subdag_operator to 2022-01-01 00:00:00+00:00, run_after=2022-01-01 00:00:00+00:00
[2026-07-01T09:40:25.812+0000] {logging_mixin.py:190} INFO - [2026-07-01T09:40:25.812+0000] {dag.py:4138} INFO - Setting next_dagrun for example_subdag_operator.section-1 to None, run_after=None
[2026-07-01T09:40:25.813+0000] {logging_mixin.py:190} INFO - [2026-07-01T09:40:25.813+0000] {dag.py:4138} INFO - Setting next_dagrun for example_subdag_operator.section-2 to None, run_after=None
[2026-07-01T09:40:25.817+0000] {logging_mixin.py:190} INFO - [2026-07-01T09:40:25.817+0000] {dag.py:3211} INFO - Sync 2 DAGs
[2026-07-01T09:40:25.821+0000] {logging_mixin.py:190} INFO - [2026-07-01T09:40:25.820+0000] {dag.py:4138} INFO - Setting next_dagrun for example_subdag_operator.section-1 to None, run_after=None
[2026-07-01T09:40:25.821+0000] {logging_mixin.py:190} INFO - [2026-07-01T09:40:25.821+0000] {dag.py:4138} INFO - Setting next_dagrun for example_subdag_operator.section-2 to None, run_after=None
[2026-07-01T09:40:25.828+0000] {processor.py:208} INFO - Processing /home/airflow/.local/lib/python3.12/site-packages/airflow/example_dags/example_subdag_operator.py took 0.071 seconds
[2026-07-01T09:40:56.203+0000] {processor.py:186} INFO - Started process (PID=3397) to work on /home/airflow/.local/lib/python3.12/site-packages/airflow/example_dags/example_subdag_operator.py
[2026-07-01T09:40:56.204+0000] {processor.py:914} INFO - Processing file /home/airflow/.local/lib/python3.12/site-packages/airflow/example_dags/example_subdag_operator.py for tasks to queue
[2026-07-01T09:40:56.207+0000] {logging_mixin.py:190} INFO - [2026-07-01T09:40:56.207+0000] {dagbag.py:587} INFO - Filling up the DagBag from /home/airflow/.local/lib/python3.12/site-packages/airflow/example_dags/example_subdag_operator.py
[2026-07-01T09:40:56.231+0000] {processor.py:925} INFO - DAG(s) 'example_subdag_operator.section-1', 'example_subdag_operator.section-2', 'example_subdag_operator' retrieved from /home/airflow/.local/lib/python3.12/site-packages/airflow/example_dags/example_subdag_operator.py
[2026-07-01T09:40:56.242+0000] {logging_mixin.py:190} INFO - [2026-07-01T09:40:56.242+0000] {dag.py:3211} INFO - Sync 3 DAGs
[2026-07-01T09:40:56.259+0000] {logging_mixin.py:190} INFO - [2026-07-01T09:40:56.259+0000] {dag.py:4138} INFO - Setting next_dagrun for example_subdag_operator to 2022-01-01 00:00:00+00:00, run_after=2022-01-01 00:00:00+00:00
[2026-07-01T09:40:56.262+0000] {logging_mixin.py:190} INFO - [2026-07-01T09:40:56.262+0000] {dag.py:4138} INFO - Setting next_dagrun for example_subdag_operator.section-1 to None, run_after=None
[2026-07-01T09:40:56.264+0000] {logging_mixin.py:190} INFO - [2026-07-01T09:40:56.263+0000] {dag.py:4138} INFO - Setting next_dagrun for example_subdag_operator.section-2 to None, run_after=None
[2026-07-01T09:40:56.268+0000] {logging_mixin.py:190} INFO - [2026-07-01T09:40:56.268+0000] {dag.py:3211} INFO - Sync 2 DAGs
[2026-07-01T09:40:56.272+0000] {logging_mixin.py:190} INFO - [2026-07-01T09:40:56.272+0000] {dag.py:4138} INFO - Setting next_dagrun for example_subdag_operator.section-1 to None, run_after=None
[2026-07-01T09:40:56.273+0000] {logging_mixin.py:190} INFO - [2026-07-01T09:40:56.273+0000] {dag.py:4138} INFO - Setting next_dagrun for example_subdag_operator.section-2 to None, run_after=None
[2026-07-01T09:40:56.281+0000] {processor.py:208} INFO - Processing /home/airflow/.local/lib/python3.12/site-packages/airflow/example_dags/example_subdag_operator.py took 0.083 seconds
[2026-07-01T09:41:26.517+0000] {processor.py:186} INFO - Started process (PID=3459) to work on /home/airflow/.local/lib/python3.12/site-packages/airflow/example_dags/example_subdag_operator.py
[2026-07-01T09:41:26.519+0000] {processor.py:914} INFO - Processing file /home/airflow/.local/lib/python3.12/site-packages/airflow/example_dags/example_subdag_operator.py for tasks to queue
[2026-07-01T09:41:26.522+0000] {logging_mixin.py:190} INFO - [2026-07-01T09:41:26.522+0000] {dagbag.py:587} INFO - Filling up the DagBag from /home/airflow/.local/lib/python3.12/site-packages/airflow/example_dags/example_subdag_operator.py
[2026-07-01T09:41:26.548+0000] {processor.py:925} INFO - DAG(s) 'example_subdag_operator.section-1', 'example_subdag_operator.section-2', 'example_subdag_operator' retrieved from /home/airflow/.local/lib/python3.12/site-packages/airflow/example_dags/example_subdag_operator.py
[2026-07-01T09:41:26.560+0000] {logging_mixin.py:190} INFO - [2026-07-01T09:41:26.560+0000] {dag.py:3211} INFO - Sync 3 DAGs
[2026-07-01T09:41:26.579+0000] {logging_mixin.py:190} INFO - [2026-07-01T09:41:26.579+0000] {dag.py:4138} INFO - Setting next_dagrun for example_subdag_operator to 2022-01-01 00:00:00+00:00, run_after=2022-01-01 00:00:00+00:00
[2026-07-01T09:41:26.582+0000] {logging_mixin.py:190} INFO - [2026-07-01T09:41:26.582+0000] {dag.py:4138} INFO - Setting next_dagrun for example_subdag_operator.section-1 to None, run_after=None
[2026-07-01T09:41:26.584+0000] {logging_mixin.py:190} INFO - [2026-07-01T09:41:26.584+0000] {dag.py:4138} INFO - Setting next_dagrun for example_subdag_operator.section-2 to None, run_after=None
[2026-07-01T09:41:26.592+0000] {logging_mixin.py:190} INFO - [2026-07-01T09:41:26.591+0000] {dag.py:3211} INFO - Sync 2 DAGs
[2026-07-01T09:41:26.596+0000] {logging_mixin.py:190} INFO - [2026-07-01T09:41:26.596+0000] {dag.py:4138} INFO - Setting next_dagrun for example_subdag_operator.section-1 to None, run_after=None
[2026-07-01T09:41:26.597+0000] {logging_mixin.py:190} INFO - [2026-07-01T09:41:26.597+0000] {dag.py:4138} INFO - Setting next_dagrun for example_subdag_operator.section-2 to None, run_after=None
[2026-07-01T09:41:26.607+0000] {processor.py:208} INFO - Processing /home/airflow/.local/lib/python3.12/site-packages/airflow/example_dags/example_subdag_operator.py took 0.096 seconds
[2026-07-01T09:41:57.528+0000] {processor.py:186} INFO - Started process (PID=3521) to work on /home/airflow/.local/lib/python3.12/site-packages/airflow/example_dags/example_subdag_operator.py
[2026-07-01T09:41:57.530+0000] {processor.py:914} INFO - Processing file /home/airflow/.local/lib/python3.12/site-packages/airflow/example_dags/example_subdag_operator.py for tasks to queue
[2026-07-01T09:41:57.532+0000] {logging_mixin.py:190} INFO - [2026-07-01T09:41:57.531+0000] {dagbag.py:587} INFO - Filling up the DagBag from /home/airflow/.local/lib/python3.12/site-packages/airflow/example_dags/example_subdag_operator.py
[2026-07-01T09:41:57.549+0000] {processor.py:925} INFO - DAG(s) 'example_subdag_operator.section-1', 'example_subdag_operator.section-2', 'example_subdag_operator' retrieved from /home/airflow/.local/lib/python3.12/site-packages/airflow/example_dags/example_subdag_operator.py
[2026-07-01T09:41:57.558+0000] {logging_mixin.py:190} INFO - [2026-07-01T09:41:57.558+0000] {dag.py:3211} INFO - Sync 3 DAGs
[2026-07-01T09:41:57.573+0000] {logging_mixin.py:190} INFO - [2026-07-01T09:41:57.572+0000] {dag.py:4138} INFO - Setting next_dagrun for example_subdag_operator to 2022-01-01 00:00:00+00:00, run_after=2022-01-01 00:00:00+00:00
[2026-07-01T09:41:57.576+0000] {logging_mixin.py:190} INFO - [2026-07-01T09:41:57.575+0000] {dag.py:4138} INFO - Setting next_dagrun for example_subdag_operator.section-1 to None, run_after=None
[2026-07-01T09:41:57.577+0000] {logging_mixin.py:190} INFO - [2026-07-01T09:41:57.576+0000] {dag.py:4138} INFO - Setting next_dagrun for example_subdag_operator.section-2 to None, run_after=None
[2026-07-01T09:41:57.583+0000] {logging_mixin.py:190} INFO - [2026-07-01T09:41:57.583+0000] {dag.py:3211} INFO - Sync 2 DAGs
[2026-07-01T09:41:57.587+0000] {logging_mixin.py:190} INFO - [2026-07-01T09:41:57.587+0000] {dag.py:4138} INFO - Setting next_dagrun for example_subdag_operator.section-1 to None, run_after=None
[2026-07-01T09:41:57.588+0000] {logging_mixin.py:190} INFO - [2026-07-01T09:41:57.588+0000] {dag.py:4138} INFO - Setting next_dagrun for example_subdag_operator.section-2 to None, run_after=None
[2026-07-01T09:41:57.602+0000] {processor.py:208} INFO - Processing /home/airflow/.local/lib/python3.12/site-packages/airflow/example_dags/example_subdag_operator.py took 0.077 seconds
[2026-07-01T09:42:27.942+0000] {processor.py:186} INFO - Started process (PID=3583) to work on /home/airflow/.local/lib/python3.12/site-packages/airflow/example_dags/example_subdag_operator.py
[2026-07-01T09:42:27.942+0000] {processor.py:914} INFO - Processing file /home/airflow/.local/lib/python3.12/site-packages/airflow/example_dags/example_subdag_operator.py for tasks to queue
[2026-07-01T09:42:27.945+0000] {logging_mixin.py:190} INFO - [2026-07-01T09:42:27.944+0000] {dagbag.py:587} INFO - Filling up the DagBag from /home/airflow/.local/lib/python3.12/site-packages/airflow/example_dags/example_subdag_operator.py
[2026-07-01T09:42:27.963+0000] {processor.py:925} INFO - DAG(s) 'example_subdag_operator.section-1', 'example_subdag_operator.section-2', 'example_subdag_operator' retrieved from /home/airflow/.local/lib/python3.12/site-packages/airflow/example_dags/example_subdag_operator.py
[2026-07-01T09:42:27.973+0000] {logging_mixin.py:190} INFO - [2026-07-01T09:42:27.972+0000] {dag.py:3211} INFO - Sync 3 DAGs
[2026-07-01T09:42:27.987+0000] {logging_mixin.py:190} INFO - [2026-07-01T09:42:27.986+0000] {dag.py:4138} INFO - Setting next_dagrun for example_subdag_operator to 2022-01-01 00:00:00+00:00, run_after=2022-01-01 00:00:00+00:00
[2026-07-01T09:42:27.989+0000] {logging_mixin.py:190} INFO - [2026-07-01T09:42:27.989+0000] {dag.py:4138} INFO - Setting next_dagrun for example_subdag_operator.section-1 to None, run_after=None
[2026-07-01T09:42:27.990+0000] {logging_mixin.py:190} INFO - [2026-07-01T09:42:27.990+0000] {dag.py:4138} INFO - Setting next_dagrun for example_subdag_operator.section-2 to None, run_after=None
[2026-07-01T09:42:27.995+0000] {logging_mixin.py:190} INFO - [2026-07-01T09:42:27.995+0000] {dag.py:3211} INFO - Sync 2 DAGs
[2026-07-01T09:42:27.998+0000] {logging_mixin.py:190} INFO - [2026-07-01T09:42:27.998+0000] {dag.py:4138} INFO - Setting next_dagrun for example_subdag_operator.section-1 to None, run_after=None
[2026-07-01T09:42:27.999+0000] {logging_mixin.py:190} INFO - [2026-07-01T09:42:27.999+0000] {dag.py:4138} INFO - Setting next_dagrun for example_subdag_operator.section-2 to None, run_after=None
[2026-07-01T09:42:28.008+0000] {processor.py:208} INFO - Processing /home/airflow/.local/lib/python3.12/site-packages/airflow/example_dags/example_subdag_operator.py took 0.070 seconds
[2026-07-01T09:42:58.406+0000] {processor.py:186} INFO - Started process (PID=3645) to work on /home/airflow/.local/lib/python3.12/site-packages/airflow/example_dags/example_subdag_operator.py
[2026-07-01T09:42:58.407+0000] {processor.py:914} INFO - Processing file /home/airflow/.local/lib/python3.12/site-packages/airflow/example_dags/example_subdag_operator.py for tasks to queue
[2026-07-01T09:42:58.410+0000] {logging_mixin.py:190} INFO - [2026-07-01T09:42:58.409+0000] {dagbag.py:587} INFO - Filling up the DagBag from /home/airflow/.local/lib/python3.12/site-packages/airflow/example_dags/example_subdag_operator.py
[2026-07-01T09:42:58.432+0000] {processor.py:925} INFO - DAG(s) 'example_subdag_operator.section-1', 'example_subdag_operator.section-2', 'example_subdag_operator' retrieved from /home/airflow/.local/lib/python3.12/site-packages/airflow/example_dags/example_subdag_operator.py
[2026-07-01T09:42:58.442+0000] {logging_mixin.py:190} INFO - [2026-07-01T09:42:58.442+0000] {dag.py:3211} INFO - Sync 3 DAGs
[2026-07-01T09:42:58.459+0000] {logging_mixin.py:190} INFO - [2026-07-01T09:42:58.459+0000] {dag.py:4138} INFO - Setting next_dagrun for example_subdag_operator to 2022-01-01 00:00:00+00:00, run_after=2022-01-01 00:00:00+00:00
[2026-07-01T09:42:58.461+0000] {logging_mixin.py:190} INFO - [2026-07-01T09:42:58.461+0000] {dag.py:4138} INFO - Setting next_dagrun for example_subdag_operator.section-1 to None, run_after=None
[2026-07-01T09:42:58.464+0000] {logging_mixin.py:190} INFO - [2026-07-01T09:42:58.464+0000] {dag.py:4138} INFO - Setting next_dagrun for example_subdag_operator.section-2 to None, run_after=None
[2026-07-01T09:42:58.469+0000] {logging_mixin.py:190} INFO - [2026-07-01T09:42:58.469+0000] {dag.py:3211} INFO - Sync 2 DAGs
[2026-07-01T09:42:58.473+0000] {logging_mixin.py:190} INFO - [2026-07-01T09:42:58.473+0000] {dag.py:4138} INFO - Setting next_dagrun for example_subdag_operator.section-1 to None, run_after=None
[2026-07-01T09:42:58.473+0000] {logging_mixin.py:190} INFO - [2026-07-01T09:42:58.473+0000] {dag.py:4138} INFO - Setting next_dagrun for example_subdag_operator.section-2 to None, run_after=None
[2026-07-01T09:42:58.482+0000] {processor.py:208} INFO - Processing /home/airflow/.local/lib/python3.12/site-packages/airflow/example_dags/example_subdag_operator.py took 0.081 seconds
[2026-07-01T09:43:28.686+0000] {processor.py:186} INFO - Started process (PID=3707) to work on /home/airflow/.local/lib/python3.12/site-packages/airflow/example_dags/example_subdag_operator.py
[2026-07-01T09:43:28.687+0000] {processor.py:914} INFO - Processing file /home/airflow/.local/lib/python3.12/site-packages/airflow/example_dags/example_subdag_operator.py for tasks to queue
[2026-07-01T09:43:28.690+0000] {logging_mixin.py:190} INFO - [2026-07-01T09:43:28.690+0000] {dagbag.py:587} INFO - Filling up the DagBag from /home/airflow/.local/lib/python3.12/site-packages/airflow/example_dags/example_subdag_operator.py
[2026-07-01T09:43:28.709+0000] {processor.py:925} INFO - DAG(s) 'example_subdag_operator.section-1', 'example_subdag_operator.section-2', 'example_subdag_operator' retrieved from /home/airflow/.local/lib/python3.12/site-packages/airflow/example_dags/example_subdag_operator.py
[2026-07-01T09:43:28.721+0000] {logging_mixin.py:190} INFO - [2026-07-01T09:43:28.721+0000] {dag.py:3211} INFO - Sync 3 DAGs
[2026-07-01T09:43:28.737+0000] {logging_mixin.py:190} INFO - [2026-07-01T09:43:28.736+0000] {dag.py:4138} INFO - Setting next_dagrun for example_subdag_operator to 2022-01-01 00:00:00+00:00, run_after=2022-01-01 00:00:00+00:00
[2026-07-01T09:43:28.739+0000] {logging_mixin.py:190} INFO - [2026-07-01T09:43:28.739+0000] {dag.py:4138} INFO - Setting next_dagrun for example_subdag_operator.section-1 to None, run_after=None
[2026-07-01T09:43:28.741+0000] {logging_mixin.py:190} INFO - [2026-07-01T09:43:28.740+0000] {dag.py:4138} INFO - Setting next_dagrun for example_subdag_operator.section-2 to None, run_after=None
[2026-07-01T09:43:28.746+0000] {logging_mixin.py:190} INFO - [2026-07-01T09:43:28.745+0000] {dag.py:3211} INFO - Sync 2 DAGs
[2026-07-01T09:43:28.749+0000] {logging_mixin.py:190} INFO - [2026-07-01T09:43:28.749+0000] {dag.py:4138} INFO - Setting next_dagrun for example_subdag_operator.section-1 to None, run_after=None
[2026-07-01T09:43:28.749+0000] {logging_mixin.py:190} INFO - [2026-07-01T09:43:28.749+0000] {dag.py:4138} INFO - Setting next_dagrun for example_subdag_operator.section-2 to None, run_after=None
[2026-07-01T09:43:28.758+0000] {processor.py:208} INFO - Processing /home/airflow/.local/lib/python3.12/site-packages/airflow/example_dags/example_subdag_operator.py took 0.076 seconds
[2026-07-01T09:43:59.091+0000] {processor.py:186} INFO - Started process (PID=3769) to work on /home/airflow/.local/lib/python3.12/site-packages/airflow/example_dags/example_subdag_operator.py
[2026-07-01T09:43:59.091+0000] {processor.py:914} INFO - Processing file /home/airflow/.local/lib/python3.12/site-packages/airflow/example_dags/example_subdag_operator.py for tasks to queue
[2026-07-01T09:43:59.093+0000] {logging_mixin.py:190} INFO - [2026-07-01T09:43:59.093+0000] {dagbag.py:587} INFO - Filling up the DagBag from /home/airflow/.local/lib/python3.12/site-packages/airflow/example_dags/example_subdag_operator.py
[2026-07-01T09:43:59.112+0000] {processor.py:925} INFO - DAG(s) 'example_subdag_operator.section-1', 'example_subdag_operator.section-2', 'example_subdag_operator' retrieved from /home/airflow/.local/lib/python3.12/site-packages/airflow/example_dags/example_subdag_operator.py
[2026-07-01T09:43:59.122+0000] {logging_mixin.py:190} INFO - [2026-07-01T09:43:59.121+0000] {dag.py:3211} INFO - Sync 3 DAGs
[2026-07-01T09:43:59.137+0000] {logging_mixin.py:190} INFO - [2026-07-01T09:43:59.136+0000] {dag.py:4138} INFO - Setting next_dagrun for example_subdag_operator to 2022-01-01 00:00:00+00:00, run_after=2022-01-01 00:00:00+00:00
[2026-07-01T09:43:59.140+0000] {logging_mixin.py:190} INFO - [2026-07-01T09:43:59.140+0000] {dag.py:4138} INFO - Setting next_dagrun for example_subdag_operator.section-1 to None, run_after=None
[2026-07-01T09:43:59.141+0000] {logging_mixin.py:190} INFO - [2026-07-01T09:43:59.141+0000] {dag.py:4138} INFO - Setting next_dagrun for example_subdag_operator.section-2 to None, run_after=None
[2026-07-01T09:43:59.146+0000] {logging_mixin.py:190} INFO - [2026-07-01T09:43:59.146+0000] {dag.py:3211} INFO - Sync 2 DAGs
[2026-07-01T09:43:59.150+0000] {logging_mixin.py:190} INFO - [2026-07-01T09:43:59.150+0000] {dag.py:4138} INFO - Setting next_dagrun for example_subdag_operator.section-1 to None, run_after=None
[2026-07-01T09:43:59.151+0000] {logging_mixin.py:190} INFO - [2026-07-01T09:43:59.151+0000] {dag.py:4138} INFO - Setting next_dagrun for example_subdag_operator.section-2 to None, run_after=None
[2026-07-01T09:43:59.161+0000] {processor.py:208} INFO - Processing /home/airflow/.local/lib/python3.12/site-packages/airflow/example_dags/example_subdag_operator.py took 0.074 seconds
[2026-07-01T09:44:29.320+0000] {processor.py:186} INFO - Started process (PID=3831) to work on /home/airflow/.local/lib/python3.12/site-packages/airflow/example_dags/example_subdag_operator.py
[2026-07-01T09:44:29.321+0000] {processor.py:914} INFO - Processing file /home/airflow/.local/lib/python3.12/site-packages/airflow/example_dags/example_subdag_operator.py for tasks to queue
[2026-07-01T09:44:29.325+0000] {logging_mixin.py:190} INFO - [2026-07-01T09:44:29.324+0000] {dagbag.py:587} INFO - Filling up the DagBag from /home/airflow/.local/lib/python3.12/site-packages/airflow/example_dags/example_subdag_operator.py
[2026-07-01T09:44:29.348+0000] {processor.py:925} INFO - DAG(s) 'example_subdag_operator.section-1', 'example_subdag_operator.section-2', 'example_subdag_operator' retrieved from /home/airflow/.local/lib/python3.12/site-packages/airflow/example_dags/example_subdag_operator.py
[2026-07-01T09:44:29.362+0000] {logging_mixin.py:190} INFO - [2026-07-01T09:44:29.362+0000] {dag.py:3211} INFO - Sync 3 DAGs
[2026-07-01T09:44:29.382+0000] {logging_mixin.py:190} INFO - [2026-07-01T09:44:29.382+0000] {dag.py:4138} INFO - Setting next_dagrun for example_subdag_operator to 2022-01-01 00:00:00+00:00, run_after=2022-01-01 00:00:00+00:00
[2026-07-01T09:44:29.385+0000] {logging_mixin.py:190} INFO - [2026-07-01T09:44:29.385+0000] {dag.py:4138} INFO - Setting next_dagrun for example_subdag_operator.section-1 to None, run_after=None
[2026-07-01T09:44:29.387+0000] {logging_mixin.py:190} INFO - [2026-07-01T09:44:29.387+0000] {dag.py:4138} INFO - Setting next_dagrun for example_subdag_operator.section-2 to None, run_after=None
[2026-07-01T09:44:29.394+0000] {logging_mixin.py:190} INFO - [2026-07-01T09:44:29.394+0000] {dag.py:3211} INFO - Sync 2 DAGs
[2026-07-01T09:44:29.399+0000] {logging_mixin.py:190} INFO - [2026-07-01T09:44:29.398+0000] {dag.py:4138} INFO - Setting next_dagrun for example_subdag_operator.section-1 to None, run_after=None
[2026-07-01T09:44:29.400+0000] {logging_mixin.py:190} INFO - [2026-07-01T09:44:29.399+0000] {dag.py:4138} INFO - Setting next_dagrun for example_subdag_operator.section-2 to None, run_after=None
[2026-07-01T09:44:29.411+0000] {processor.py:208} INFO - Processing /home/airflow/.local/lib/python3.12/site-packages/airflow/example_dags/example_subdag_operator.py took 0.096 seconds
[2026-07-01T09:44:59.842+0000] {processor.py:186} INFO - Started process (PID=3893) to work on /home/airflow/.local/lib/python3.12/site-packages/airflow/example_dags/example_subdag_operator.py
[2026-07-01T09:44:59.844+0000] {processor.py:914} INFO - Processing file /home/airflow/.local/lib/python3.12/site-packages/airflow/example_dags/example_subdag_operator.py for tasks to queue
[2026-07-01T09:44:59.846+0000] {logging_mixin.py:190} INFO - [2026-07-01T09:44:59.846+0000] {dagbag.py:587} INFO - Filling up the DagBag from /home/airflow/.local/lib/python3.12/site-packages/airflow/example_dags/example_subdag_operator.py
[2026-07-01T09:44:59.865+0000] {processor.py:925} INFO - DAG(s) 'example_subdag_operator.section-1', 'example_subdag_operator.section-2', 'example_subdag_operator' retrieved from /home/airflow/.local/lib/python3.12/site-packages/airflow/example_dags/example_subdag_operator.py
[2026-07-01T09:44:59.876+0000] {logging_mixin.py:190} INFO - [2026-07-01T09:44:59.876+0000] {dag.py:3211} INFO - Sync 3 DAGs
[2026-07-01T09:44:59.891+0000] {logging_mixin.py:190} INFO - [2026-07-01T09:44:59.890+0000] {dag.py:4138} INFO - Setting next_dagrun for example_subdag_operator to 2022-01-01 00:00:00+00:00, run_after=2022-01-01 00:00:00+00:00
[2026-07-01T09:44:59.893+0000] {logging_mixin.py:190} INFO - [2026-07-01T09:44:59.893+0000] {dag.py:4138} INFO - Setting next_dagrun for example_subdag_operator.section-1 to None, run_after=None
[2026-07-01T09:44:59.894+0000] {logging_mixin.py:190} INFO - [2026-07-01T09:44:59.894+0000] {dag.py:4138} INFO - Setting next_dagrun for example_subdag_operator.section-2 to None, run_after=None
[2026-07-01T09:44:59.899+0000] {logging_mixin.py:190} INFO - [2026-07-01T09:44:59.899+0000] {dag.py:3211} INFO - Sync 2 DAGs
[2026-07-01T09:44:59.903+0000] {logging_mixin.py:190} INFO - [2026-07-01T09:44:59.902+0000] {dag.py:4138} INFO - Setting next_dagrun for example_subdag_operator.section-1 to None, run_after=None
[2026-07-01T09:44:59.903+0000] {logging_mixin.py:190} INFO - [2026-07-01T09:44:59.903+0000] {dag.py:4138} INFO - Setting next_dagrun for example_subdag_operator.section-2 to None, run_after=None
[2026-07-01T09:44:59.912+0000] {processor.py:208} INFO - Processing /home/airflow/.local/lib/python3.12/site-packages/airflow/example_dags/example_subdag_operator.py took 0.074 seconds
[2026-07-01T09:45:30.211+0000] {processor.py:186} INFO - Started process (PID=3955) to work on /home/airflow/.local/lib/python3.12/site-packages/airflow/example_dags/example_subdag_operator.py
[2026-07-01T09:45:30.213+0000] {processor.py:914} INFO - Processing file /home/airflow/.local/lib/python3.12/site-packages/airflow/example_dags/example_subdag_operator.py for tasks to queue
[2026-07-01T09:45:30.216+0000] {logging_mixin.py:190} INFO - [2026-07-01T09:45:30.215+0000] {dagbag.py:587} INFO - Filling up the DagBag from /home/airflow/.local/lib/python3.12/site-packages/airflow/example_dags/example_subdag_operator.py
[2026-07-01T09:45:30.240+0000] {processor.py:925} INFO - DAG(s) 'example_subdag_operator.section-1', 'example_subdag_operator.section-2', 'example_subdag_operator' retrieved from /home/airflow/.local/lib/python3.12/site-packages/airflow/example_dags/example_subdag_operator.py
[2026-07-01T09:45:30.255+0000] {logging_mixin.py:190} INFO - [2026-07-01T09:45:30.255+0000] {dag.py:3211} INFO - Sync 3 DAGs
[2026-07-01T09:45:30.275+0000] {logging_mixin.py:190} INFO - [2026-07-01T09:45:30.275+0000] {dag.py:4138} INFO - Setting next_dagrun for example_subdag_operator to 2022-01-01 00:00:00+00:00, run_after=2022-01-01 00:00:00+00:00
[2026-07-01T09:45:30.279+0000] {logging_mixin.py:190} INFO - [2026-07-01T09:45:30.278+0000] {dag.py:4138} INFO - Setting next_dagrun for example_subdag_operator.section-1 to None, run_after=None
[2026-07-01T09:45:30.280+0000] {logging_mixin.py:190} INFO - [2026-07-01T09:45:30.280+0000] {dag.py:4138} INFO - Setting next_dagrun for example_subdag_operator.section-2 to None, run_after=None
[2026-07-01T09:45:30.287+0000] {logging_mixin.py:190} INFO - [2026-07-01T09:45:30.286+0000] {dag.py:3211} INFO - Sync 2 DAGs
[2026-07-01T09:45:30.291+0000] {logging_mixin.py:190} INFO - [2026-07-01T09:45:30.290+0000] {dag.py:4138} INFO - Setting next_dagrun for example_subdag_operator.section-1 to None, run_after=None
[2026-07-01T09:45:30.291+0000] {logging_mixin.py:190} INFO - [2026-07-01T09:45:30.291+0000] {dag.py:4138} INFO - Setting next_dagrun for example_subdag_operator.section-2 to None, run_after=None
[2026-07-01T09:45:30.300+0000] {processor.py:208} INFO - Processing /home/airflow/.local/lib/python3.12/site-packages/airflow/example_dags/example_subdag_operator.py took 0.095 seconds
