[2026-07-01T09:09:39.599+0000] {processor.py:186} INFO - Started process (PID=75) to work on /home/airflow/.local/lib/python3.12/site-packages/airflow/example_dags/example_inlet_event_extra.py
[2026-07-01T09:09:39.601+0000] {processor.py:914} INFO - Processing file /home/airflow/.local/lib/python3.12/site-packages/airflow/example_dags/example_inlet_event_extra.py for tasks to queue
[2026-07-01T09:09:39.604+0000] {logging_mixin.py:190} INFO - [2026-07-01T09:09:39.603+0000] {dagbag.py:587} INFO - Filling up the DagBag from /home/airflow/.local/lib/python3.12/site-packages/airflow/example_dags/example_inlet_event_extra.py
[2026-07-01T09:09:39.726+0000] {processor.py:925} INFO - DAG(s) 'read_dataset_event_from_classic', 'read_dataset_event' retrieved from /home/airflow/.local/lib/python3.12/site-packages/airflow/example_dags/example_inlet_event_extra.py
[2026-07-01T09:09:39.798+0000] {logging_mixin.py:190} INFO - [2026-07-01T09:09:39.797+0000] {override.py:1858} INFO - Created Permission View: can read on DAG:read_dataset_event_from_classic
[2026-07-01T09:09:39.807+0000] {logging_mixin.py:190} INFO - [2026-07-01T09:09:39.807+0000] {override.py:1858} INFO - Created Permission View: can delete on DAG:read_dataset_event_from_classic
[2026-07-01T09:09:39.812+0000] {logging_mixin.py:190} INFO - [2026-07-01T09:09:39.812+0000] {override.py:1858} INFO - Created Permission View: can edit on DAG:read_dataset_event_from_classic
[2026-07-01T09:09:39.822+0000] {logging_mixin.py:190} INFO - [2026-07-01T09:09:39.822+0000] {override.py:1858} INFO - Created Permission View: can read on DAG:read_dataset_event
[2026-07-01T09:09:39.829+0000] {logging_mixin.py:190} INFO - [2026-07-01T09:09:39.829+0000] {override.py:1858} INFO - Created Permission View: can delete on DAG:read_dataset_event
[2026-07-01T09:09:39.835+0000] {logging_mixin.py:190} INFO - [2026-07-01T09:09:39.835+0000] {override.py:1858} INFO - Created Permission View: can edit on DAG:read_dataset_event
[2026-07-01T09:09:39.836+0000] {logging_mixin.py:190} INFO - [2026-07-01T09:09:39.836+0000] {dag.py:3211} INFO - Sync 2 DAGs
[2026-07-01T09:09:39.846+0000] {logging_mixin.py:190} INFO - [2026-07-01T09:09:39.846+0000] {dag.py:3234} INFO - Creating ORM DAG for read_dataset_event_from_classic
[2026-07-01T09:09:39.848+0000] {logging_mixin.py:190} INFO - [2026-07-01T09:09:39.847+0000] {dag.py:3234} INFO - Creating ORM DAG for read_dataset_event
[2026-07-01T09:09:39.857+0000] {logging_mixin.py:190} INFO - [2026-07-01T09:09:39.857+0000] {dag.py:4138} INFO - Setting next_dagrun for read_dataset_event to 2026-06-30 00:00:00+00:00, run_after=2026-07-01 00:00:00+00:00
[2026-07-01T09:09:39.859+0000] {logging_mixin.py:190} INFO - [2026-07-01T09:09:39.859+0000] {dag.py:4138} INFO - Setting next_dagrun for read_dataset_event_from_classic to 2026-06-30 00:00:00+00:00, run_after=2026-07-01 00:00:00+00:00
[2026-07-01T09:09:39.877+0000] {processor.py:208} INFO - Processing /home/airflow/.local/lib/python3.12/site-packages/airflow/example_dags/example_inlet_event_extra.py took 0.283 seconds
[2026-07-01T09:10:10.508+0000] {processor.py:186} INFO - Started process (PID=137) to work on /home/airflow/.local/lib/python3.12/site-packages/airflow/example_dags/example_inlet_event_extra.py
[2026-07-01T09:10:10.510+0000] {processor.py:914} INFO - Processing file /home/airflow/.local/lib/python3.12/site-packages/airflow/example_dags/example_inlet_event_extra.py for tasks to queue
[2026-07-01T09:10:10.514+0000] {logging_mixin.py:190} INFO - [2026-07-01T09:10:10.514+0000] {dagbag.py:587} INFO - Filling up the DagBag from /home/airflow/.local/lib/python3.12/site-packages/airflow/example_dags/example_inlet_event_extra.py
[2026-07-01T09:10:10.641+0000] {processor.py:925} INFO - DAG(s) 'read_dataset_event', 'read_dataset_event_from_classic' retrieved from /home/airflow/.local/lib/python3.12/site-packages/airflow/example_dags/example_inlet_event_extra.py
[2026-07-01T09:10:10.664+0000] {logging_mixin.py:190} INFO - [2026-07-01T09:10:10.664+0000] {dag.py:3211} INFO - Sync 2 DAGs
[2026-07-01T09:10:10.689+0000] {logging_mixin.py:190} INFO - [2026-07-01T09:10:10.688+0000] {dag.py:4138} INFO - Setting next_dagrun for read_dataset_event to 2026-06-30 00:00:00+00:00, run_after=2026-07-01 00:00:00+00:00
[2026-07-01T09:10:10.693+0000] {logging_mixin.py:190} INFO - [2026-07-01T09:10:10.693+0000] {dag.py:4138} INFO - Setting next_dagrun for read_dataset_event_from_classic to 2026-06-30 00:00:00+00:00, run_after=2026-07-01 00:00:00+00:00
[2026-07-01T09:10:10.707+0000] {processor.py:208} INFO - Processing /home/airflow/.local/lib/python3.12/site-packages/airflow/example_dags/example_inlet_event_extra.py took 0.203 seconds
[2026-07-01T09:10:40.942+0000] {processor.py:186} INFO - Started process (PID=205) to work on /home/airflow/.local/lib/python3.12/site-packages/airflow/example_dags/example_inlet_event_extra.py
[2026-07-01T09:10:40.942+0000] {processor.py:914} INFO - Processing file /home/airflow/.local/lib/python3.12/site-packages/airflow/example_dags/example_inlet_event_extra.py for tasks to queue
[2026-07-01T09:10:40.944+0000] {logging_mixin.py:190} INFO - [2026-07-01T09:10:40.944+0000] {dagbag.py:587} INFO - Filling up the DagBag from /home/airflow/.local/lib/python3.12/site-packages/airflow/example_dags/example_inlet_event_extra.py
[2026-07-01T09:10:41.035+0000] {processor.py:925} INFO - DAG(s) 'read_dataset_event', 'read_dataset_event_from_classic' retrieved from /home/airflow/.local/lib/python3.12/site-packages/airflow/example_dags/example_inlet_event_extra.py
[2026-07-01T09:10:41.048+0000] {logging_mixin.py:190} INFO - [2026-07-01T09:10:41.048+0000] {dag.py:3211} INFO - Sync 2 DAGs
[2026-07-01T09:10:41.065+0000] {logging_mixin.py:190} INFO - [2026-07-01T09:10:41.065+0000] {dag.py:4138} INFO - Setting next_dagrun for read_dataset_event to 2026-06-30 00:00:00+00:00, run_after=2026-07-01 00:00:00+00:00
[2026-07-01T09:10:41.068+0000] {logging_mixin.py:190} INFO - [2026-07-01T09:10:41.068+0000] {dag.py:4138} INFO - Setting next_dagrun for read_dataset_event_from_classic to 2026-06-30 00:00:00+00:00, run_after=2026-07-01 00:00:00+00:00
[2026-07-01T09:10:41.079+0000] {processor.py:208} INFO - Processing /home/airflow/.local/lib/python3.12/site-packages/airflow/example_dags/example_inlet_event_extra.py took 0.142 seconds
[2026-07-01T09:11:11.226+0000] {processor.py:186} INFO - Started process (PID=267) to work on /home/airflow/.local/lib/python3.12/site-packages/airflow/example_dags/example_inlet_event_extra.py
[2026-07-01T09:11:11.227+0000] {processor.py:914} INFO - Processing file /home/airflow/.local/lib/python3.12/site-packages/airflow/example_dags/example_inlet_event_extra.py for tasks to queue
[2026-07-01T09:11:11.229+0000] {logging_mixin.py:190} INFO - [2026-07-01T09:11:11.229+0000] {dagbag.py:587} INFO - Filling up the DagBag from /home/airflow/.local/lib/python3.12/site-packages/airflow/example_dags/example_inlet_event_extra.py
[2026-07-01T09:11:11.332+0000] {processor.py:925} INFO - DAG(s) 'read_dataset_event', 'read_dataset_event_from_classic' retrieved from /home/airflow/.local/lib/python3.12/site-packages/airflow/example_dags/example_inlet_event_extra.py
[2026-07-01T09:11:11.347+0000] {logging_mixin.py:190} INFO - [2026-07-01T09:11:11.347+0000] {dag.py:3211} INFO - Sync 2 DAGs
[2026-07-01T09:11:11.364+0000] {logging_mixin.py:190} INFO - [2026-07-01T09:11:11.364+0000] {dag.py:4138} INFO - Setting next_dagrun for read_dataset_event to 2026-06-30 00:00:00+00:00, run_after=2026-07-01 00:00:00+00:00
[2026-07-01T09:11:11.367+0000] {logging_mixin.py:190} INFO - [2026-07-01T09:11:11.367+0000] {dag.py:4138} INFO - Setting next_dagrun for read_dataset_event_from_classic to 2026-06-30 00:00:00+00:00, run_after=2026-07-01 00:00:00+00:00
[2026-07-01T09:11:11.381+0000] {processor.py:208} INFO - Processing /home/airflow/.local/lib/python3.12/site-packages/airflow/example_dags/example_inlet_event_extra.py took 0.159 seconds
[2026-07-01T09:11:41.467+0000] {processor.py:186} INFO - Started process (PID=329) to work on /home/airflow/.local/lib/python3.12/site-packages/airflow/example_dags/example_inlet_event_extra.py
[2026-07-01T09:11:41.469+0000] {processor.py:914} INFO - Processing file /home/airflow/.local/lib/python3.12/site-packages/airflow/example_dags/example_inlet_event_extra.py for tasks to queue
[2026-07-01T09:11:41.473+0000] {logging_mixin.py:190} INFO - [2026-07-01T09:11:41.471+0000] {dagbag.py:587} INFO - Filling up the DagBag from /home/airflow/.local/lib/python3.12/site-packages/airflow/example_dags/example_inlet_event_extra.py
[2026-07-01T09:11:41.625+0000] {processor.py:925} INFO - DAG(s) 'read_dataset_event_from_classic', 'read_dataset_event' retrieved from /home/airflow/.local/lib/python3.12/site-packages/airflow/example_dags/example_inlet_event_extra.py
[2026-07-01T09:11:41.664+0000] {logging_mixin.py:190} INFO - [2026-07-01T09:11:41.664+0000] {dag.py:3211} INFO - Sync 2 DAGs
[2026-07-01T09:11:41.692+0000] {logging_mixin.py:190} INFO - [2026-07-01T09:11:41.691+0000] {dag.py:4138} INFO - Setting next_dagrun for read_dataset_event to 2026-06-30 00:00:00+00:00, run_after=2026-07-01 00:00:00+00:00
[2026-07-01T09:11:41.697+0000] {logging_mixin.py:190} INFO - [2026-07-01T09:11:41.697+0000] {dag.py:4138} INFO - Setting next_dagrun for read_dataset_event_from_classic to 2026-06-30 00:00:00+00:00, run_after=2026-07-01 00:00:00+00:00
[2026-07-01T09:11:41.714+0000] {processor.py:208} INFO - Processing /home/airflow/.local/lib/python3.12/site-packages/airflow/example_dags/example_inlet_event_extra.py took 0.255 seconds
[2026-07-01T09:12:11.817+0000] {processor.py:186} INFO - Started process (PID=391) to work on /home/airflow/.local/lib/python3.12/site-packages/airflow/example_dags/example_inlet_event_extra.py
[2026-07-01T09:12:11.819+0000] {processor.py:914} INFO - Processing file /home/airflow/.local/lib/python3.12/site-packages/airflow/example_dags/example_inlet_event_extra.py for tasks to queue
[2026-07-01T09:12:11.821+0000] {logging_mixin.py:190} INFO - [2026-07-01T09:12:11.821+0000] {dagbag.py:587} INFO - Filling up the DagBag from /home/airflow/.local/lib/python3.12/site-packages/airflow/example_dags/example_inlet_event_extra.py
[2026-07-01T09:12:11.916+0000] {processor.py:925} INFO - DAG(s) 'read_dataset_event_from_classic', 'read_dataset_event' retrieved from /home/airflow/.local/lib/python3.12/site-packages/airflow/example_dags/example_inlet_event_extra.py
[2026-07-01T09:12:11.932+0000] {logging_mixin.py:190} INFO - [2026-07-01T09:12:11.931+0000] {dag.py:3211} INFO - Sync 2 DAGs
[2026-07-01T09:12:11.948+0000] {logging_mixin.py:190} INFO - [2026-07-01T09:12:11.948+0000] {dag.py:4138} INFO - Setting next_dagrun for read_dataset_event to 2026-06-30 00:00:00+00:00, run_after=2026-07-01 00:00:00+00:00
[2026-07-01T09:12:11.951+0000] {logging_mixin.py:190} INFO - [2026-07-01T09:12:11.951+0000] {dag.py:4138} INFO - Setting next_dagrun for read_dataset_event_from_classic to 2026-06-30 00:00:00+00:00, run_after=2026-07-01 00:00:00+00:00
[2026-07-01T09:12:11.962+0000] {processor.py:208} INFO - Processing /home/airflow/.local/lib/python3.12/site-packages/airflow/example_dags/example_inlet_event_extra.py took 0.149 seconds
[2026-07-01T09:12:42.383+0000] {processor.py:186} INFO - Started process (PID=453) to work on /home/airflow/.local/lib/python3.12/site-packages/airflow/example_dags/example_inlet_event_extra.py
[2026-07-01T09:12:42.383+0000] {processor.py:914} INFO - Processing file /home/airflow/.local/lib/python3.12/site-packages/airflow/example_dags/example_inlet_event_extra.py for tasks to queue
[2026-07-01T09:12:42.386+0000] {logging_mixin.py:190} INFO - [2026-07-01T09:12:42.386+0000] {dagbag.py:587} INFO - Filling up the DagBag from /home/airflow/.local/lib/python3.12/site-packages/airflow/example_dags/example_inlet_event_extra.py
[2026-07-01T09:12:42.508+0000] {processor.py:925} INFO - DAG(s) 'read_dataset_event_from_classic', 'read_dataset_event' retrieved from /home/airflow/.local/lib/python3.12/site-packages/airflow/example_dags/example_inlet_event_extra.py
[2026-07-01T09:12:42.524+0000] {logging_mixin.py:190} INFO - [2026-07-01T09:12:42.524+0000] {dag.py:3211} INFO - Sync 2 DAGs
[2026-07-01T09:12:42.543+0000] {logging_mixin.py:190} INFO - [2026-07-01T09:12:42.543+0000] {dag.py:4138} INFO - Setting next_dagrun for read_dataset_event to 2026-06-30 00:00:00+00:00, run_after=2026-07-01 00:00:00+00:00
[2026-07-01T09:12:42.550+0000] {logging_mixin.py:190} INFO - [2026-07-01T09:12:42.550+0000] {dag.py:4138} INFO - Setting next_dagrun for read_dataset_event_from_classic to 2026-06-30 00:00:00+00:00, run_after=2026-07-01 00:00:00+00:00
[2026-07-01T09:12:42.563+0000] {processor.py:208} INFO - Processing /home/airflow/.local/lib/python3.12/site-packages/airflow/example_dags/example_inlet_event_extra.py took 0.185 seconds
[2026-07-01T09:13:12.897+0000] {processor.py:186} INFO - Started process (PID=515) to work on /home/airflow/.local/lib/python3.12/site-packages/airflow/example_dags/example_inlet_event_extra.py
[2026-07-01T09:13:12.899+0000] {processor.py:914} INFO - Processing file /home/airflow/.local/lib/python3.12/site-packages/airflow/example_dags/example_inlet_event_extra.py for tasks to queue
[2026-07-01T09:13:12.902+0000] {logging_mixin.py:190} INFO - [2026-07-01T09:13:12.902+0000] {dagbag.py:587} INFO - Filling up the DagBag from /home/airflow/.local/lib/python3.12/site-packages/airflow/example_dags/example_inlet_event_extra.py
[2026-07-01T09:13:13.043+0000] {processor.py:925} INFO - DAG(s) 'read_dataset_event', 'read_dataset_event_from_classic' retrieved from /home/airflow/.local/lib/python3.12/site-packages/airflow/example_dags/example_inlet_event_extra.py
[2026-07-01T09:13:13.065+0000] {logging_mixin.py:190} INFO - [2026-07-01T09:13:13.065+0000] {dag.py:3211} INFO - Sync 2 DAGs
[2026-07-01T09:13:13.086+0000] {logging_mixin.py:190} INFO - [2026-07-01T09:13:13.086+0000] {dag.py:4138} INFO - Setting next_dagrun for read_dataset_event to 2026-06-30 00:00:00+00:00, run_after=2026-07-01 00:00:00+00:00
[2026-07-01T09:13:13.091+0000] {logging_mixin.py:190} INFO - [2026-07-01T09:13:13.090+0000] {dag.py:4138} INFO - Setting next_dagrun for read_dataset_event_from_classic to 2026-06-30 00:00:00+00:00, run_after=2026-07-01 00:00:00+00:00
[2026-07-01T09:13:13.103+0000] {processor.py:208} INFO - Processing /home/airflow/.local/lib/python3.12/site-packages/airflow/example_dags/example_inlet_event_extra.py took 0.211 seconds
[2026-07-01T09:13:43.836+0000] {processor.py:186} INFO - Started process (PID=577) to work on /home/airflow/.local/lib/python3.12/site-packages/airflow/example_dags/example_inlet_event_extra.py
[2026-07-01T09:13:43.837+0000] {processor.py:914} INFO - Processing file /home/airflow/.local/lib/python3.12/site-packages/airflow/example_dags/example_inlet_event_extra.py for tasks to queue
[2026-07-01T09:13:43.840+0000] {logging_mixin.py:190} INFO - [2026-07-01T09:13:43.839+0000] {dagbag.py:587} INFO - Filling up the DagBag from /home/airflow/.local/lib/python3.12/site-packages/airflow/example_dags/example_inlet_event_extra.py
[2026-07-01T09:13:43.939+0000] {processor.py:925} INFO - DAG(s) 'read_dataset_event', 'read_dataset_event_from_classic' retrieved from /home/airflow/.local/lib/python3.12/site-packages/airflow/example_dags/example_inlet_event_extra.py
[2026-07-01T09:13:43.960+0000] {logging_mixin.py:190} INFO - [2026-07-01T09:13:43.959+0000] {dag.py:3211} INFO - Sync 2 DAGs
[2026-07-01T09:13:43.976+0000] {logging_mixin.py:190} INFO - [2026-07-01T09:13:43.976+0000] {dag.py:4138} INFO - Setting next_dagrun for read_dataset_event to 2026-06-30 00:00:00+00:00, run_after=2026-07-01 00:00:00+00:00
[2026-07-01T09:13:43.979+0000] {logging_mixin.py:190} INFO - [2026-07-01T09:13:43.979+0000] {dag.py:4138} INFO - Setting next_dagrun for read_dataset_event_from_classic to 2026-06-30 00:00:00+00:00, run_after=2026-07-01 00:00:00+00:00
[2026-07-01T09:13:43.991+0000] {processor.py:208} INFO - Processing /home/airflow/.local/lib/python3.12/site-packages/airflow/example_dags/example_inlet_event_extra.py took 0.159 seconds
[2026-07-01T09:14:14.937+0000] {processor.py:186} INFO - Started process (PID=639) to work on /home/airflow/.local/lib/python3.12/site-packages/airflow/example_dags/example_inlet_event_extra.py
[2026-07-01T09:14:14.938+0000] {processor.py:914} INFO - Processing file /home/airflow/.local/lib/python3.12/site-packages/airflow/example_dags/example_inlet_event_extra.py for tasks to queue
[2026-07-01T09:14:14.940+0000] {logging_mixin.py:190} INFO - [2026-07-01T09:14:14.940+0000] {dagbag.py:587} INFO - Filling up the DagBag from /home/airflow/.local/lib/python3.12/site-packages/airflow/example_dags/example_inlet_event_extra.py
[2026-07-01T09:14:15.040+0000] {processor.py:925} INFO - DAG(s) 'read_dataset_event_from_classic', 'read_dataset_event' retrieved from /home/airflow/.local/lib/python3.12/site-packages/airflow/example_dags/example_inlet_event_extra.py
[2026-07-01T09:14:15.058+0000] {logging_mixin.py:190} INFO - [2026-07-01T09:14:15.058+0000] {dag.py:3211} INFO - Sync 2 DAGs
[2026-07-01T09:14:15.077+0000] {logging_mixin.py:190} INFO - [2026-07-01T09:14:15.077+0000] {dag.py:4138} INFO - Setting next_dagrun for read_dataset_event to 2026-06-30 00:00:00+00:00, run_after=2026-07-01 00:00:00+00:00
[2026-07-01T09:14:15.081+0000] {logging_mixin.py:190} INFO - [2026-07-01T09:14:15.080+0000] {dag.py:4138} INFO - Setting next_dagrun for read_dataset_event_from_classic to 2026-06-30 00:00:00+00:00, run_after=2026-07-01 00:00:00+00:00
[2026-07-01T09:14:15.094+0000] {processor.py:208} INFO - Processing /home/airflow/.local/lib/python3.12/site-packages/airflow/example_dags/example_inlet_event_extra.py took 0.164 seconds
[2026-07-01T09:14:45.154+0000] {processor.py:186} INFO - Started process (PID=701) to work on /home/airflow/.local/lib/python3.12/site-packages/airflow/example_dags/example_inlet_event_extra.py
[2026-07-01T09:14:45.156+0000] {processor.py:914} INFO - Processing file /home/airflow/.local/lib/python3.12/site-packages/airflow/example_dags/example_inlet_event_extra.py for tasks to queue
[2026-07-01T09:14:45.158+0000] {logging_mixin.py:190} INFO - [2026-07-01T09:14:45.158+0000] {dagbag.py:587} INFO - Filling up the DagBag from /home/airflow/.local/lib/python3.12/site-packages/airflow/example_dags/example_inlet_event_extra.py
[2026-07-01T09:14:45.252+0000] {processor.py:925} INFO - DAG(s) 'read_dataset_event', 'read_dataset_event_from_classic' retrieved from /home/airflow/.local/lib/python3.12/site-packages/airflow/example_dags/example_inlet_event_extra.py
[2026-07-01T09:14:45.266+0000] {logging_mixin.py:190} INFO - [2026-07-01T09:14:45.266+0000] {dag.py:3211} INFO - Sync 2 DAGs
[2026-07-01T09:14:45.282+0000] {logging_mixin.py:190} INFO - [2026-07-01T09:14:45.282+0000] {dag.py:4138} INFO - Setting next_dagrun for read_dataset_event to 2026-06-30 00:00:00+00:00, run_after=2026-07-01 00:00:00+00:00
[2026-07-01T09:14:45.285+0000] {logging_mixin.py:190} INFO - [2026-07-01T09:14:45.285+0000] {dag.py:4138} INFO - Setting next_dagrun for read_dataset_event_from_classic to 2026-06-30 00:00:00+00:00, run_after=2026-07-01 00:00:00+00:00
[2026-07-01T09:14:45.296+0000] {processor.py:208} INFO - Processing /home/airflow/.local/lib/python3.12/site-packages/airflow/example_dags/example_inlet_event_extra.py took 0.146 seconds
[2026-07-01T09:15:16.052+0000] {processor.py:186} INFO - Started process (PID=763) to work on /home/airflow/.local/lib/python3.12/site-packages/airflow/example_dags/example_inlet_event_extra.py
[2026-07-01T09:15:16.053+0000] {processor.py:914} INFO - Processing file /home/airflow/.local/lib/python3.12/site-packages/airflow/example_dags/example_inlet_event_extra.py for tasks to queue
[2026-07-01T09:15:16.056+0000] {logging_mixin.py:190} INFO - [2026-07-01T09:15:16.055+0000] {dagbag.py:587} INFO - Filling up the DagBag from /home/airflow/.local/lib/python3.12/site-packages/airflow/example_dags/example_inlet_event_extra.py
[2026-07-01T09:15:16.169+0000] {processor.py:925} INFO - DAG(s) 'read_dataset_event_from_classic', 'read_dataset_event' retrieved from /home/airflow/.local/lib/python3.12/site-packages/airflow/example_dags/example_inlet_event_extra.py
[2026-07-01T09:15:16.189+0000] {logging_mixin.py:190} INFO - [2026-07-01T09:15:16.189+0000] {dag.py:3211} INFO - Sync 2 DAGs
[2026-07-01T09:15:16.215+0000] {logging_mixin.py:190} INFO - [2026-07-01T09:15:16.215+0000] {dag.py:4138} INFO - Setting next_dagrun for read_dataset_event to 2026-06-30 00:00:00+00:00, run_after=2026-07-01 00:00:00+00:00
[2026-07-01T09:15:16.220+0000] {logging_mixin.py:190} INFO - [2026-07-01T09:15:16.219+0000] {dag.py:4138} INFO - Setting next_dagrun for read_dataset_event_from_classic to 2026-06-30 00:00:00+00:00, run_after=2026-07-01 00:00:00+00:00
[2026-07-01T09:15:16.239+0000] {processor.py:208} INFO - Processing /home/airflow/.local/lib/python3.12/site-packages/airflow/example_dags/example_inlet_event_extra.py took 0.192 seconds
[2026-07-01T09:15:46.943+0000] {processor.py:186} INFO - Started process (PID=825) to work on /home/airflow/.local/lib/python3.12/site-packages/airflow/example_dags/example_inlet_event_extra.py
[2026-07-01T09:15:46.944+0000] {processor.py:914} INFO - Processing file /home/airflow/.local/lib/python3.12/site-packages/airflow/example_dags/example_inlet_event_extra.py for tasks to queue
[2026-07-01T09:15:46.947+0000] {logging_mixin.py:190} INFO - [2026-07-01T09:15:46.947+0000] {dagbag.py:587} INFO - Filling up the DagBag from /home/airflow/.local/lib/python3.12/site-packages/airflow/example_dags/example_inlet_event_extra.py
[2026-07-01T09:15:47.047+0000] {processor.py:925} INFO - DAG(s) 'read_dataset_event_from_classic', 'read_dataset_event' retrieved from /home/airflow/.local/lib/python3.12/site-packages/airflow/example_dags/example_inlet_event_extra.py
[2026-07-01T09:15:47.062+0000] {logging_mixin.py:190} INFO - [2026-07-01T09:15:47.062+0000] {dag.py:3211} INFO - Sync 2 DAGs
[2026-07-01T09:15:47.078+0000] {logging_mixin.py:190} INFO - [2026-07-01T09:15:47.078+0000] {dag.py:4138} INFO - Setting next_dagrun for read_dataset_event to 2026-06-30 00:00:00+00:00, run_after=2026-07-01 00:00:00+00:00
[2026-07-01T09:15:47.081+0000] {logging_mixin.py:190} INFO - [2026-07-01T09:15:47.081+0000] {dag.py:4138} INFO - Setting next_dagrun for read_dataset_event_from_classic to 2026-06-30 00:00:00+00:00, run_after=2026-07-01 00:00:00+00:00
[2026-07-01T09:15:47.094+0000] {processor.py:208} INFO - Processing /home/airflow/.local/lib/python3.12/site-packages/airflow/example_dags/example_inlet_event_extra.py took 0.155 seconds
[2026-07-01T09:16:17.175+0000] {processor.py:186} INFO - Started process (PID=887) to work on /home/airflow/.local/lib/python3.12/site-packages/airflow/example_dags/example_inlet_event_extra.py
[2026-07-01T09:16:17.177+0000] {processor.py:914} INFO - Processing file /home/airflow/.local/lib/python3.12/site-packages/airflow/example_dags/example_inlet_event_extra.py for tasks to queue
[2026-07-01T09:16:17.183+0000] {logging_mixin.py:190} INFO - [2026-07-01T09:16:17.182+0000] {dagbag.py:587} INFO - Filling up the DagBag from /home/airflow/.local/lib/python3.12/site-packages/airflow/example_dags/example_inlet_event_extra.py
[2026-07-01T09:16:17.304+0000] {processor.py:925} INFO - DAG(s) 'read_dataset_event', 'read_dataset_event_from_classic' retrieved from /home/airflow/.local/lib/python3.12/site-packages/airflow/example_dags/example_inlet_event_extra.py
[2026-07-01T09:16:17.322+0000] {logging_mixin.py:190} INFO - [2026-07-01T09:16:17.322+0000] {dag.py:3211} INFO - Sync 2 DAGs
[2026-07-01T09:16:17.340+0000] {logging_mixin.py:190} INFO - [2026-07-01T09:16:17.340+0000] {dag.py:4138} INFO - Setting next_dagrun for read_dataset_event to 2026-06-30 00:00:00+00:00, run_after=2026-07-01 00:00:00+00:00
[2026-07-01T09:16:17.344+0000] {logging_mixin.py:190} INFO - [2026-07-01T09:16:17.344+0000] {dag.py:4138} INFO - Setting next_dagrun for read_dataset_event_from_classic to 2026-06-30 00:00:00+00:00, run_after=2026-07-01 00:00:00+00:00
[2026-07-01T09:16:17.356+0000] {processor.py:208} INFO - Processing /home/airflow/.local/lib/python3.12/site-packages/airflow/example_dags/example_inlet_event_extra.py took 0.186 seconds
[2026-07-01T09:16:47.397+0000] {processor.py:186} INFO - Started process (PID=948) to work on /home/airflow/.local/lib/python3.12/site-packages/airflow/example_dags/example_inlet_event_extra.py
[2026-07-01T09:16:47.398+0000] {processor.py:914} INFO - Processing file /home/airflow/.local/lib/python3.12/site-packages/airflow/example_dags/example_inlet_event_extra.py for tasks to queue
[2026-07-01T09:16:47.400+0000] {logging_mixin.py:190} INFO - [2026-07-01T09:16:47.400+0000] {dagbag.py:587} INFO - Filling up the DagBag from /home/airflow/.local/lib/python3.12/site-packages/airflow/example_dags/example_inlet_event_extra.py
[2026-07-01T09:16:47.492+0000] {processor.py:925} INFO - DAG(s) 'read_dataset_event_from_classic', 'read_dataset_event' retrieved from /home/airflow/.local/lib/python3.12/site-packages/airflow/example_dags/example_inlet_event_extra.py
[2026-07-01T09:16:47.507+0000] {logging_mixin.py:190} INFO - [2026-07-01T09:16:47.506+0000] {dag.py:3211} INFO - Sync 2 DAGs
[2026-07-01T09:16:47.523+0000] {logging_mixin.py:190} INFO - [2026-07-01T09:16:47.523+0000] {dag.py:4138} INFO - Setting next_dagrun for read_dataset_event to 2026-06-30 00:00:00+00:00, run_after=2026-07-01 00:00:00+00:00
[2026-07-01T09:16:47.526+0000] {logging_mixin.py:190} INFO - [2026-07-01T09:16:47.526+0000] {dag.py:4138} INFO - Setting next_dagrun for read_dataset_event_from_classic to 2026-06-30 00:00:00+00:00, run_after=2026-07-01 00:00:00+00:00
[2026-07-01T09:16:47.537+0000] {processor.py:208} INFO - Processing /home/airflow/.local/lib/python3.12/site-packages/airflow/example_dags/example_inlet_event_extra.py took 0.145 seconds
[2026-07-01T09:17:17.804+0000] {processor.py:186} INFO - Started process (PID=1011) to work on /home/airflow/.local/lib/python3.12/site-packages/airflow/example_dags/example_inlet_event_extra.py
[2026-07-01T09:17:17.805+0000] {processor.py:914} INFO - Processing file /home/airflow/.local/lib/python3.12/site-packages/airflow/example_dags/example_inlet_event_extra.py for tasks to queue
[2026-07-01T09:17:17.807+0000] {logging_mixin.py:190} INFO - [2026-07-01T09:17:17.807+0000] {dagbag.py:587} INFO - Filling up the DagBag from /home/airflow/.local/lib/python3.12/site-packages/airflow/example_dags/example_inlet_event_extra.py
[2026-07-01T09:17:17.920+0000] {processor.py:925} INFO - DAG(s) 'read_dataset_event_from_classic', 'read_dataset_event' retrieved from /home/airflow/.local/lib/python3.12/site-packages/airflow/example_dags/example_inlet_event_extra.py
[2026-07-01T09:17:17.942+0000] {logging_mixin.py:190} INFO - [2026-07-01T09:17:17.941+0000] {dag.py:3211} INFO - Sync 2 DAGs
[2026-07-01T09:17:17.963+0000] {logging_mixin.py:190} INFO - [2026-07-01T09:17:17.962+0000] {dag.py:4138} INFO - Setting next_dagrun for read_dataset_event to 2026-06-30 00:00:00+00:00, run_after=2026-07-01 00:00:00+00:00
[2026-07-01T09:17:17.967+0000] {logging_mixin.py:190} INFO - [2026-07-01T09:17:17.966+0000] {dag.py:4138} INFO - Setting next_dagrun for read_dataset_event_from_classic to 2026-06-30 00:00:00+00:00, run_after=2026-07-01 00:00:00+00:00
[2026-07-01T09:17:17.981+0000] {processor.py:208} INFO - Processing /home/airflow/.local/lib/python3.12/site-packages/airflow/example_dags/example_inlet_event_extra.py took 0.183 seconds
[2026-07-01T09:17:48.152+0000] {processor.py:186} INFO - Started process (PID=1073) to work on /home/airflow/.local/lib/python3.12/site-packages/airflow/example_dags/example_inlet_event_extra.py
[2026-07-01T09:17:48.153+0000] {processor.py:914} INFO - Processing file /home/airflow/.local/lib/python3.12/site-packages/airflow/example_dags/example_inlet_event_extra.py for tasks to queue
[2026-07-01T09:17:48.155+0000] {logging_mixin.py:190} INFO - [2026-07-01T09:17:48.155+0000] {dagbag.py:587} INFO - Filling up the DagBag from /home/airflow/.local/lib/python3.12/site-packages/airflow/example_dags/example_inlet_event_extra.py
[2026-07-01T09:17:48.271+0000] {processor.py:925} INFO - DAG(s) 'read_dataset_event', 'read_dataset_event_from_classic' retrieved from /home/airflow/.local/lib/python3.12/site-packages/airflow/example_dags/example_inlet_event_extra.py
[2026-07-01T09:17:48.295+0000] {logging_mixin.py:190} INFO - [2026-07-01T09:17:48.295+0000] {dag.py:3211} INFO - Sync 2 DAGs
[2026-07-01T09:17:48.319+0000] {logging_mixin.py:190} INFO - [2026-07-01T09:17:48.318+0000] {dag.py:4138} INFO - Setting next_dagrun for read_dataset_event to 2026-06-30 00:00:00+00:00, run_after=2026-07-01 00:00:00+00:00
[2026-07-01T09:17:48.323+0000] {logging_mixin.py:190} INFO - [2026-07-01T09:17:48.322+0000] {dag.py:4138} INFO - Setting next_dagrun for read_dataset_event_from_classic to 2026-06-30 00:00:00+00:00, run_after=2026-07-01 00:00:00+00:00
[2026-07-01T09:17:48.338+0000] {processor.py:208} INFO - Processing /home/airflow/.local/lib/python3.12/site-packages/airflow/example_dags/example_inlet_event_extra.py took 0.192 seconds
[2026-07-01T09:18:18.370+0000] {processor.py:186} INFO - Started process (PID=1134) to work on /home/airflow/.local/lib/python3.12/site-packages/airflow/example_dags/example_inlet_event_extra.py
[2026-07-01T09:18:18.372+0000] {processor.py:914} INFO - Processing file /home/airflow/.local/lib/python3.12/site-packages/airflow/example_dags/example_inlet_event_extra.py for tasks to queue
[2026-07-01T09:18:18.374+0000] {logging_mixin.py:190} INFO - [2026-07-01T09:18:18.373+0000] {dagbag.py:587} INFO - Filling up the DagBag from /home/airflow/.local/lib/python3.12/site-packages/airflow/example_dags/example_inlet_event_extra.py
[2026-07-01T09:18:18.456+0000] {processor.py:925} INFO - DAG(s) 'read_dataset_event', 'read_dataset_event_from_classic' retrieved from /home/airflow/.local/lib/python3.12/site-packages/airflow/example_dags/example_inlet_event_extra.py
[2026-07-01T09:18:18.469+0000] {logging_mixin.py:190} INFO - [2026-07-01T09:18:18.469+0000] {dag.py:3211} INFO - Sync 2 DAGs
[2026-07-01T09:18:18.487+0000] {logging_mixin.py:190} INFO - [2026-07-01T09:18:18.487+0000] {dag.py:4138} INFO - Setting next_dagrun for read_dataset_event to 2026-06-30 00:00:00+00:00, run_after=2026-07-01 00:00:00+00:00
[2026-07-01T09:18:18.491+0000] {logging_mixin.py:190} INFO - [2026-07-01T09:18:18.491+0000] {dag.py:4138} INFO - Setting next_dagrun for read_dataset_event_from_classic to 2026-06-30 00:00:00+00:00, run_after=2026-07-01 00:00:00+00:00
[2026-07-01T09:18:18.504+0000] {processor.py:208} INFO - Processing /home/airflow/.local/lib/python3.12/site-packages/airflow/example_dags/example_inlet_event_extra.py took 0.137 seconds
[2026-07-01T09:18:48.609+0000] {processor.py:186} INFO - Started process (PID=1196) to work on /home/airflow/.local/lib/python3.12/site-packages/airflow/example_dags/example_inlet_event_extra.py
[2026-07-01T09:18:48.609+0000] {processor.py:914} INFO - Processing file /home/airflow/.local/lib/python3.12/site-packages/airflow/example_dags/example_inlet_event_extra.py for tasks to queue
[2026-07-01T09:18:48.611+0000] {logging_mixin.py:190} INFO - [2026-07-01T09:18:48.611+0000] {dagbag.py:587} INFO - Filling up the DagBag from /home/airflow/.local/lib/python3.12/site-packages/airflow/example_dags/example_inlet_event_extra.py
[2026-07-01T09:18:48.697+0000] {processor.py:925} INFO - DAG(s) 'read_dataset_event', 'read_dataset_event_from_classic' retrieved from /home/airflow/.local/lib/python3.12/site-packages/airflow/example_dags/example_inlet_event_extra.py
[2026-07-01T09:18:48.714+0000] {logging_mixin.py:190} INFO - [2026-07-01T09:18:48.713+0000] {dag.py:3211} INFO - Sync 2 DAGs
[2026-07-01T09:18:48.730+0000] {logging_mixin.py:190} INFO - [2026-07-01T09:18:48.730+0000] {dag.py:4138} INFO - Setting next_dagrun for read_dataset_event to 2026-06-30 00:00:00+00:00, run_after=2026-07-01 00:00:00+00:00
[2026-07-01T09:18:48.733+0000] {logging_mixin.py:190} INFO - [2026-07-01T09:18:48.733+0000] {dag.py:4138} INFO - Setting next_dagrun for read_dataset_event_from_classic to 2026-06-30 00:00:00+00:00, run_after=2026-07-01 00:00:00+00:00
[2026-07-01T09:18:48.768+0000] {processor.py:208} INFO - Processing /home/airflow/.local/lib/python3.12/site-packages/airflow/example_dags/example_inlet_event_extra.py took 0.164 seconds
[2026-07-01T09:19:19.492+0000] {processor.py:186} INFO - Started process (PID=1259) to work on /home/airflow/.local/lib/python3.12/site-packages/airflow/example_dags/example_inlet_event_extra.py
[2026-07-01T09:19:19.493+0000] {processor.py:914} INFO - Processing file /home/airflow/.local/lib/python3.12/site-packages/airflow/example_dags/example_inlet_event_extra.py for tasks to queue
[2026-07-01T09:19:19.495+0000] {logging_mixin.py:190} INFO - [2026-07-01T09:19:19.495+0000] {dagbag.py:587} INFO - Filling up the DagBag from /home/airflow/.local/lib/python3.12/site-packages/airflow/example_dags/example_inlet_event_extra.py
[2026-07-01T09:19:19.580+0000] {processor.py:925} INFO - DAG(s) 'read_dataset_event', 'read_dataset_event_from_classic' retrieved from /home/airflow/.local/lib/python3.12/site-packages/airflow/example_dags/example_inlet_event_extra.py
[2026-07-01T09:19:19.595+0000] {logging_mixin.py:190} INFO - [2026-07-01T09:19:19.595+0000] {dag.py:3211} INFO - Sync 2 DAGs
[2026-07-01T09:19:19.612+0000] {logging_mixin.py:190} INFO - [2026-07-01T09:19:19.612+0000] {dag.py:4138} INFO - Setting next_dagrun for read_dataset_event to 2026-06-30 00:00:00+00:00, run_after=2026-07-01 00:00:00+00:00
[2026-07-01T09:19:19.615+0000] {logging_mixin.py:190} INFO - [2026-07-01T09:19:19.615+0000] {dag.py:4138} INFO - Setting next_dagrun for read_dataset_event_from_classic to 2026-06-30 00:00:00+00:00, run_after=2026-07-01 00:00:00+00:00
[2026-07-01T09:19:19.628+0000] {processor.py:208} INFO - Processing /home/airflow/.local/lib/python3.12/site-packages/airflow/example_dags/example_inlet_event_extra.py took 0.139 seconds
[2026-07-01T09:19:50.230+0000] {processor.py:186} INFO - Started process (PID=1321) to work on /home/airflow/.local/lib/python3.12/site-packages/airflow/example_dags/example_inlet_event_extra.py
[2026-07-01T09:19:50.231+0000] {processor.py:914} INFO - Processing file /home/airflow/.local/lib/python3.12/site-packages/airflow/example_dags/example_inlet_event_extra.py for tasks to queue
[2026-07-01T09:19:50.233+0000] {logging_mixin.py:190} INFO - [2026-07-01T09:19:50.233+0000] {dagbag.py:587} INFO - Filling up the DagBag from /home/airflow/.local/lib/python3.12/site-packages/airflow/example_dags/example_inlet_event_extra.py
[2026-07-01T09:19:50.348+0000] {processor.py:925} INFO - DAG(s) 'read_dataset_event_from_classic', 'read_dataset_event' retrieved from /home/airflow/.local/lib/python3.12/site-packages/airflow/example_dags/example_inlet_event_extra.py
[2026-07-01T09:19:50.365+0000] {logging_mixin.py:190} INFO - [2026-07-01T09:19:50.365+0000] {dag.py:3211} INFO - Sync 2 DAGs
[2026-07-01T09:19:50.383+0000] {logging_mixin.py:190} INFO - [2026-07-01T09:19:50.383+0000] {dag.py:4138} INFO - Setting next_dagrun for read_dataset_event to 2026-06-30 00:00:00+00:00, run_after=2026-07-01 00:00:00+00:00
[2026-07-01T09:19:50.386+0000] {logging_mixin.py:190} INFO - [2026-07-01T09:19:50.386+0000] {dag.py:4138} INFO - Setting next_dagrun for read_dataset_event_from_classic to 2026-06-30 00:00:00+00:00, run_after=2026-07-01 00:00:00+00:00
[2026-07-01T09:19:50.397+0000] {processor.py:208} INFO - Processing /home/airflow/.local/lib/python3.12/site-packages/airflow/example_dags/example_inlet_event_extra.py took 0.172 seconds
[2026-07-01T09:20:20.913+0000] {processor.py:186} INFO - Started process (PID=1383) to work on /home/airflow/.local/lib/python3.12/site-packages/airflow/example_dags/example_inlet_event_extra.py
[2026-07-01T09:20:20.914+0000] {processor.py:914} INFO - Processing file /home/airflow/.local/lib/python3.12/site-packages/airflow/example_dags/example_inlet_event_extra.py for tasks to queue
[2026-07-01T09:20:20.917+0000] {logging_mixin.py:190} INFO - [2026-07-01T09:20:20.916+0000] {dagbag.py:587} INFO - Filling up the DagBag from /home/airflow/.local/lib/python3.12/site-packages/airflow/example_dags/example_inlet_event_extra.py
[2026-07-01T09:20:21.023+0000] {processor.py:925} INFO - DAG(s) 'read_dataset_event_from_classic', 'read_dataset_event' retrieved from /home/airflow/.local/lib/python3.12/site-packages/airflow/example_dags/example_inlet_event_extra.py
[2026-07-01T09:20:21.048+0000] {logging_mixin.py:190} INFO - [2026-07-01T09:20:21.048+0000] {dag.py:3211} INFO - Sync 2 DAGs
[2026-07-01T09:20:21.072+0000] {logging_mixin.py:190} INFO - [2026-07-01T09:20:21.071+0000] {dag.py:4138} INFO - Setting next_dagrun for read_dataset_event to 2026-06-30 00:00:00+00:00, run_after=2026-07-01 00:00:00+00:00
[2026-07-01T09:20:21.077+0000] {logging_mixin.py:190} INFO - [2026-07-01T09:20:21.077+0000] {dag.py:4138} INFO - Setting next_dagrun for read_dataset_event_from_classic to 2026-06-30 00:00:00+00:00, run_after=2026-07-01 00:00:00+00:00
[2026-07-01T09:20:21.093+0000] {processor.py:208} INFO - Processing /home/airflow/.local/lib/python3.12/site-packages/airflow/example_dags/example_inlet_event_extra.py took 0.185 seconds
[2026-07-01T09:20:51.726+0000] {processor.py:186} INFO - Started process (PID=1445) to work on /home/airflow/.local/lib/python3.12/site-packages/airflow/example_dags/example_inlet_event_extra.py
[2026-07-01T09:20:51.727+0000] {processor.py:914} INFO - Processing file /home/airflow/.local/lib/python3.12/site-packages/airflow/example_dags/example_inlet_event_extra.py for tasks to queue
[2026-07-01T09:20:51.730+0000] {logging_mixin.py:190} INFO - [2026-07-01T09:20:51.730+0000] {dagbag.py:587} INFO - Filling up the DagBag from /home/airflow/.local/lib/python3.12/site-packages/airflow/example_dags/example_inlet_event_extra.py
[2026-07-01T09:20:51.821+0000] {processor.py:925} INFO - DAG(s) 'read_dataset_event_from_classic', 'read_dataset_event' retrieved from /home/airflow/.local/lib/python3.12/site-packages/airflow/example_dags/example_inlet_event_extra.py
[2026-07-01T09:20:51.837+0000] {logging_mixin.py:190} INFO - [2026-07-01T09:20:51.837+0000] {dag.py:3211} INFO - Sync 2 DAGs
[2026-07-01T09:20:51.856+0000] {logging_mixin.py:190} INFO - [2026-07-01T09:20:51.856+0000] {dag.py:4138} INFO - Setting next_dagrun for read_dataset_event to 2026-06-30 00:00:00+00:00, run_after=2026-07-01 00:00:00+00:00
[2026-07-01T09:20:51.859+0000] {logging_mixin.py:190} INFO - [2026-07-01T09:20:51.859+0000] {dag.py:4138} INFO - Setting next_dagrun for read_dataset_event_from_classic to 2026-06-30 00:00:00+00:00, run_after=2026-07-01 00:00:00+00:00
[2026-07-01T09:20:51.872+0000] {processor.py:208} INFO - Processing /home/airflow/.local/lib/python3.12/site-packages/airflow/example_dags/example_inlet_event_extra.py took 0.150 seconds
[2026-07-01T09:21:21.917+0000] {processor.py:186} INFO - Started process (PID=1507) to work on /home/airflow/.local/lib/python3.12/site-packages/airflow/example_dags/example_inlet_event_extra.py
[2026-07-01T09:21:21.918+0000] {processor.py:914} INFO - Processing file /home/airflow/.local/lib/python3.12/site-packages/airflow/example_dags/example_inlet_event_extra.py for tasks to queue
[2026-07-01T09:21:21.919+0000] {logging_mixin.py:190} INFO - [2026-07-01T09:21:21.919+0000] {dagbag.py:587} INFO - Filling up the DagBag from /home/airflow/.local/lib/python3.12/site-packages/airflow/example_dags/example_inlet_event_extra.py
[2026-07-01T09:21:22.007+0000] {processor.py:925} INFO - DAG(s) 'read_dataset_event_from_classic', 'read_dataset_event' retrieved from /home/airflow/.local/lib/python3.12/site-packages/airflow/example_dags/example_inlet_event_extra.py
[2026-07-01T09:21:22.023+0000] {logging_mixin.py:190} INFO - [2026-07-01T09:21:22.022+0000] {dag.py:3211} INFO - Sync 2 DAGs
[2026-07-01T09:21:22.039+0000] {logging_mixin.py:190} INFO - [2026-07-01T09:21:22.039+0000] {dag.py:4138} INFO - Setting next_dagrun for read_dataset_event to 2026-06-30 00:00:00+00:00, run_after=2026-07-01 00:00:00+00:00
[2026-07-01T09:21:22.043+0000] {logging_mixin.py:190} INFO - [2026-07-01T09:21:22.042+0000] {dag.py:4138} INFO - Setting next_dagrun for read_dataset_event_from_classic to 2026-06-30 00:00:00+00:00, run_after=2026-07-01 00:00:00+00:00
[2026-07-01T09:21:22.054+0000] {processor.py:208} INFO - Processing /home/airflow/.local/lib/python3.12/site-packages/airflow/example_dags/example_inlet_event_extra.py took 0.141 seconds
[2026-07-01T09:21:52.210+0000] {processor.py:186} INFO - Started process (PID=1569) to work on /home/airflow/.local/lib/python3.12/site-packages/airflow/example_dags/example_inlet_event_extra.py
[2026-07-01T09:21:52.211+0000] {processor.py:914} INFO - Processing file /home/airflow/.local/lib/python3.12/site-packages/airflow/example_dags/example_inlet_event_extra.py for tasks to queue
[2026-07-01T09:21:52.213+0000] {logging_mixin.py:190} INFO - [2026-07-01T09:21:52.213+0000] {dagbag.py:587} INFO - Filling up the DagBag from /home/airflow/.local/lib/python3.12/site-packages/airflow/example_dags/example_inlet_event_extra.py
[2026-07-01T09:21:52.296+0000] {processor.py:925} INFO - DAG(s) 'read_dataset_event_from_classic', 'read_dataset_event' retrieved from /home/airflow/.local/lib/python3.12/site-packages/airflow/example_dags/example_inlet_event_extra.py
[2026-07-01T09:21:52.310+0000] {logging_mixin.py:190} INFO - [2026-07-01T09:21:52.310+0000] {dag.py:3211} INFO - Sync 2 DAGs
[2026-07-01T09:21:52.326+0000] {logging_mixin.py:190} INFO - [2026-07-01T09:21:52.326+0000] {dag.py:4138} INFO - Setting next_dagrun for read_dataset_event to 2026-06-30 00:00:00+00:00, run_after=2026-07-01 00:00:00+00:00
[2026-07-01T09:21:52.329+0000] {logging_mixin.py:190} INFO - [2026-07-01T09:21:52.329+0000] {dag.py:4138} INFO - Setting next_dagrun for read_dataset_event_from_classic to 2026-06-30 00:00:00+00:00, run_after=2026-07-01 00:00:00+00:00
[2026-07-01T09:21:52.339+0000] {processor.py:208} INFO - Processing /home/airflow/.local/lib/python3.12/site-packages/airflow/example_dags/example_inlet_event_extra.py took 0.134 seconds
[2026-07-01T09:22:22.488+0000] {processor.py:186} INFO - Started process (PID=1631) to work on /home/airflow/.local/lib/python3.12/site-packages/airflow/example_dags/example_inlet_event_extra.py
[2026-07-01T09:22:22.490+0000] {processor.py:914} INFO - Processing file /home/airflow/.local/lib/python3.12/site-packages/airflow/example_dags/example_inlet_event_extra.py for tasks to queue
[2026-07-01T09:22:22.493+0000] {logging_mixin.py:190} INFO - [2026-07-01T09:22:22.492+0000] {dagbag.py:587} INFO - Filling up the DagBag from /home/airflow/.local/lib/python3.12/site-packages/airflow/example_dags/example_inlet_event_extra.py
[2026-07-01T09:22:22.613+0000] {processor.py:925} INFO - DAG(s) 'read_dataset_event_from_classic', 'read_dataset_event' retrieved from /home/airflow/.local/lib/python3.12/site-packages/airflow/example_dags/example_inlet_event_extra.py
[2026-07-01T09:22:22.635+0000] {logging_mixin.py:190} INFO - [2026-07-01T09:22:22.634+0000] {dag.py:3211} INFO - Sync 2 DAGs
[2026-07-01T09:22:22.658+0000] {logging_mixin.py:190} INFO - [2026-07-01T09:22:22.657+0000] {dag.py:4138} INFO - Setting next_dagrun for read_dataset_event to 2026-06-30 00:00:00+00:00, run_after=2026-07-01 00:00:00+00:00
[2026-07-01T09:22:22.662+0000] {logging_mixin.py:190} INFO - [2026-07-01T09:22:22.662+0000] {dag.py:4138} INFO - Setting next_dagrun for read_dataset_event_from_classic to 2026-06-30 00:00:00+00:00, run_after=2026-07-01 00:00:00+00:00
[2026-07-01T09:22:22.677+0000] {processor.py:208} INFO - Processing /home/airflow/.local/lib/python3.12/site-packages/airflow/example_dags/example_inlet_event_extra.py took 0.194 seconds
[2026-07-01T09:22:53.412+0000] {processor.py:186} INFO - Started process (PID=1693) to work on /home/airflow/.local/lib/python3.12/site-packages/airflow/example_dags/example_inlet_event_extra.py
[2026-07-01T09:22:53.413+0000] {processor.py:914} INFO - Processing file /home/airflow/.local/lib/python3.12/site-packages/airflow/example_dags/example_inlet_event_extra.py for tasks to queue
[2026-07-01T09:22:53.415+0000] {logging_mixin.py:190} INFO - [2026-07-01T09:22:53.415+0000] {dagbag.py:587} INFO - Filling up the DagBag from /home/airflow/.local/lib/python3.12/site-packages/airflow/example_dags/example_inlet_event_extra.py
[2026-07-01T09:22:53.519+0000] {processor.py:925} INFO - DAG(s) 'read_dataset_event', 'read_dataset_event_from_classic' retrieved from /home/airflow/.local/lib/python3.12/site-packages/airflow/example_dags/example_inlet_event_extra.py
[2026-07-01T09:22:53.533+0000] {logging_mixin.py:190} INFO - [2026-07-01T09:22:53.533+0000] {dag.py:3211} INFO - Sync 2 DAGs
[2026-07-01T09:22:53.548+0000] {logging_mixin.py:190} INFO - [2026-07-01T09:22:53.548+0000] {dag.py:4138} INFO - Setting next_dagrun for read_dataset_event to 2026-06-30 00:00:00+00:00, run_after=2026-07-01 00:00:00+00:00
[2026-07-01T09:22:53.551+0000] {logging_mixin.py:190} INFO - [2026-07-01T09:22:53.551+0000] {dag.py:4138} INFO - Setting next_dagrun for read_dataset_event_from_classic to 2026-06-30 00:00:00+00:00, run_after=2026-07-01 00:00:00+00:00
[2026-07-01T09:22:53.563+0000] {processor.py:208} INFO - Processing /home/airflow/.local/lib/python3.12/site-packages/airflow/example_dags/example_inlet_event_extra.py took 0.157 seconds
[2026-07-01T09:23:23.728+0000] {processor.py:186} INFO - Started process (PID=1754) to work on /home/airflow/.local/lib/python3.12/site-packages/airflow/example_dags/example_inlet_event_extra.py
[2026-07-01T09:23:23.728+0000] {processor.py:914} INFO - Processing file /home/airflow/.local/lib/python3.12/site-packages/airflow/example_dags/example_inlet_event_extra.py for tasks to queue
[2026-07-01T09:23:23.730+0000] {logging_mixin.py:190} INFO - [2026-07-01T09:23:23.730+0000] {dagbag.py:587} INFO - Filling up the DagBag from /home/airflow/.local/lib/python3.12/site-packages/airflow/example_dags/example_inlet_event_extra.py
[2026-07-01T09:23:23.823+0000] {processor.py:925} INFO - DAG(s) 'read_dataset_event', 'read_dataset_event_from_classic' retrieved from /home/airflow/.local/lib/python3.12/site-packages/airflow/example_dags/example_inlet_event_extra.py
[2026-07-01T09:23:23.837+0000] {logging_mixin.py:190} INFO - [2026-07-01T09:23:23.837+0000] {dag.py:3211} INFO - Sync 2 DAGs
[2026-07-01T09:23:23.852+0000] {logging_mixin.py:190} INFO - [2026-07-01T09:23:23.852+0000] {dag.py:4138} INFO - Setting next_dagrun for read_dataset_event to 2026-06-30 00:00:00+00:00, run_after=2026-07-01 00:00:00+00:00
[2026-07-01T09:23:23.855+0000] {logging_mixin.py:190} INFO - [2026-07-01T09:23:23.855+0000] {dag.py:4138} INFO - Setting next_dagrun for read_dataset_event_from_classic to 2026-06-30 00:00:00+00:00, run_after=2026-07-01 00:00:00+00:00
[2026-07-01T09:23:23.865+0000] {processor.py:208} INFO - Processing /home/airflow/.local/lib/python3.12/site-packages/airflow/example_dags/example_inlet_event_extra.py took 0.142 seconds
[2026-07-01T09:23:54.136+0000] {processor.py:186} INFO - Started process (PID=1816) to work on /home/airflow/.local/lib/python3.12/site-packages/airflow/example_dags/example_inlet_event_extra.py
[2026-07-01T09:23:54.137+0000] {processor.py:914} INFO - Processing file /home/airflow/.local/lib/python3.12/site-packages/airflow/example_dags/example_inlet_event_extra.py for tasks to queue
[2026-07-01T09:23:54.140+0000] {logging_mixin.py:190} INFO - [2026-07-01T09:23:54.140+0000] {dagbag.py:587} INFO - Filling up the DagBag from /home/airflow/.local/lib/python3.12/site-packages/airflow/example_dags/example_inlet_event_extra.py
[2026-07-01T09:23:54.238+0000] {processor.py:925} INFO - DAG(s) 'read_dataset_event_from_classic', 'read_dataset_event' retrieved from /home/airflow/.local/lib/python3.12/site-packages/airflow/example_dags/example_inlet_event_extra.py
[2026-07-01T09:23:54.253+0000] {logging_mixin.py:190} INFO - [2026-07-01T09:23:54.253+0000] {dag.py:3211} INFO - Sync 2 DAGs
[2026-07-01T09:23:54.270+0000] {logging_mixin.py:190} INFO - [2026-07-01T09:23:54.269+0000] {dag.py:4138} INFO - Setting next_dagrun for read_dataset_event to 2026-06-30 00:00:00+00:00, run_after=2026-07-01 00:00:00+00:00
[2026-07-01T09:23:54.273+0000] {logging_mixin.py:190} INFO - [2026-07-01T09:23:54.273+0000] {dag.py:4138} INFO - Setting next_dagrun for read_dataset_event_from_classic to 2026-06-30 00:00:00+00:00, run_after=2026-07-01 00:00:00+00:00
[2026-07-01T09:23:54.283+0000] {processor.py:208} INFO - Processing /home/airflow/.local/lib/python3.12/site-packages/airflow/example_dags/example_inlet_event_extra.py took 0.151 seconds
[2026-07-01T09:24:24.391+0000] {processor.py:186} INFO - Started process (PID=1878) to work on /home/airflow/.local/lib/python3.12/site-packages/airflow/example_dags/example_inlet_event_extra.py
[2026-07-01T09:24:24.392+0000] {processor.py:914} INFO - Processing file /home/airflow/.local/lib/python3.12/site-packages/airflow/example_dags/example_inlet_event_extra.py for tasks to queue
[2026-07-01T09:24:24.393+0000] {logging_mixin.py:190} INFO - [2026-07-01T09:24:24.393+0000] {dagbag.py:587} INFO - Filling up the DagBag from /home/airflow/.local/lib/python3.12/site-packages/airflow/example_dags/example_inlet_event_extra.py
[2026-07-01T09:24:24.484+0000] {processor.py:925} INFO - DAG(s) 'read_dataset_event', 'read_dataset_event_from_classic' retrieved from /home/airflow/.local/lib/python3.12/site-packages/airflow/example_dags/example_inlet_event_extra.py
[2026-07-01T09:24:24.498+0000] {logging_mixin.py:190} INFO - [2026-07-01T09:24:24.498+0000] {dag.py:3211} INFO - Sync 2 DAGs
[2026-07-01T09:24:24.513+0000] {logging_mixin.py:190} INFO - [2026-07-01T09:24:24.513+0000] {dag.py:4138} INFO - Setting next_dagrun for read_dataset_event to 2026-06-30 00:00:00+00:00, run_after=2026-07-01 00:00:00+00:00
[2026-07-01T09:24:24.516+0000] {logging_mixin.py:190} INFO - [2026-07-01T09:24:24.516+0000] {dag.py:4138} INFO - Setting next_dagrun for read_dataset_event_from_classic to 2026-06-30 00:00:00+00:00, run_after=2026-07-01 00:00:00+00:00
[2026-07-01T09:24:24.526+0000] {processor.py:208} INFO - Processing /home/airflow/.local/lib/python3.12/site-packages/airflow/example_dags/example_inlet_event_extra.py took 0.139 seconds
[2026-07-01T09:24:54.578+0000] {processor.py:186} INFO - Started process (PID=1940) to work on /home/airflow/.local/lib/python3.12/site-packages/airflow/example_dags/example_inlet_event_extra.py
[2026-07-01T09:24:54.579+0000] {processor.py:914} INFO - Processing file /home/airflow/.local/lib/python3.12/site-packages/airflow/example_dags/example_inlet_event_extra.py for tasks to queue
[2026-07-01T09:24:54.581+0000] {logging_mixin.py:190} INFO - [2026-07-01T09:24:54.580+0000] {dagbag.py:587} INFO - Filling up the DagBag from /home/airflow/.local/lib/python3.12/site-packages/airflow/example_dags/example_inlet_event_extra.py
[2026-07-01T09:24:54.670+0000] {processor.py:925} INFO - DAG(s) 'read_dataset_event', 'read_dataset_event_from_classic' retrieved from /home/airflow/.local/lib/python3.12/site-packages/airflow/example_dags/example_inlet_event_extra.py
[2026-07-01T09:24:54.815+0000] {logging_mixin.py:190} INFO - [2026-07-01T09:24:54.814+0000] {dag.py:3211} INFO - Sync 2 DAGs
[2026-07-01T09:24:54.829+0000] {logging_mixin.py:190} INFO - [2026-07-01T09:24:54.828+0000] {dag.py:4138} INFO - Setting next_dagrun for read_dataset_event to 2026-06-30 00:00:00+00:00, run_after=2026-07-01 00:00:00+00:00
[2026-07-01T09:24:54.833+0000] {logging_mixin.py:190} INFO - [2026-07-01T09:24:54.833+0000] {dag.py:4138} INFO - Setting next_dagrun for read_dataset_event_from_classic to 2026-06-30 00:00:00+00:00, run_after=2026-07-01 00:00:00+00:00
[2026-07-01T09:24:54.844+0000] {processor.py:208} INFO - Processing /home/airflow/.local/lib/python3.12/site-packages/airflow/example_dags/example_inlet_event_extra.py took 0.271 seconds
[2026-07-01T09:25:24.922+0000] {processor.py:186} INFO - Started process (PID=2005) to work on /home/airflow/.local/lib/python3.12/site-packages/airflow/example_dags/example_inlet_event_extra.py
[2026-07-01T09:25:24.925+0000] {processor.py:914} INFO - Processing file /home/airflow/.local/lib/python3.12/site-packages/airflow/example_dags/example_inlet_event_extra.py for tasks to queue
[2026-07-01T09:25:24.927+0000] {logging_mixin.py:190} INFO - [2026-07-01T09:25:24.927+0000] {dagbag.py:587} INFO - Filling up the DagBag from /home/airflow/.local/lib/python3.12/site-packages/airflow/example_dags/example_inlet_event_extra.py
[2026-07-01T09:25:25.026+0000] {processor.py:925} INFO - DAG(s) 'read_dataset_event_from_classic', 'read_dataset_event' retrieved from /home/airflow/.local/lib/python3.12/site-packages/airflow/example_dags/example_inlet_event_extra.py
[2026-07-01T09:25:25.044+0000] {logging_mixin.py:190} INFO - [2026-07-01T09:25:25.044+0000] {dag.py:3211} INFO - Sync 2 DAGs
[2026-07-01T09:25:25.196+0000] {logging_mixin.py:190} INFO - [2026-07-01T09:25:25.196+0000] {dag.py:4138} INFO - Setting next_dagrun for read_dataset_event to 2026-06-30 00:00:00+00:00, run_after=2026-07-01 00:00:00+00:00
[2026-07-01T09:25:25.200+0000] {logging_mixin.py:190} INFO - [2026-07-01T09:25:25.199+0000] {dag.py:4138} INFO - Setting next_dagrun for read_dataset_event_from_classic to 2026-06-30 00:00:00+00:00, run_after=2026-07-01 00:00:00+00:00
[2026-07-01T09:25:25.210+0000] {processor.py:208} INFO - Processing /home/airflow/.local/lib/python3.12/site-packages/airflow/example_dags/example_inlet_event_extra.py took 0.292 seconds
[2026-07-01T09:30:07.582+0000] {processor.py:186} INFO - Started process (PID=2059) to work on /home/airflow/.local/lib/python3.12/site-packages/airflow/example_dags/example_inlet_event_extra.py
[2026-07-01T09:30:07.583+0000] {processor.py:914} INFO - Processing file /home/airflow/.local/lib/python3.12/site-packages/airflow/example_dags/example_inlet_event_extra.py for tasks to queue
[2026-07-01T09:30:07.585+0000] {logging_mixin.py:190} INFO - [2026-07-01T09:30:07.584+0000] {dagbag.py:587} INFO - Filling up the DagBag from /home/airflow/.local/lib/python3.12/site-packages/airflow/example_dags/example_inlet_event_extra.py
[2026-07-01T09:30:07.680+0000] {processor.py:925} INFO - DAG(s) 'read_dataset_event', 'read_dataset_event_from_classic' retrieved from /home/airflow/.local/lib/python3.12/site-packages/airflow/example_dags/example_inlet_event_extra.py
[2026-07-01T09:30:07.697+0000] {logging_mixin.py:190} INFO - [2026-07-01T09:30:07.697+0000] {dag.py:3211} INFO - Sync 2 DAGs
[2026-07-01T09:30:07.847+0000] {logging_mixin.py:190} INFO - [2026-07-01T09:30:07.846+0000] {dag.py:4138} INFO - Setting next_dagrun for read_dataset_event to 2026-06-30 00:00:00+00:00, run_after=2026-07-01 00:00:00+00:00
[2026-07-01T09:30:07.850+0000] {logging_mixin.py:190} INFO - [2026-07-01T09:30:07.850+0000] {dag.py:4138} INFO - Setting next_dagrun for read_dataset_event_from_classic to 2026-06-30 00:00:00+00:00, run_after=2026-07-01 00:00:00+00:00
[2026-07-01T09:30:07.861+0000] {processor.py:208} INFO - Processing /home/airflow/.local/lib/python3.12/site-packages/airflow/example_dags/example_inlet_event_extra.py took 0.284 seconds
[2026-07-01T09:30:38.213+0000] {processor.py:186} INFO - Started process (PID=2121) to work on /home/airflow/.local/lib/python3.12/site-packages/airflow/example_dags/example_inlet_event_extra.py
[2026-07-01T09:30:38.214+0000] {processor.py:914} INFO - Processing file /home/airflow/.local/lib/python3.12/site-packages/airflow/example_dags/example_inlet_event_extra.py for tasks to queue
[2026-07-01T09:30:38.217+0000] {logging_mixin.py:190} INFO - [2026-07-01T09:30:38.217+0000] {dagbag.py:587} INFO - Filling up the DagBag from /home/airflow/.local/lib/python3.12/site-packages/airflow/example_dags/example_inlet_event_extra.py
[2026-07-01T09:30:38.325+0000] {processor.py:925} INFO - DAG(s) 'read_dataset_event', 'read_dataset_event_from_classic' retrieved from /home/airflow/.local/lib/python3.12/site-packages/airflow/example_dags/example_inlet_event_extra.py
[2026-07-01T09:30:38.344+0000] {logging_mixin.py:190} INFO - [2026-07-01T09:30:38.344+0000] {dag.py:3211} INFO - Sync 2 DAGs
[2026-07-01T09:30:38.363+0000] {logging_mixin.py:190} INFO - [2026-07-01T09:30:38.363+0000] {dag.py:4138} INFO - Setting next_dagrun for read_dataset_event to 2026-06-30 00:00:00+00:00, run_after=2026-07-01 00:00:00+00:00
[2026-07-01T09:30:38.367+0000] {logging_mixin.py:190} INFO - [2026-07-01T09:30:38.366+0000] {dag.py:4138} INFO - Setting next_dagrun for read_dataset_event_from_classic to 2026-06-30 00:00:00+00:00, run_after=2026-07-01 00:00:00+00:00
[2026-07-01T09:30:38.517+0000] {processor.py:208} INFO - Processing /home/airflow/.local/lib/python3.12/site-packages/airflow/example_dags/example_inlet_event_extra.py took 0.309 seconds
[2026-07-01T09:31:08.796+0000] {processor.py:186} INFO - Started process (PID=2184) to work on /home/airflow/.local/lib/python3.12/site-packages/airflow/example_dags/example_inlet_event_extra.py
[2026-07-01T09:31:08.797+0000] {processor.py:914} INFO - Processing file /home/airflow/.local/lib/python3.12/site-packages/airflow/example_dags/example_inlet_event_extra.py for tasks to queue
[2026-07-01T09:31:08.800+0000] {logging_mixin.py:190} INFO - [2026-07-01T09:31:08.800+0000] {dagbag.py:587} INFO - Filling up the DagBag from /home/airflow/.local/lib/python3.12/site-packages/airflow/example_dags/example_inlet_event_extra.py
[2026-07-01T09:31:08.891+0000] {processor.py:925} INFO - DAG(s) 'read_dataset_event_from_classic', 'read_dataset_event' retrieved from /home/airflow/.local/lib/python3.12/site-packages/airflow/example_dags/example_inlet_event_extra.py
[2026-07-01T09:31:08.905+0000] {logging_mixin.py:190} INFO - [2026-07-01T09:31:08.905+0000] {dag.py:3211} INFO - Sync 2 DAGs
[2026-07-01T09:31:08.920+0000] {logging_mixin.py:190} INFO - [2026-07-01T09:31:08.920+0000] {dag.py:4138} INFO - Setting next_dagrun for read_dataset_event to 2026-06-30 00:00:00+00:00, run_after=2026-07-01 00:00:00+00:00
[2026-07-01T09:31:08.923+0000] {logging_mixin.py:190} INFO - [2026-07-01T09:31:08.923+0000] {dag.py:4138} INFO - Setting next_dagrun for read_dataset_event_from_classic to 2026-06-30 00:00:00+00:00, run_after=2026-07-01 00:00:00+00:00
[2026-07-01T09:31:08.935+0000] {processor.py:208} INFO - Processing /home/airflow/.local/lib/python3.12/site-packages/airflow/example_dags/example_inlet_event_extra.py took 0.143 seconds
[2026-07-01T09:31:39.262+0000] {processor.py:186} INFO - Started process (PID=2247) to work on /home/airflow/.local/lib/python3.12/site-packages/airflow/example_dags/example_inlet_event_extra.py
[2026-07-01T09:31:39.263+0000] {processor.py:914} INFO - Processing file /home/airflow/.local/lib/python3.12/site-packages/airflow/example_dags/example_inlet_event_extra.py for tasks to queue
[2026-07-01T09:31:39.264+0000] {logging_mixin.py:190} INFO - [2026-07-01T09:31:39.264+0000] {dagbag.py:587} INFO - Filling up the DagBag from /home/airflow/.local/lib/python3.12/site-packages/airflow/example_dags/example_inlet_event_extra.py
[2026-07-01T09:31:39.499+0000] {processor.py:925} INFO - DAG(s) 'read_dataset_event_from_classic', 'read_dataset_event' retrieved from /home/airflow/.local/lib/python3.12/site-packages/airflow/example_dags/example_inlet_event_extra.py
[2026-07-01T09:31:39.511+0000] {logging_mixin.py:190} INFO - [2026-07-01T09:31:39.511+0000] {dag.py:3211} INFO - Sync 2 DAGs
[2026-07-01T09:31:39.524+0000] {logging_mixin.py:190} INFO - [2026-07-01T09:31:39.524+0000] {dag.py:4138} INFO - Setting next_dagrun for read_dataset_event to 2026-06-30 00:00:00+00:00, run_after=2026-07-01 00:00:00+00:00
[2026-07-01T09:31:39.527+0000] {logging_mixin.py:190} INFO - [2026-07-01T09:31:39.527+0000] {dag.py:4138} INFO - Setting next_dagrun for read_dataset_event_from_classic to 2026-06-30 00:00:00+00:00, run_after=2026-07-01 00:00:00+00:00
[2026-07-01T09:31:39.537+0000] {processor.py:208} INFO - Processing /home/airflow/.local/lib/python3.12/site-packages/airflow/example_dags/example_inlet_event_extra.py took 0.279 seconds
[2026-07-01T09:32:09.743+0000] {processor.py:186} INFO - Started process (PID=2310) to work on /home/airflow/.local/lib/python3.12/site-packages/airflow/example_dags/example_inlet_event_extra.py
[2026-07-01T09:32:09.744+0000] {processor.py:914} INFO - Processing file /home/airflow/.local/lib/python3.12/site-packages/airflow/example_dags/example_inlet_event_extra.py for tasks to queue
[2026-07-01T09:32:09.746+0000] {logging_mixin.py:190} INFO - [2026-07-01T09:32:09.745+0000] {dagbag.py:587} INFO - Filling up the DagBag from /home/airflow/.local/lib/python3.12/site-packages/airflow/example_dags/example_inlet_event_extra.py
[2026-07-01T09:32:09.966+0000] {processor.py:925} INFO - DAG(s) 'read_dataset_event', 'read_dataset_event_from_classic' retrieved from /home/airflow/.local/lib/python3.12/site-packages/airflow/example_dags/example_inlet_event_extra.py
[2026-07-01T09:32:09.978+0000] {logging_mixin.py:190} INFO - [2026-07-01T09:32:09.978+0000] {dag.py:3211} INFO - Sync 2 DAGs
[2026-07-01T09:32:09.991+0000] {logging_mixin.py:190} INFO - [2026-07-01T09:32:09.991+0000] {dag.py:4138} INFO - Setting next_dagrun for read_dataset_event to 2026-06-30 00:00:00+00:00, run_after=2026-07-01 00:00:00+00:00
[2026-07-01T09:32:09.995+0000] {logging_mixin.py:190} INFO - [2026-07-01T09:32:09.995+0000] {dag.py:4138} INFO - Setting next_dagrun for read_dataset_event_from_classic to 2026-06-30 00:00:00+00:00, run_after=2026-07-01 00:00:00+00:00
[2026-07-01T09:32:10.007+0000] {processor.py:208} INFO - Processing /home/airflow/.local/lib/python3.12/site-packages/airflow/example_dags/example_inlet_event_extra.py took 0.268 seconds
[2026-07-01T09:32:40.276+0000] {processor.py:186} INFO - Started process (PID=2374) to work on /home/airflow/.local/lib/python3.12/site-packages/airflow/example_dags/example_inlet_event_extra.py
[2026-07-01T09:32:40.277+0000] {processor.py:914} INFO - Processing file /home/airflow/.local/lib/python3.12/site-packages/airflow/example_dags/example_inlet_event_extra.py for tasks to queue
[2026-07-01T09:32:40.279+0000] {logging_mixin.py:190} INFO - [2026-07-01T09:32:40.279+0000] {dagbag.py:587} INFO - Filling up the DagBag from /home/airflow/.local/lib/python3.12/site-packages/airflow/example_dags/example_inlet_event_extra.py
[2026-07-01T09:32:40.560+0000] {processor.py:925} INFO - DAG(s) 'read_dataset_event', 'read_dataset_event_from_classic' retrieved from /home/airflow/.local/lib/python3.12/site-packages/airflow/example_dags/example_inlet_event_extra.py
[2026-07-01T09:32:40.578+0000] {logging_mixin.py:190} INFO - [2026-07-01T09:32:40.578+0000] {dag.py:3211} INFO - Sync 2 DAGs
[2026-07-01T09:32:40.595+0000] {logging_mixin.py:190} INFO - [2026-07-01T09:32:40.594+0000] {dag.py:4138} INFO - Setting next_dagrun for read_dataset_event to 2026-06-30 00:00:00+00:00, run_after=2026-07-01 00:00:00+00:00
[2026-07-01T09:32:40.598+0000] {logging_mixin.py:190} INFO - [2026-07-01T09:32:40.598+0000] {dag.py:4138} INFO - Setting next_dagrun for read_dataset_event_from_classic to 2026-06-30 00:00:00+00:00, run_after=2026-07-01 00:00:00+00:00
[2026-07-01T09:32:40.610+0000] {processor.py:208} INFO - Processing /home/airflow/.local/lib/python3.12/site-packages/airflow/example_dags/example_inlet_event_extra.py took 0.340 seconds
[2026-07-01T09:33:10.694+0000] {processor.py:186} INFO - Started process (PID=2436) to work on /home/airflow/.local/lib/python3.12/site-packages/airflow/example_dags/example_inlet_event_extra.py
[2026-07-01T09:33:10.695+0000] {processor.py:914} INFO - Processing file /home/airflow/.local/lib/python3.12/site-packages/airflow/example_dags/example_inlet_event_extra.py for tasks to queue
[2026-07-01T09:33:10.696+0000] {logging_mixin.py:190} INFO - [2026-07-01T09:33:10.696+0000] {dagbag.py:587} INFO - Filling up the DagBag from /home/airflow/.local/lib/python3.12/site-packages/airflow/example_dags/example_inlet_event_extra.py
[2026-07-01T09:33:10.904+0000] {processor.py:925} INFO - DAG(s) 'read_dataset_event_from_classic', 'read_dataset_event' retrieved from /home/airflow/.local/lib/python3.12/site-packages/airflow/example_dags/example_inlet_event_extra.py
[2026-07-01T09:33:10.916+0000] {logging_mixin.py:190} INFO - [2026-07-01T09:33:10.916+0000] {dag.py:3211} INFO - Sync 2 DAGs
[2026-07-01T09:33:10.928+0000] {logging_mixin.py:190} INFO - [2026-07-01T09:33:10.928+0000] {dag.py:4138} INFO - Setting next_dagrun for read_dataset_event to 2026-06-30 00:00:00+00:00, run_after=2026-07-01 00:00:00+00:00
[2026-07-01T09:33:10.931+0000] {logging_mixin.py:190} INFO - [2026-07-01T09:33:10.931+0000] {dag.py:4138} INFO - Setting next_dagrun for read_dataset_event_from_classic to 2026-06-30 00:00:00+00:00, run_after=2026-07-01 00:00:00+00:00
[2026-07-01T09:33:10.940+0000] {processor.py:208} INFO - Processing /home/airflow/.local/lib/python3.12/site-packages/airflow/example_dags/example_inlet_event_extra.py took 0.251 seconds
[2026-07-01T09:33:41.432+0000] {processor.py:186} INFO - Started process (PID=2498) to work on /home/airflow/.local/lib/python3.12/site-packages/airflow/example_dags/example_inlet_event_extra.py
[2026-07-01T09:33:41.433+0000] {processor.py:914} INFO - Processing file /home/airflow/.local/lib/python3.12/site-packages/airflow/example_dags/example_inlet_event_extra.py for tasks to queue
[2026-07-01T09:33:41.436+0000] {logging_mixin.py:190} INFO - [2026-07-01T09:33:41.436+0000] {dagbag.py:587} INFO - Filling up the DagBag from /home/airflow/.local/lib/python3.12/site-packages/airflow/example_dags/example_inlet_event_extra.py
[2026-07-01T09:33:41.691+0000] {processor.py:925} INFO - DAG(s) 'read_dataset_event', 'read_dataset_event_from_classic' retrieved from /home/airflow/.local/lib/python3.12/site-packages/airflow/example_dags/example_inlet_event_extra.py
[2026-07-01T09:33:41.707+0000] {logging_mixin.py:190} INFO - [2026-07-01T09:33:41.707+0000] {dag.py:3211} INFO - Sync 2 DAGs
[2026-07-01T09:33:41.728+0000] {logging_mixin.py:190} INFO - [2026-07-01T09:33:41.727+0000] {dag.py:4138} INFO - Setting next_dagrun for read_dataset_event to 2026-06-30 00:00:00+00:00, run_after=2026-07-01 00:00:00+00:00
[2026-07-01T09:33:41.732+0000] {logging_mixin.py:190} INFO - [2026-07-01T09:33:41.731+0000] {dag.py:4138} INFO - Setting next_dagrun for read_dataset_event_from_classic to 2026-06-30 00:00:00+00:00, run_after=2026-07-01 00:00:00+00:00
[2026-07-01T09:33:41.744+0000] {processor.py:208} INFO - Processing /home/airflow/.local/lib/python3.12/site-packages/airflow/example_dags/example_inlet_event_extra.py took 0.317 seconds
[2026-07-01T09:34:12.232+0000] {processor.py:186} INFO - Started process (PID=2557) to work on /home/airflow/.local/lib/python3.12/site-packages/airflow/example_dags/example_inlet_event_extra.py
[2026-07-01T09:34:12.233+0000] {processor.py:914} INFO - Processing file /home/airflow/.local/lib/python3.12/site-packages/airflow/example_dags/example_inlet_event_extra.py for tasks to queue
[2026-07-01T09:34:12.235+0000] {logging_mixin.py:190} INFO - [2026-07-01T09:34:12.235+0000] {dagbag.py:587} INFO - Filling up the DagBag from /home/airflow/.local/lib/python3.12/site-packages/airflow/example_dags/example_inlet_event_extra.py
[2026-07-01T09:34:12.497+0000] {processor.py:925} INFO - DAG(s) 'read_dataset_event', 'read_dataset_event_from_classic' retrieved from /home/airflow/.local/lib/python3.12/site-packages/airflow/example_dags/example_inlet_event_extra.py
[2026-07-01T09:34:12.511+0000] {logging_mixin.py:190} INFO - [2026-07-01T09:34:12.511+0000] {dag.py:3211} INFO - Sync 2 DAGs
[2026-07-01T09:34:12.527+0000] {logging_mixin.py:190} INFO - [2026-07-01T09:34:12.526+0000] {dag.py:4138} INFO - Setting next_dagrun for read_dataset_event to 2026-06-30 00:00:00+00:00, run_after=2026-07-01 00:00:00+00:00
[2026-07-01T09:34:12.530+0000] {logging_mixin.py:190} INFO - [2026-07-01T09:34:12.530+0000] {dag.py:4138} INFO - Setting next_dagrun for read_dataset_event_from_classic to 2026-06-30 00:00:00+00:00, run_after=2026-07-01 00:00:00+00:00
[2026-07-01T09:34:12.541+0000] {processor.py:208} INFO - Processing /home/airflow/.local/lib/python3.12/site-packages/airflow/example_dags/example_inlet_event_extra.py took 0.314 seconds
[2026-07-01T09:34:43.043+0000] {processor.py:186} INFO - Started process (PID=2617) to work on /home/airflow/.local/lib/python3.12/site-packages/airflow/example_dags/example_inlet_event_extra.py
[2026-07-01T09:34:43.044+0000] {processor.py:914} INFO - Processing file /home/airflow/.local/lib/python3.12/site-packages/airflow/example_dags/example_inlet_event_extra.py for tasks to queue
[2026-07-01T09:34:43.047+0000] {logging_mixin.py:190} INFO - [2026-07-01T09:34:43.046+0000] {dagbag.py:587} INFO - Filling up the DagBag from /home/airflow/.local/lib/python3.12/site-packages/airflow/example_dags/example_inlet_event_extra.py
[2026-07-01T09:34:43.301+0000] {processor.py:925} INFO - DAG(s) 'read_dataset_event_from_classic', 'read_dataset_event' retrieved from /home/airflow/.local/lib/python3.12/site-packages/airflow/example_dags/example_inlet_event_extra.py
[2026-07-01T09:34:43.315+0000] {logging_mixin.py:190} INFO - [2026-07-01T09:34:43.315+0000] {dag.py:3211} INFO - Sync 2 DAGs
[2026-07-01T09:34:43.331+0000] {logging_mixin.py:190} INFO - [2026-07-01T09:34:43.331+0000] {dag.py:4138} INFO - Setting next_dagrun for read_dataset_event to 2026-06-30 00:00:00+00:00, run_after=2026-07-01 00:00:00+00:00
[2026-07-01T09:34:43.335+0000] {logging_mixin.py:190} INFO - [2026-07-01T09:34:43.335+0000] {dag.py:4138} INFO - Setting next_dagrun for read_dataset_event_from_classic to 2026-06-30 00:00:00+00:00, run_after=2026-07-01 00:00:00+00:00
[2026-07-01T09:34:43.347+0000] {processor.py:208} INFO - Processing /home/airflow/.local/lib/python3.12/site-packages/airflow/example_dags/example_inlet_event_extra.py took 0.309 seconds
[2026-07-01T09:35:13.535+0000] {processor.py:186} INFO - Started process (PID=2679) to work on /home/airflow/.local/lib/python3.12/site-packages/airflow/example_dags/example_inlet_event_extra.py
[2026-07-01T09:35:13.536+0000] {processor.py:914} INFO - Processing file /home/airflow/.local/lib/python3.12/site-packages/airflow/example_dags/example_inlet_event_extra.py for tasks to queue
[2026-07-01T09:35:13.539+0000] {logging_mixin.py:190} INFO - [2026-07-01T09:35:13.538+0000] {dagbag.py:587} INFO - Filling up the DagBag from /home/airflow/.local/lib/python3.12/site-packages/airflow/example_dags/example_inlet_event_extra.py
[2026-07-01T09:35:13.776+0000] {processor.py:925} INFO - DAG(s) 'read_dataset_event', 'read_dataset_event_from_classic' retrieved from /home/airflow/.local/lib/python3.12/site-packages/airflow/example_dags/example_inlet_event_extra.py
[2026-07-01T09:35:13.789+0000] {logging_mixin.py:190} INFO - [2026-07-01T09:35:13.789+0000] {dag.py:3211} INFO - Sync 2 DAGs
[2026-07-01T09:35:13.804+0000] {logging_mixin.py:190} INFO - [2026-07-01T09:35:13.804+0000] {dag.py:4138} INFO - Setting next_dagrun for read_dataset_event to 2026-06-30 00:00:00+00:00, run_after=2026-07-01 00:00:00+00:00
[2026-07-01T09:35:13.807+0000] {logging_mixin.py:190} INFO - [2026-07-01T09:35:13.807+0000] {dag.py:4138} INFO - Setting next_dagrun for read_dataset_event_from_classic to 2026-06-30 00:00:00+00:00, run_after=2026-07-01 00:00:00+00:00
[2026-07-01T09:35:13.817+0000] {processor.py:208} INFO - Processing /home/airflow/.local/lib/python3.12/site-packages/airflow/example_dags/example_inlet_event_extra.py took 0.288 seconds
[2026-07-01T09:35:44.156+0000] {processor.py:186} INFO - Started process (PID=2741) to work on /home/airflow/.local/lib/python3.12/site-packages/airflow/example_dags/example_inlet_event_extra.py
[2026-07-01T09:35:44.157+0000] {processor.py:914} INFO - Processing file /home/airflow/.local/lib/python3.12/site-packages/airflow/example_dags/example_inlet_event_extra.py for tasks to queue
[2026-07-01T09:35:44.159+0000] {logging_mixin.py:190} INFO - [2026-07-01T09:35:44.158+0000] {dagbag.py:587} INFO - Filling up the DagBag from /home/airflow/.local/lib/python3.12/site-packages/airflow/example_dags/example_inlet_event_extra.py
[2026-07-01T09:35:44.419+0000] {processor.py:925} INFO - DAG(s) 'read_dataset_event_from_classic', 'read_dataset_event' retrieved from /home/airflow/.local/lib/python3.12/site-packages/airflow/example_dags/example_inlet_event_extra.py
[2026-07-01T09:35:44.435+0000] {logging_mixin.py:190} INFO - [2026-07-01T09:35:44.435+0000] {dag.py:3211} INFO - Sync 2 DAGs
[2026-07-01T09:35:44.452+0000] {logging_mixin.py:190} INFO - [2026-07-01T09:35:44.452+0000] {dag.py:4138} INFO - Setting next_dagrun for read_dataset_event to 2026-06-30 00:00:00+00:00, run_after=2026-07-01 00:00:00+00:00
[2026-07-01T09:35:44.456+0000] {logging_mixin.py:190} INFO - [2026-07-01T09:35:44.456+0000] {dag.py:4138} INFO - Setting next_dagrun for read_dataset_event_from_classic to 2026-06-30 00:00:00+00:00, run_after=2026-07-01 00:00:00+00:00
[2026-07-01T09:35:44.469+0000] {processor.py:208} INFO - Processing /home/airflow/.local/lib/python3.12/site-packages/airflow/example_dags/example_inlet_event_extra.py took 0.319 seconds
[2026-07-01T09:36:14.677+0000] {processor.py:186} INFO - Started process (PID=2803) to work on /home/airflow/.local/lib/python3.12/site-packages/airflow/example_dags/example_inlet_event_extra.py
[2026-07-01T09:36:14.680+0000] {processor.py:914} INFO - Processing file /home/airflow/.local/lib/python3.12/site-packages/airflow/example_dags/example_inlet_event_extra.py for tasks to queue
[2026-07-01T09:36:14.685+0000] {logging_mixin.py:190} INFO - [2026-07-01T09:36:14.683+0000] {dagbag.py:587} INFO - Filling up the DagBag from /home/airflow/.local/lib/python3.12/site-packages/airflow/example_dags/example_inlet_event_extra.py
[2026-07-01T09:36:15.069+0000] {processor.py:925} INFO - DAG(s) 'read_dataset_event', 'read_dataset_event_from_classic' retrieved from /home/airflow/.local/lib/python3.12/site-packages/airflow/example_dags/example_inlet_event_extra.py
[2026-07-01T09:36:15.085+0000] {logging_mixin.py:190} INFO - [2026-07-01T09:36:15.084+0000] {dag.py:3211} INFO - Sync 2 DAGs
[2026-07-01T09:36:15.102+0000] {logging_mixin.py:190} INFO - [2026-07-01T09:36:15.101+0000] {dag.py:4138} INFO - Setting next_dagrun for read_dataset_event to 2026-06-30 00:00:00+00:00, run_after=2026-07-01 00:00:00+00:00
[2026-07-01T09:36:15.105+0000] {logging_mixin.py:190} INFO - [2026-07-01T09:36:15.105+0000] {dag.py:4138} INFO - Setting next_dagrun for read_dataset_event_from_classic to 2026-06-30 00:00:00+00:00, run_after=2026-07-01 00:00:00+00:00
[2026-07-01T09:36:15.118+0000] {processor.py:208} INFO - Processing /home/airflow/.local/lib/python3.12/site-packages/airflow/example_dags/example_inlet_event_extra.py took 0.463 seconds
[2026-07-01T09:36:45.690+0000] {processor.py:186} INFO - Started process (PID=2865) to work on /home/airflow/.local/lib/python3.12/site-packages/airflow/example_dags/example_inlet_event_extra.py
[2026-07-01T09:36:45.692+0000] {processor.py:914} INFO - Processing file /home/airflow/.local/lib/python3.12/site-packages/airflow/example_dags/example_inlet_event_extra.py for tasks to queue
[2026-07-01T09:36:45.694+0000] {logging_mixin.py:190} INFO - [2026-07-01T09:36:45.694+0000] {dagbag.py:587} INFO - Filling up the DagBag from /home/airflow/.local/lib/python3.12/site-packages/airflow/example_dags/example_inlet_event_extra.py
[2026-07-01T09:36:46.032+0000] {processor.py:925} INFO - DAG(s) 'read_dataset_event_from_classic', 'read_dataset_event' retrieved from /home/airflow/.local/lib/python3.12/site-packages/airflow/example_dags/example_inlet_event_extra.py
[2026-07-01T09:36:46.048+0000] {logging_mixin.py:190} INFO - [2026-07-01T09:36:46.048+0000] {dag.py:3211} INFO - Sync 2 DAGs
[2026-07-01T09:36:46.064+0000] {logging_mixin.py:190} INFO - [2026-07-01T09:36:46.064+0000] {dag.py:4138} INFO - Setting next_dagrun for read_dataset_event to 2026-06-30 00:00:00+00:00, run_after=2026-07-01 00:00:00+00:00
[2026-07-01T09:36:46.068+0000] {logging_mixin.py:190} INFO - [2026-07-01T09:36:46.068+0000] {dag.py:4138} INFO - Setting next_dagrun for read_dataset_event_from_classic to 2026-06-30 00:00:00+00:00, run_after=2026-07-01 00:00:00+00:00
[2026-07-01T09:36:46.080+0000] {processor.py:208} INFO - Processing /home/airflow/.local/lib/python3.12/site-packages/airflow/example_dags/example_inlet_event_extra.py took 0.396 seconds
[2026-07-01T09:37:17.421+0000] {processor.py:186} INFO - Started process (PID=2927) to work on /home/airflow/.local/lib/python3.12/site-packages/airflow/example_dags/example_inlet_event_extra.py
[2026-07-01T09:37:17.423+0000] {processor.py:914} INFO - Processing file /home/airflow/.local/lib/python3.12/site-packages/airflow/example_dags/example_inlet_event_extra.py for tasks to queue
[2026-07-01T09:37:17.425+0000] {logging_mixin.py:190} INFO - [2026-07-01T09:37:17.425+0000] {dagbag.py:587} INFO - Filling up the DagBag from /home/airflow/.local/lib/python3.12/site-packages/airflow/example_dags/example_inlet_event_extra.py
[2026-07-01T09:37:17.657+0000] {processor.py:925} INFO - DAG(s) 'read_dataset_event_from_classic', 'read_dataset_event' retrieved from /home/airflow/.local/lib/python3.12/site-packages/airflow/example_dags/example_inlet_event_extra.py
[2026-07-01T09:37:17.680+0000] {logging_mixin.py:190} INFO - [2026-07-01T09:37:17.680+0000] {dag.py:3211} INFO - Sync 2 DAGs
[2026-07-01T09:37:17.698+0000] {logging_mixin.py:190} INFO - [2026-07-01T09:37:17.698+0000] {dag.py:4138} INFO - Setting next_dagrun for read_dataset_event to 2026-06-30 00:00:00+00:00, run_after=2026-07-01 00:00:00+00:00
[2026-07-01T09:37:17.702+0000] {logging_mixin.py:190} INFO - [2026-07-01T09:37:17.702+0000] {dag.py:4138} INFO - Setting next_dagrun for read_dataset_event_from_classic to 2026-06-30 00:00:00+00:00, run_after=2026-07-01 00:00:00+00:00
[2026-07-01T09:37:17.717+0000] {processor.py:208} INFO - Processing /home/airflow/.local/lib/python3.12/site-packages/airflow/example_dags/example_inlet_event_extra.py took 0.303 seconds
[2026-07-01T09:37:48.136+0000] {processor.py:186} INFO - Started process (PID=2990) to work on /home/airflow/.local/lib/python3.12/site-packages/airflow/example_dags/example_inlet_event_extra.py
[2026-07-01T09:37:48.137+0000] {processor.py:914} INFO - Processing file /home/airflow/.local/lib/python3.12/site-packages/airflow/example_dags/example_inlet_event_extra.py for tasks to queue
[2026-07-01T09:37:48.140+0000] {logging_mixin.py:190} INFO - [2026-07-01T09:37:48.140+0000] {dagbag.py:587} INFO - Filling up the DagBag from /home/airflow/.local/lib/python3.12/site-packages/airflow/example_dags/example_inlet_event_extra.py
[2026-07-01T09:37:48.414+0000] {processor.py:925} INFO - DAG(s) 'read_dataset_event_from_classic', 'read_dataset_event' retrieved from /home/airflow/.local/lib/python3.12/site-packages/airflow/example_dags/example_inlet_event_extra.py
[2026-07-01T09:37:48.430+0000] {logging_mixin.py:190} INFO - [2026-07-01T09:37:48.430+0000] {dag.py:3211} INFO - Sync 2 DAGs
[2026-07-01T09:37:48.447+0000] {logging_mixin.py:190} INFO - [2026-07-01T09:37:48.447+0000] {dag.py:4138} INFO - Setting next_dagrun for read_dataset_event to 2026-06-30 00:00:00+00:00, run_after=2026-07-01 00:00:00+00:00
[2026-07-01T09:37:48.450+0000] {logging_mixin.py:190} INFO - [2026-07-01T09:37:48.450+0000] {dag.py:4138} INFO - Setting next_dagrun for read_dataset_event_from_classic to 2026-06-30 00:00:00+00:00, run_after=2026-07-01 00:00:00+00:00
[2026-07-01T09:37:48.465+0000] {processor.py:208} INFO - Processing /home/airflow/.local/lib/python3.12/site-packages/airflow/example_dags/example_inlet_event_extra.py took 0.336 seconds
[2026-07-01T09:38:18.991+0000] {processor.py:186} INFO - Started process (PID=3052) to work on /home/airflow/.local/lib/python3.12/site-packages/airflow/example_dags/example_inlet_event_extra.py
[2026-07-01T09:38:18.993+0000] {processor.py:914} INFO - Processing file /home/airflow/.local/lib/python3.12/site-packages/airflow/example_dags/example_inlet_event_extra.py for tasks to queue
[2026-07-01T09:38:18.995+0000] {logging_mixin.py:190} INFO - [2026-07-01T09:38:18.995+0000] {dagbag.py:587} INFO - Filling up the DagBag from /home/airflow/.local/lib/python3.12/site-packages/airflow/example_dags/example_inlet_event_extra.py
[2026-07-01T09:38:19.235+0000] {processor.py:925} INFO - DAG(s) 'read_dataset_event_from_classic', 'read_dataset_event' retrieved from /home/airflow/.local/lib/python3.12/site-packages/airflow/example_dags/example_inlet_event_extra.py
[2026-07-01T09:38:19.249+0000] {logging_mixin.py:190} INFO - [2026-07-01T09:38:19.249+0000] {dag.py:3211} INFO - Sync 2 DAGs
[2026-07-01T09:38:19.263+0000] {logging_mixin.py:190} INFO - [2026-07-01T09:38:19.263+0000] {dag.py:4138} INFO - Setting next_dagrun for read_dataset_event to 2026-06-30 00:00:00+00:00, run_after=2026-07-01 00:00:00+00:00
[2026-07-01T09:38:19.267+0000] {logging_mixin.py:190} INFO - [2026-07-01T09:38:19.266+0000] {dag.py:4138} INFO - Setting next_dagrun for read_dataset_event_from_classic to 2026-06-30 00:00:00+00:00, run_after=2026-07-01 00:00:00+00:00
[2026-07-01T09:38:19.277+0000] {processor.py:208} INFO - Processing /home/airflow/.local/lib/python3.12/site-packages/airflow/example_dags/example_inlet_event_extra.py took 0.290 seconds
[2026-07-01T09:38:49.571+0000] {processor.py:186} INFO - Started process (PID=3119) to work on /home/airflow/.local/lib/python3.12/site-packages/airflow/example_dags/example_inlet_event_extra.py
[2026-07-01T09:38:49.572+0000] {processor.py:914} INFO - Processing file /home/airflow/.local/lib/python3.12/site-packages/airflow/example_dags/example_inlet_event_extra.py for tasks to queue
[2026-07-01T09:38:49.576+0000] {logging_mixin.py:190} INFO - [2026-07-01T09:38:49.575+0000] {dagbag.py:587} INFO - Filling up the DagBag from /home/airflow/.local/lib/python3.12/site-packages/airflow/example_dags/example_inlet_event_extra.py
[2026-07-01T09:38:49.838+0000] {processor.py:925} INFO - DAG(s) 'read_dataset_event', 'read_dataset_event_from_classic' retrieved from /home/airflow/.local/lib/python3.12/site-packages/airflow/example_dags/example_inlet_event_extra.py
[2026-07-01T09:38:49.853+0000] {logging_mixin.py:190} INFO - [2026-07-01T09:38:49.853+0000] {dag.py:3211} INFO - Sync 2 DAGs
[2026-07-01T09:38:49.867+0000] {logging_mixin.py:190} INFO - [2026-07-01T09:38:49.867+0000] {dag.py:4138} INFO - Setting next_dagrun for read_dataset_event to 2026-06-30 00:00:00+00:00, run_after=2026-07-01 00:00:00+00:00
[2026-07-01T09:38:49.870+0000] {logging_mixin.py:190} INFO - [2026-07-01T09:38:49.870+0000] {dag.py:4138} INFO - Setting next_dagrun for read_dataset_event_from_classic to 2026-06-30 00:00:00+00:00, run_after=2026-07-01 00:00:00+00:00
[2026-07-01T09:38:49.883+0000] {processor.py:208} INFO - Processing /home/airflow/.local/lib/python3.12/site-packages/airflow/example_dags/example_inlet_event_extra.py took 0.318 seconds
[2026-07-01T09:39:20.565+0000] {processor.py:186} INFO - Started process (PID=3181) to work on /home/airflow/.local/lib/python3.12/site-packages/airflow/example_dags/example_inlet_event_extra.py
[2026-07-01T09:39:20.566+0000] {processor.py:914} INFO - Processing file /home/airflow/.local/lib/python3.12/site-packages/airflow/example_dags/example_inlet_event_extra.py for tasks to queue
[2026-07-01T09:39:20.568+0000] {logging_mixin.py:190} INFO - [2026-07-01T09:39:20.568+0000] {dagbag.py:587} INFO - Filling up the DagBag from /home/airflow/.local/lib/python3.12/site-packages/airflow/example_dags/example_inlet_event_extra.py
[2026-07-01T09:39:20.808+0000] {processor.py:925} INFO - DAG(s) 'read_dataset_event', 'read_dataset_event_from_classic' retrieved from /home/airflow/.local/lib/python3.12/site-packages/airflow/example_dags/example_inlet_event_extra.py
[2026-07-01T09:39:20.825+0000] {logging_mixin.py:190} INFO - [2026-07-01T09:39:20.825+0000] {dag.py:3211} INFO - Sync 2 DAGs
[2026-07-01T09:39:20.840+0000] {logging_mixin.py:190} INFO - [2026-07-01T09:39:20.840+0000] {dag.py:4138} INFO - Setting next_dagrun for read_dataset_event to 2026-06-30 00:00:00+00:00, run_after=2026-07-01 00:00:00+00:00
[2026-07-01T09:39:20.843+0000] {logging_mixin.py:190} INFO - [2026-07-01T09:39:20.843+0000] {dag.py:4138} INFO - Setting next_dagrun for read_dataset_event_from_classic to 2026-06-30 00:00:00+00:00, run_after=2026-07-01 00:00:00+00:00
[2026-07-01T09:39:20.855+0000] {processor.py:208} INFO - Processing /home/airflow/.local/lib/python3.12/site-packages/airflow/example_dags/example_inlet_event_extra.py took 0.295 seconds
[2026-07-01T09:39:50.904+0000] {processor.py:186} INFO - Started process (PID=3244) to work on /home/airflow/.local/lib/python3.12/site-packages/airflow/example_dags/example_inlet_event_extra.py
[2026-07-01T09:39:50.905+0000] {processor.py:914} INFO - Processing file /home/airflow/.local/lib/python3.12/site-packages/airflow/example_dags/example_inlet_event_extra.py for tasks to queue
[2026-07-01T09:39:50.907+0000] {logging_mixin.py:190} INFO - [2026-07-01T09:39:50.906+0000] {dagbag.py:587} INFO - Filling up the DagBag from /home/airflow/.local/lib/python3.12/site-packages/airflow/example_dags/example_inlet_event_extra.py
[2026-07-01T09:39:51.134+0000] {processor.py:925} INFO - DAG(s) 'read_dataset_event_from_classic', 'read_dataset_event' retrieved from /home/airflow/.local/lib/python3.12/site-packages/airflow/example_dags/example_inlet_event_extra.py
[2026-07-01T09:39:51.151+0000] {logging_mixin.py:190} INFO - [2026-07-01T09:39:51.150+0000] {dag.py:3211} INFO - Sync 2 DAGs
[2026-07-01T09:39:51.164+0000] {logging_mixin.py:190} INFO - [2026-07-01T09:39:51.164+0000] {dag.py:4138} INFO - Setting next_dagrun for read_dataset_event to 2026-06-30 00:00:00+00:00, run_after=2026-07-01 00:00:00+00:00
[2026-07-01T09:39:51.166+0000] {logging_mixin.py:190} INFO - [2026-07-01T09:39:51.166+0000] {dag.py:4138} INFO - Setting next_dagrun for read_dataset_event_from_classic to 2026-06-30 00:00:00+00:00, run_after=2026-07-01 00:00:00+00:00
[2026-07-01T09:39:51.176+0000] {processor.py:208} INFO - Processing /home/airflow/.local/lib/python3.12/site-packages/airflow/example_dags/example_inlet_event_extra.py took 0.277 seconds
[2026-07-01T09:40:22.168+0000] {processor.py:186} INFO - Started process (PID=3305) to work on /home/airflow/.local/lib/python3.12/site-packages/airflow/example_dags/example_inlet_event_extra.py
[2026-07-01T09:40:22.170+0000] {processor.py:914} INFO - Processing file /home/airflow/.local/lib/python3.12/site-packages/airflow/example_dags/example_inlet_event_extra.py for tasks to queue
[2026-07-01T09:40:22.172+0000] {logging_mixin.py:190} INFO - [2026-07-01T09:40:22.172+0000] {dagbag.py:587} INFO - Filling up the DagBag from /home/airflow/.local/lib/python3.12/site-packages/airflow/example_dags/example_inlet_event_extra.py
[2026-07-01T09:40:22.279+0000] {processor.py:925} INFO - DAG(s) 'read_dataset_event', 'read_dataset_event_from_classic' retrieved from /home/airflow/.local/lib/python3.12/site-packages/airflow/example_dags/example_inlet_event_extra.py
[2026-07-01T09:40:22.296+0000] {logging_mixin.py:190} INFO - [2026-07-01T09:40:22.296+0000] {dag.py:3211} INFO - Sync 2 DAGs
[2026-07-01T09:40:22.313+0000] {logging_mixin.py:190} INFO - [2026-07-01T09:40:22.313+0000] {dag.py:4138} INFO - Setting next_dagrun for read_dataset_event to 2026-06-30 00:00:00+00:00, run_after=2026-07-01 00:00:00+00:00
[2026-07-01T09:40:22.317+0000] {logging_mixin.py:190} INFO - [2026-07-01T09:40:22.317+0000] {dag.py:4138} INFO - Setting next_dagrun for read_dataset_event_from_classic to 2026-06-30 00:00:00+00:00, run_after=2026-07-01 00:00:00+00:00
[2026-07-01T09:40:22.329+0000] {processor.py:208} INFO - Processing /home/airflow/.local/lib/python3.12/site-packages/airflow/example_dags/example_inlet_event_extra.py took 0.165 seconds
[2026-07-01T09:40:52.367+0000] {processor.py:186} INFO - Started process (PID=3367) to work on /home/airflow/.local/lib/python3.12/site-packages/airflow/example_dags/example_inlet_event_extra.py
[2026-07-01T09:40:52.369+0000] {processor.py:914} INFO - Processing file /home/airflow/.local/lib/python3.12/site-packages/airflow/example_dags/example_inlet_event_extra.py for tasks to queue
[2026-07-01T09:40:52.371+0000] {logging_mixin.py:190} INFO - [2026-07-01T09:40:52.371+0000] {dagbag.py:587} INFO - Filling up the DagBag from /home/airflow/.local/lib/python3.12/site-packages/airflow/example_dags/example_inlet_event_extra.py
[2026-07-01T09:40:52.485+0000] {processor.py:925} INFO - DAG(s) 'read_dataset_event', 'read_dataset_event_from_classic' retrieved from /home/airflow/.local/lib/python3.12/site-packages/airflow/example_dags/example_inlet_event_extra.py
[2026-07-01T09:40:52.506+0000] {logging_mixin.py:190} INFO - [2026-07-01T09:40:52.506+0000] {dag.py:3211} INFO - Sync 2 DAGs
[2026-07-01T09:40:52.528+0000] {logging_mixin.py:190} INFO - [2026-07-01T09:40:52.527+0000] {dag.py:4138} INFO - Setting next_dagrun for read_dataset_event to 2026-06-30 00:00:00+00:00, run_after=2026-07-01 00:00:00+00:00
[2026-07-01T09:40:52.534+0000] {logging_mixin.py:190} INFO - [2026-07-01T09:40:52.534+0000] {dag.py:4138} INFO - Setting next_dagrun for read_dataset_event_from_classic to 2026-06-30 00:00:00+00:00, run_after=2026-07-01 00:00:00+00:00
[2026-07-01T09:40:52.549+0000] {processor.py:208} INFO - Processing /home/airflow/.local/lib/python3.12/site-packages/airflow/example_dags/example_inlet_event_extra.py took 0.187 seconds
[2026-07-01T09:41:22.768+0000] {processor.py:186} INFO - Started process (PID=3429) to work on /home/airflow/.local/lib/python3.12/site-packages/airflow/example_dags/example_inlet_event_extra.py
[2026-07-01T09:41:22.769+0000] {processor.py:914} INFO - Processing file /home/airflow/.local/lib/python3.12/site-packages/airflow/example_dags/example_inlet_event_extra.py for tasks to queue
[2026-07-01T09:41:22.771+0000] {logging_mixin.py:190} INFO - [2026-07-01T09:41:22.771+0000] {dagbag.py:587} INFO - Filling up the DagBag from /home/airflow/.local/lib/python3.12/site-packages/airflow/example_dags/example_inlet_event_extra.py
[2026-07-01T09:41:22.863+0000] {processor.py:925} INFO - DAG(s) 'read_dataset_event_from_classic', 'read_dataset_event' retrieved from /home/airflow/.local/lib/python3.12/site-packages/airflow/example_dags/example_inlet_event_extra.py
[2026-07-01T09:41:22.878+0000] {logging_mixin.py:190} INFO - [2026-07-01T09:41:22.877+0000] {dag.py:3211} INFO - Sync 2 DAGs
[2026-07-01T09:41:22.894+0000] {logging_mixin.py:190} INFO - [2026-07-01T09:41:22.894+0000] {dag.py:4138} INFO - Setting next_dagrun for read_dataset_event to 2026-06-30 00:00:00+00:00, run_after=2026-07-01 00:00:00+00:00
[2026-07-01T09:41:22.897+0000] {logging_mixin.py:190} INFO - [2026-07-01T09:41:22.897+0000] {dag.py:4138} INFO - Setting next_dagrun for read_dataset_event_from_classic to 2026-06-30 00:00:00+00:00, run_after=2026-07-01 00:00:00+00:00
[2026-07-01T09:41:22.909+0000] {processor.py:208} INFO - Processing /home/airflow/.local/lib/python3.12/site-packages/airflow/example_dags/example_inlet_event_extra.py took 0.145 seconds
[2026-07-01T09:41:53.018+0000] {processor.py:186} INFO - Started process (PID=3491) to work on /home/airflow/.local/lib/python3.12/site-packages/airflow/example_dags/example_inlet_event_extra.py
[2026-07-01T09:41:53.019+0000] {processor.py:914} INFO - Processing file /home/airflow/.local/lib/python3.12/site-packages/airflow/example_dags/example_inlet_event_extra.py for tasks to queue
[2026-07-01T09:41:53.021+0000] {logging_mixin.py:190} INFO - [2026-07-01T09:41:53.021+0000] {dagbag.py:587} INFO - Filling up the DagBag from /home/airflow/.local/lib/python3.12/site-packages/airflow/example_dags/example_inlet_event_extra.py
[2026-07-01T09:41:53.121+0000] {processor.py:925} INFO - DAG(s) 'read_dataset_event', 'read_dataset_event_from_classic' retrieved from /home/airflow/.local/lib/python3.12/site-packages/airflow/example_dags/example_inlet_event_extra.py
[2026-07-01T09:41:53.138+0000] {logging_mixin.py:190} INFO - [2026-07-01T09:41:53.138+0000] {dag.py:3211} INFO - Sync 2 DAGs
[2026-07-01T09:41:53.156+0000] {logging_mixin.py:190} INFO - [2026-07-01T09:41:53.156+0000] {dag.py:4138} INFO - Setting next_dagrun for read_dataset_event to 2026-06-30 00:00:00+00:00, run_after=2026-07-01 00:00:00+00:00
[2026-07-01T09:41:53.160+0000] {logging_mixin.py:190} INFO - [2026-07-01T09:41:53.160+0000] {dag.py:4138} INFO - Setting next_dagrun for read_dataset_event_from_classic to 2026-06-30 00:00:00+00:00, run_after=2026-07-01 00:00:00+00:00
[2026-07-01T09:41:53.171+0000] {processor.py:208} INFO - Processing /home/airflow/.local/lib/python3.12/site-packages/airflow/example_dags/example_inlet_event_extra.py took 0.158 seconds
[2026-07-01T09:42:23.213+0000] {processor.py:186} INFO - Started process (PID=3553) to work on /home/airflow/.local/lib/python3.12/site-packages/airflow/example_dags/example_inlet_event_extra.py
[2026-07-01T09:42:23.214+0000] {processor.py:914} INFO - Processing file /home/airflow/.local/lib/python3.12/site-packages/airflow/example_dags/example_inlet_event_extra.py for tasks to queue
[2026-07-01T09:42:23.216+0000] {logging_mixin.py:190} INFO - [2026-07-01T09:42:23.215+0000] {dagbag.py:587} INFO - Filling up the DagBag from /home/airflow/.local/lib/python3.12/site-packages/airflow/example_dags/example_inlet_event_extra.py
[2026-07-01T09:42:23.330+0000] {processor.py:925} INFO - DAG(s) 'read_dataset_event_from_classic', 'read_dataset_event' retrieved from /home/airflow/.local/lib/python3.12/site-packages/airflow/example_dags/example_inlet_event_extra.py
[2026-07-01T09:42:23.347+0000] {logging_mixin.py:190} INFO - [2026-07-01T09:42:23.347+0000] {dag.py:3211} INFO - Sync 2 DAGs
[2026-07-01T09:42:23.363+0000] {logging_mixin.py:190} INFO - [2026-07-01T09:42:23.363+0000] {dag.py:4138} INFO - Setting next_dagrun for read_dataset_event to 2026-06-30 00:00:00+00:00, run_after=2026-07-01 00:00:00+00:00
[2026-07-01T09:42:23.367+0000] {logging_mixin.py:190} INFO - [2026-07-01T09:42:23.367+0000] {dag.py:4138} INFO - Setting next_dagrun for read_dataset_event_from_classic to 2026-06-30 00:00:00+00:00, run_after=2026-07-01 00:00:00+00:00
[2026-07-01T09:42:23.380+0000] {processor.py:208} INFO - Processing /home/airflow/.local/lib/python3.12/site-packages/airflow/example_dags/example_inlet_event_extra.py took 0.172 seconds
[2026-07-01T09:42:53.813+0000] {processor.py:186} INFO - Started process (PID=3615) to work on /home/airflow/.local/lib/python3.12/site-packages/airflow/example_dags/example_inlet_event_extra.py
[2026-07-01T09:42:53.814+0000] {processor.py:914} INFO - Processing file /home/airflow/.local/lib/python3.12/site-packages/airflow/example_dags/example_inlet_event_extra.py for tasks to queue
[2026-07-01T09:42:53.816+0000] {logging_mixin.py:190} INFO - [2026-07-01T09:42:53.816+0000] {dagbag.py:587} INFO - Filling up the DagBag from /home/airflow/.local/lib/python3.12/site-packages/airflow/example_dags/example_inlet_event_extra.py
[2026-07-01T09:42:53.916+0000] {processor.py:925} INFO - DAG(s) 'read_dataset_event', 'read_dataset_event_from_classic' retrieved from /home/airflow/.local/lib/python3.12/site-packages/airflow/example_dags/example_inlet_event_extra.py
[2026-07-01T09:42:53.932+0000] {logging_mixin.py:190} INFO - [2026-07-01T09:42:53.932+0000] {dag.py:3211} INFO - Sync 2 DAGs
[2026-07-01T09:42:53.948+0000] {logging_mixin.py:190} INFO - [2026-07-01T09:42:53.948+0000] {dag.py:4138} INFO - Setting next_dagrun for read_dataset_event to 2026-06-30 00:00:00+00:00, run_after=2026-07-01 00:00:00+00:00
[2026-07-01T09:42:53.951+0000] {logging_mixin.py:190} INFO - [2026-07-01T09:42:53.951+0000] {dag.py:4138} INFO - Setting next_dagrun for read_dataset_event_from_classic to 2026-06-30 00:00:00+00:00, run_after=2026-07-01 00:00:00+00:00
[2026-07-01T09:42:53.963+0000] {processor.py:208} INFO - Processing /home/airflow/.local/lib/python3.12/site-packages/airflow/example_dags/example_inlet_event_extra.py took 0.154 seconds
[2026-07-01T09:43:24.086+0000] {processor.py:186} INFO - Started process (PID=3678) to work on /home/airflow/.local/lib/python3.12/site-packages/airflow/example_dags/example_inlet_event_extra.py
[2026-07-01T09:43:24.087+0000] {processor.py:914} INFO - Processing file /home/airflow/.local/lib/python3.12/site-packages/airflow/example_dags/example_inlet_event_extra.py for tasks to queue
[2026-07-01T09:43:24.089+0000] {logging_mixin.py:190} INFO - [2026-07-01T09:43:24.089+0000] {dagbag.py:587} INFO - Filling up the DagBag from /home/airflow/.local/lib/python3.12/site-packages/airflow/example_dags/example_inlet_event_extra.py
[2026-07-01T09:43:24.197+0000] {processor.py:925} INFO - DAG(s) 'read_dataset_event', 'read_dataset_event_from_classic' retrieved from /home/airflow/.local/lib/python3.12/site-packages/airflow/example_dags/example_inlet_event_extra.py
[2026-07-01T09:43:24.214+0000] {logging_mixin.py:190} INFO - [2026-07-01T09:43:24.214+0000] {dag.py:3211} INFO - Sync 2 DAGs
[2026-07-01T09:43:24.231+0000] {logging_mixin.py:190} INFO - [2026-07-01T09:43:24.231+0000] {dag.py:4138} INFO - Setting next_dagrun for read_dataset_event to 2026-06-30 00:00:00+00:00, run_after=2026-07-01 00:00:00+00:00
[2026-07-01T09:43:24.235+0000] {logging_mixin.py:190} INFO - [2026-07-01T09:43:24.235+0000] {dag.py:4138} INFO - Setting next_dagrun for read_dataset_event_from_classic to 2026-06-30 00:00:00+00:00, run_after=2026-07-01 00:00:00+00:00
[2026-07-01T09:43:24.246+0000] {processor.py:208} INFO - Processing /home/airflow/.local/lib/python3.12/site-packages/airflow/example_dags/example_inlet_event_extra.py took 0.166 seconds
[2026-07-01T09:43:54.480+0000] {processor.py:186} INFO - Started process (PID=3741) to work on /home/airflow/.local/lib/python3.12/site-packages/airflow/example_dags/example_inlet_event_extra.py
[2026-07-01T09:43:54.482+0000] {processor.py:914} INFO - Processing file /home/airflow/.local/lib/python3.12/site-packages/airflow/example_dags/example_inlet_event_extra.py for tasks to queue
[2026-07-01T09:43:54.484+0000] {logging_mixin.py:190} INFO - [2026-07-01T09:43:54.483+0000] {dagbag.py:587} INFO - Filling up the DagBag from /home/airflow/.local/lib/python3.12/site-packages/airflow/example_dags/example_inlet_event_extra.py
[2026-07-01T09:43:54.573+0000] {processor.py:925} INFO - DAG(s) 'read_dataset_event', 'read_dataset_event_from_classic' retrieved from /home/airflow/.local/lib/python3.12/site-packages/airflow/example_dags/example_inlet_event_extra.py
[2026-07-01T09:43:54.593+0000] {logging_mixin.py:190} INFO - [2026-07-01T09:43:54.592+0000] {dag.py:3211} INFO - Sync 2 DAGs
[2026-07-01T09:43:54.608+0000] {logging_mixin.py:190} INFO - [2026-07-01T09:43:54.608+0000] {dag.py:4138} INFO - Setting next_dagrun for read_dataset_event to 2026-06-30 00:00:00+00:00, run_after=2026-07-01 00:00:00+00:00
[2026-07-01T09:43:54.612+0000] {logging_mixin.py:190} INFO - [2026-07-01T09:43:54.612+0000] {dag.py:4138} INFO - Setting next_dagrun for read_dataset_event_from_classic to 2026-06-30 00:00:00+00:00, run_after=2026-07-01 00:00:00+00:00
[2026-07-01T09:43:54.629+0000] {processor.py:208} INFO - Processing /home/airflow/.local/lib/python3.12/site-packages/airflow/example_dags/example_inlet_event_extra.py took 0.153 seconds
[2026-07-01T09:44:24.927+0000] {processor.py:186} INFO - Started process (PID=3803) to work on /home/airflow/.local/lib/python3.12/site-packages/airflow/example_dags/example_inlet_event_extra.py
[2026-07-01T09:44:24.928+0000] {processor.py:914} INFO - Processing file /home/airflow/.local/lib/python3.12/site-packages/airflow/example_dags/example_inlet_event_extra.py for tasks to queue
[2026-07-01T09:44:24.929+0000] {logging_mixin.py:190} INFO - [2026-07-01T09:44:24.929+0000] {dagbag.py:587} INFO - Filling up the DagBag from /home/airflow/.local/lib/python3.12/site-packages/airflow/example_dags/example_inlet_event_extra.py
[2026-07-01T09:44:25.020+0000] {processor.py:925} INFO - DAG(s) 'read_dataset_event', 'read_dataset_event_from_classic' retrieved from /home/airflow/.local/lib/python3.12/site-packages/airflow/example_dags/example_inlet_event_extra.py
[2026-07-01T09:44:25.038+0000] {logging_mixin.py:190} INFO - [2026-07-01T09:44:25.037+0000] {dag.py:3211} INFO - Sync 2 DAGs
[2026-07-01T09:44:25.057+0000] {logging_mixin.py:190} INFO - [2026-07-01T09:44:25.056+0000] {dag.py:4138} INFO - Setting next_dagrun for read_dataset_event to 2026-06-30 00:00:00+00:00, run_after=2026-07-01 00:00:00+00:00
[2026-07-01T09:44:25.060+0000] {logging_mixin.py:190} INFO - [2026-07-01T09:44:25.059+0000] {dag.py:4138} INFO - Setting next_dagrun for read_dataset_event_from_classic to 2026-06-30 00:00:00+00:00, run_after=2026-07-01 00:00:00+00:00
[2026-07-01T09:44:25.071+0000] {processor.py:208} INFO - Processing /home/airflow/.local/lib/python3.12/site-packages/airflow/example_dags/example_inlet_event_extra.py took 0.149 seconds
[2026-07-01T09:44:55.164+0000] {processor.py:186} INFO - Started process (PID=3863) to work on /home/airflow/.local/lib/python3.12/site-packages/airflow/example_dags/example_inlet_event_extra.py
[2026-07-01T09:44:55.166+0000] {processor.py:914} INFO - Processing file /home/airflow/.local/lib/python3.12/site-packages/airflow/example_dags/example_inlet_event_extra.py for tasks to queue
[2026-07-01T09:44:55.168+0000] {logging_mixin.py:190} INFO - [2026-07-01T09:44:55.168+0000] {dagbag.py:587} INFO - Filling up the DagBag from /home/airflow/.local/lib/python3.12/site-packages/airflow/example_dags/example_inlet_event_extra.py
[2026-07-01T09:44:55.309+0000] {processor.py:925} INFO - DAG(s) 'read_dataset_event_from_classic', 'read_dataset_event' retrieved from /home/airflow/.local/lib/python3.12/site-packages/airflow/example_dags/example_inlet_event_extra.py
[2026-07-01T09:44:55.325+0000] {logging_mixin.py:190} INFO - [2026-07-01T09:44:55.325+0000] {dag.py:3211} INFO - Sync 2 DAGs
[2026-07-01T09:44:55.342+0000] {logging_mixin.py:190} INFO - [2026-07-01T09:44:55.342+0000] {dag.py:4138} INFO - Setting next_dagrun for read_dataset_event to 2026-06-30 00:00:00+00:00, run_after=2026-07-01 00:00:00+00:00
[2026-07-01T09:44:55.345+0000] {logging_mixin.py:190} INFO - [2026-07-01T09:44:55.345+0000] {dag.py:4138} INFO - Setting next_dagrun for read_dataset_event_from_classic to 2026-06-30 00:00:00+00:00, run_after=2026-07-01 00:00:00+00:00
[2026-07-01T09:44:55.356+0000] {processor.py:208} INFO - Processing /home/airflow/.local/lib/python3.12/site-packages/airflow/example_dags/example_inlet_event_extra.py took 0.200 seconds
[2026-07-01T09:45:25.669+0000] {processor.py:186} INFO - Started process (PID=3926) to work on /home/airflow/.local/lib/python3.12/site-packages/airflow/example_dags/example_inlet_event_extra.py
[2026-07-01T09:45:25.671+0000] {processor.py:914} INFO - Processing file /home/airflow/.local/lib/python3.12/site-packages/airflow/example_dags/example_inlet_event_extra.py for tasks to queue
[2026-07-01T09:45:25.673+0000] {logging_mixin.py:190} INFO - [2026-07-01T09:45:25.673+0000] {dagbag.py:587} INFO - Filling up the DagBag from /home/airflow/.local/lib/python3.12/site-packages/airflow/example_dags/example_inlet_event_extra.py
[2026-07-01T09:45:25.778+0000] {processor.py:925} INFO - DAG(s) 'read_dataset_event_from_classic', 'read_dataset_event' retrieved from /home/airflow/.local/lib/python3.12/site-packages/airflow/example_dags/example_inlet_event_extra.py
[2026-07-01T09:45:25.794+0000] {logging_mixin.py:190} INFO - [2026-07-01T09:45:25.793+0000] {dag.py:3211} INFO - Sync 2 DAGs
[2026-07-01T09:45:25.810+0000] {logging_mixin.py:190} INFO - [2026-07-01T09:45:25.810+0000] {dag.py:4138} INFO - Setting next_dagrun for read_dataset_event to 2026-06-30 00:00:00+00:00, run_after=2026-07-01 00:00:00+00:00
[2026-07-01T09:45:25.814+0000] {logging_mixin.py:190} INFO - [2026-07-01T09:45:25.814+0000] {dag.py:4138} INFO - Setting next_dagrun for read_dataset_event_from_classic to 2026-06-30 00:00:00+00:00, run_after=2026-07-01 00:00:00+00:00
[2026-07-01T09:45:25.826+0000] {processor.py:208} INFO - Processing /home/airflow/.local/lib/python3.12/site-packages/airflow/example_dags/example_inlet_event_extra.py took 0.163 seconds
