[2026-07-01T09:09:42.224+0000] {processor.py:186} INFO - Started process (PID=106) to work on /home/airflow/.local/lib/python3.12/site-packages/airflow/example_dags/example_dynamic_task_mapping_with_no_taskflow_operators.py
[2026-07-01T09:09:42.225+0000] {processor.py:914} INFO - Processing file /home/airflow/.local/lib/python3.12/site-packages/airflow/example_dags/example_dynamic_task_mapping_with_no_taskflow_operators.py for tasks to queue
[2026-07-01T09:09:42.227+0000] {logging_mixin.py:190} INFO - [2026-07-01T09:09:42.227+0000] {dagbag.py:587} INFO - Filling up the DagBag from /home/airflow/.local/lib/python3.12/site-packages/airflow/example_dags/example_dynamic_task_mapping_with_no_taskflow_operators.py
[2026-07-01T09:09:42.234+0000] {processor.py:925} INFO - DAG(s) 'example_dynamic_task_mapping_with_no_taskflow_operators' retrieved from /home/airflow/.local/lib/python3.12/site-packages/airflow/example_dags/example_dynamic_task_mapping_with_no_taskflow_operators.py
[2026-07-01T09:09:42.306+0000] {logging_mixin.py:190} INFO - [2026-07-01T09:09:42.306+0000] {override.py:1858} INFO - Created Permission View: can read on DAG:example_dynamic_task_mapping_with_no_taskflow_operators
[2026-07-01T09:09:42.315+0000] {logging_mixin.py:190} INFO - [2026-07-01T09:09:42.315+0000] {override.py:1858} INFO - Created Permission View: can delete on DAG:example_dynamic_task_mapping_with_no_taskflow_operators
[2026-07-01T09:09:42.319+0000] {logging_mixin.py:190} INFO - [2026-07-01T09:09:42.319+0000] {override.py:1858} INFO - Created Permission View: can edit on DAG:example_dynamic_task_mapping_with_no_taskflow_operators
[2026-07-01T09:09:42.320+0000] {logging_mixin.py:190} INFO - [2026-07-01T09:09:42.320+0000] {dag.py:3211} INFO - Sync 1 DAGs
[2026-07-01T09:09:42.331+0000] {logging_mixin.py:190} INFO - [2026-07-01T09:09:42.331+0000] {dag.py:3234} INFO - Creating ORM DAG for example_dynamic_task_mapping_with_no_taskflow_operators
[2026-07-01T09:09:42.338+0000] {logging_mixin.py:190} INFO - [2026-07-01T09:09:42.338+0000] {dag.py:4138} INFO - Setting next_dagrun for example_dynamic_task_mapping_with_no_taskflow_operators to 2026-06-30 00:00:00+00:00, run_after=2026-07-01 00:00:00+00:00
[2026-07-01T09:09:42.350+0000] {processor.py:208} INFO - Processing /home/airflow/.local/lib/python3.12/site-packages/airflow/example_dags/example_dynamic_task_mapping_with_no_taskflow_operators.py took 0.130 seconds
[2026-07-01T09:10:13.298+0000] {processor.py:186} INFO - Started process (PID=168) to work on /home/airflow/.local/lib/python3.12/site-packages/airflow/example_dags/example_dynamic_task_mapping_with_no_taskflow_operators.py
[2026-07-01T09:10:13.298+0000] {processor.py:914} INFO - Processing file /home/airflow/.local/lib/python3.12/site-packages/airflow/example_dags/example_dynamic_task_mapping_with_no_taskflow_operators.py for tasks to queue
[2026-07-01T09:10:13.300+0000] {logging_mixin.py:190} INFO - [2026-07-01T09:10:13.300+0000] {dagbag.py:587} INFO - Filling up the DagBag from /home/airflow/.local/lib/python3.12/site-packages/airflow/example_dags/example_dynamic_task_mapping_with_no_taskflow_operators.py
[2026-07-01T09:10:13.306+0000] {processor.py:925} INFO - DAG(s) 'example_dynamic_task_mapping_with_no_taskflow_operators' retrieved from /home/airflow/.local/lib/python3.12/site-packages/airflow/example_dags/example_dynamic_task_mapping_with_no_taskflow_operators.py
[2026-07-01T09:10:13.319+0000] {logging_mixin.py:190} INFO - [2026-07-01T09:10:13.319+0000] {dag.py:3211} INFO - Sync 1 DAGs
[2026-07-01T09:10:13.333+0000] {logging_mixin.py:190} INFO - [2026-07-01T09:10:13.333+0000] {dag.py:4138} INFO - Setting next_dagrun for example_dynamic_task_mapping_with_no_taskflow_operators to 2026-06-30 00:00:00+00:00, run_after=2026-07-01 00:00:00+00:00
[2026-07-01T09:10:13.345+0000] {processor.py:208} INFO - Processing /home/airflow/.local/lib/python3.12/site-packages/airflow/example_dags/example_dynamic_task_mapping_with_no_taskflow_operators.py took 0.052 seconds
[2026-07-01T09:10:43.454+0000] {processor.py:186} INFO - Started process (PID=230) to work on /home/airflow/.local/lib/python3.12/site-packages/airflow/example_dags/example_dynamic_task_mapping_with_no_taskflow_operators.py
[2026-07-01T09:10:43.455+0000] {processor.py:914} INFO - Processing file /home/airflow/.local/lib/python3.12/site-packages/airflow/example_dags/example_dynamic_task_mapping_with_no_taskflow_operators.py for tasks to queue
[2026-07-01T09:10:43.456+0000] {logging_mixin.py:190} INFO - [2026-07-01T09:10:43.456+0000] {dagbag.py:587} INFO - Filling up the DagBag from /home/airflow/.local/lib/python3.12/site-packages/airflow/example_dags/example_dynamic_task_mapping_with_no_taskflow_operators.py
[2026-07-01T09:10:43.463+0000] {processor.py:925} INFO - DAG(s) 'example_dynamic_task_mapping_with_no_taskflow_operators' retrieved from /home/airflow/.local/lib/python3.12/site-packages/airflow/example_dags/example_dynamic_task_mapping_with_no_taskflow_operators.py
[2026-07-01T09:10:43.480+0000] {logging_mixin.py:190} INFO - [2026-07-01T09:10:43.480+0000] {dag.py:3211} INFO - Sync 1 DAGs
[2026-07-01T09:10:43.494+0000] {logging_mixin.py:190} INFO - [2026-07-01T09:10:43.494+0000] {dag.py:4138} INFO - Setting next_dagrun for example_dynamic_task_mapping_with_no_taskflow_operators to 2026-06-30 00:00:00+00:00, run_after=2026-07-01 00:00:00+00:00
[2026-07-01T09:10:43.507+0000] {processor.py:208} INFO - Processing /home/airflow/.local/lib/python3.12/site-packages/airflow/example_dags/example_dynamic_task_mapping_with_no_taskflow_operators.py took 0.058 seconds
[2026-07-01T09:11:13.668+0000] {processor.py:186} INFO - Started process (PID=292) to work on /home/airflow/.local/lib/python3.12/site-packages/airflow/example_dags/example_dynamic_task_mapping_with_no_taskflow_operators.py
[2026-07-01T09:11:13.669+0000] {processor.py:914} INFO - Processing file /home/airflow/.local/lib/python3.12/site-packages/airflow/example_dags/example_dynamic_task_mapping_with_no_taskflow_operators.py for tasks to queue
[2026-07-01T09:11:13.671+0000] {logging_mixin.py:190} INFO - [2026-07-01T09:11:13.670+0000] {dagbag.py:587} INFO - Filling up the DagBag from /home/airflow/.local/lib/python3.12/site-packages/airflow/example_dags/example_dynamic_task_mapping_with_no_taskflow_operators.py
[2026-07-01T09:11:13.677+0000] {processor.py:925} INFO - DAG(s) 'example_dynamic_task_mapping_with_no_taskflow_operators' retrieved from /home/airflow/.local/lib/python3.12/site-packages/airflow/example_dags/example_dynamic_task_mapping_with_no_taskflow_operators.py
[2026-07-01T09:11:13.690+0000] {logging_mixin.py:190} INFO - [2026-07-01T09:11:13.690+0000] {dag.py:3211} INFO - Sync 1 DAGs
[2026-07-01T09:11:13.704+0000] {logging_mixin.py:190} INFO - [2026-07-01T09:11:13.704+0000] {dag.py:4138} INFO - Setting next_dagrun for example_dynamic_task_mapping_with_no_taskflow_operators to 2026-06-30 00:00:00+00:00, run_after=2026-07-01 00:00:00+00:00
[2026-07-01T09:11:13.716+0000] {processor.py:208} INFO - Processing /home/airflow/.local/lib/python3.12/site-packages/airflow/example_dags/example_dynamic_task_mapping_with_no_taskflow_operators.py took 0.052 seconds
[2026-07-01T09:11:44.134+0000] {processor.py:186} INFO - Started process (PID=354) to work on /home/airflow/.local/lib/python3.12/site-packages/airflow/example_dags/example_dynamic_task_mapping_with_no_taskflow_operators.py
[2026-07-01T09:11:44.136+0000] {processor.py:914} INFO - Processing file /home/airflow/.local/lib/python3.12/site-packages/airflow/example_dags/example_dynamic_task_mapping_with_no_taskflow_operators.py for tasks to queue
[2026-07-01T09:11:44.138+0000] {logging_mixin.py:190} INFO - [2026-07-01T09:11:44.138+0000] {dagbag.py:587} INFO - Filling up the DagBag from /home/airflow/.local/lib/python3.12/site-packages/airflow/example_dags/example_dynamic_task_mapping_with_no_taskflow_operators.py
[2026-07-01T09:11:44.146+0000] {processor.py:925} INFO - DAG(s) 'example_dynamic_task_mapping_with_no_taskflow_operators' retrieved from /home/airflow/.local/lib/python3.12/site-packages/airflow/example_dags/example_dynamic_task_mapping_with_no_taskflow_operators.py
[2026-07-01T09:11:44.165+0000] {logging_mixin.py:190} INFO - [2026-07-01T09:11:44.165+0000] {dag.py:3211} INFO - Sync 1 DAGs
[2026-07-01T09:11:44.183+0000] {logging_mixin.py:190} INFO - [2026-07-01T09:11:44.183+0000] {dag.py:4138} INFO - Setting next_dagrun for example_dynamic_task_mapping_with_no_taskflow_operators to 2026-06-30 00:00:00+00:00, run_after=2026-07-01 00:00:00+00:00
[2026-07-01T09:11:44.199+0000] {processor.py:208} INFO - Processing /home/airflow/.local/lib/python3.12/site-packages/airflow/example_dags/example_dynamic_task_mapping_with_no_taskflow_operators.py took 0.070 seconds
[2026-07-01T09:12:14.415+0000] {processor.py:186} INFO - Started process (PID=416) to work on /home/airflow/.local/lib/python3.12/site-packages/airflow/example_dags/example_dynamic_task_mapping_with_no_taskflow_operators.py
[2026-07-01T09:12:14.416+0000] {processor.py:914} INFO - Processing file /home/airflow/.local/lib/python3.12/site-packages/airflow/example_dags/example_dynamic_task_mapping_with_no_taskflow_operators.py for tasks to queue
[2026-07-01T09:12:14.418+0000] {logging_mixin.py:190} INFO - [2026-07-01T09:12:14.418+0000] {dagbag.py:587} INFO - Filling up the DagBag from /home/airflow/.local/lib/python3.12/site-packages/airflow/example_dags/example_dynamic_task_mapping_with_no_taskflow_operators.py
[2026-07-01T09:12:14.425+0000] {processor.py:925} INFO - DAG(s) 'example_dynamic_task_mapping_with_no_taskflow_operators' retrieved from /home/airflow/.local/lib/python3.12/site-packages/airflow/example_dags/example_dynamic_task_mapping_with_no_taskflow_operators.py
[2026-07-01T09:12:14.439+0000] {logging_mixin.py:190} INFO - [2026-07-01T09:12:14.438+0000] {dag.py:3211} INFO - Sync 1 DAGs
[2026-07-01T09:12:14.453+0000] {logging_mixin.py:190} INFO - [2026-07-01T09:12:14.453+0000] {dag.py:4138} INFO - Setting next_dagrun for example_dynamic_task_mapping_with_no_taskflow_operators to 2026-06-30 00:00:00+00:00, run_after=2026-07-01 00:00:00+00:00
[2026-07-01T09:12:14.466+0000] {processor.py:208} INFO - Processing /home/airflow/.local/lib/python3.12/site-packages/airflow/example_dags/example_dynamic_task_mapping_with_no_taskflow_operators.py took 0.055 seconds
[2026-07-01T09:12:44.877+0000] {processor.py:186} INFO - Started process (PID=478) to work on /home/airflow/.local/lib/python3.12/site-packages/airflow/example_dags/example_dynamic_task_mapping_with_no_taskflow_operators.py
[2026-07-01T09:12:44.878+0000] {processor.py:914} INFO - Processing file /home/airflow/.local/lib/python3.12/site-packages/airflow/example_dags/example_dynamic_task_mapping_with_no_taskflow_operators.py for tasks to queue
[2026-07-01T09:12:44.881+0000] {logging_mixin.py:190} INFO - [2026-07-01T09:12:44.881+0000] {dagbag.py:587} INFO - Filling up the DagBag from /home/airflow/.local/lib/python3.12/site-packages/airflow/example_dags/example_dynamic_task_mapping_with_no_taskflow_operators.py
[2026-07-01T09:12:44.890+0000] {processor.py:925} INFO - DAG(s) 'example_dynamic_task_mapping_with_no_taskflow_operators' retrieved from /home/airflow/.local/lib/python3.12/site-packages/airflow/example_dags/example_dynamic_task_mapping_with_no_taskflow_operators.py
[2026-07-01T09:12:44.905+0000] {logging_mixin.py:190} INFO - [2026-07-01T09:12:44.905+0000] {dag.py:3211} INFO - Sync 1 DAGs
[2026-07-01T09:12:44.921+0000] {logging_mixin.py:190} INFO - [2026-07-01T09:12:44.921+0000] {dag.py:4138} INFO - Setting next_dagrun for example_dynamic_task_mapping_with_no_taskflow_operators to 2026-06-30 00:00:00+00:00, run_after=2026-07-01 00:00:00+00:00
[2026-07-01T09:12:44.933+0000] {processor.py:208} INFO - Processing /home/airflow/.local/lib/python3.12/site-packages/airflow/example_dags/example_dynamic_task_mapping_with_no_taskflow_operators.py took 0.061 seconds
[2026-07-01T09:13:15.352+0000] {processor.py:186} INFO - Started process (PID=540) to work on /home/airflow/.local/lib/python3.12/site-packages/airflow/example_dags/example_dynamic_task_mapping_with_no_taskflow_operators.py
[2026-07-01T09:13:15.354+0000] {processor.py:914} INFO - Processing file /home/airflow/.local/lib/python3.12/site-packages/airflow/example_dags/example_dynamic_task_mapping_with_no_taskflow_operators.py for tasks to queue
[2026-07-01T09:13:15.356+0000] {logging_mixin.py:190} INFO - [2026-07-01T09:13:15.356+0000] {dagbag.py:587} INFO - Filling up the DagBag from /home/airflow/.local/lib/python3.12/site-packages/airflow/example_dags/example_dynamic_task_mapping_with_no_taskflow_operators.py
[2026-07-01T09:13:15.362+0000] {processor.py:925} INFO - DAG(s) 'example_dynamic_task_mapping_with_no_taskflow_operators' retrieved from /home/airflow/.local/lib/python3.12/site-packages/airflow/example_dags/example_dynamic_task_mapping_with_no_taskflow_operators.py
[2026-07-01T09:13:15.375+0000] {logging_mixin.py:190} INFO - [2026-07-01T09:13:15.375+0000] {dag.py:3211} INFO - Sync 1 DAGs
[2026-07-01T09:13:15.389+0000] {logging_mixin.py:190} INFO - [2026-07-01T09:13:15.389+0000] {dag.py:4138} INFO - Setting next_dagrun for example_dynamic_task_mapping_with_no_taskflow_operators to 2026-06-30 00:00:00+00:00, run_after=2026-07-01 00:00:00+00:00
[2026-07-01T09:13:15.401+0000] {processor.py:208} INFO - Processing /home/airflow/.local/lib/python3.12/site-packages/airflow/example_dags/example_dynamic_task_mapping_with_no_taskflow_operators.py took 0.053 seconds
[2026-07-01T09:13:46.300+0000] {processor.py:186} INFO - Started process (PID=602) to work on /home/airflow/.local/lib/python3.12/site-packages/airflow/example_dags/example_dynamic_task_mapping_with_no_taskflow_operators.py
[2026-07-01T09:13:46.301+0000] {processor.py:914} INFO - Processing file /home/airflow/.local/lib/python3.12/site-packages/airflow/example_dags/example_dynamic_task_mapping_with_no_taskflow_operators.py for tasks to queue
[2026-07-01T09:13:46.303+0000] {logging_mixin.py:190} INFO - [2026-07-01T09:13:46.303+0000] {dagbag.py:587} INFO - Filling up the DagBag from /home/airflow/.local/lib/python3.12/site-packages/airflow/example_dags/example_dynamic_task_mapping_with_no_taskflow_operators.py
[2026-07-01T09:13:46.310+0000] {processor.py:925} INFO - DAG(s) 'example_dynamic_task_mapping_with_no_taskflow_operators' retrieved from /home/airflow/.local/lib/python3.12/site-packages/airflow/example_dags/example_dynamic_task_mapping_with_no_taskflow_operators.py
[2026-07-01T09:13:46.327+0000] {logging_mixin.py:190} INFO - [2026-07-01T09:13:46.327+0000] {dag.py:3211} INFO - Sync 1 DAGs
[2026-07-01T09:13:46.347+0000] {logging_mixin.py:190} INFO - [2026-07-01T09:13:46.347+0000] {dag.py:4138} INFO - Setting next_dagrun for example_dynamic_task_mapping_with_no_taskflow_operators to 2026-06-30 00:00:00+00:00, run_after=2026-07-01 00:00:00+00:00
[2026-07-01T09:13:46.358+0000] {processor.py:208} INFO - Processing /home/airflow/.local/lib/python3.12/site-packages/airflow/example_dags/example_dynamic_task_mapping_with_no_taskflow_operators.py took 0.063 seconds
[2026-07-01T09:14:16.542+0000] {processor.py:186} INFO - Started process (PID=664) to work on /home/airflow/.local/lib/python3.12/site-packages/airflow/example_dags/example_dynamic_task_mapping_with_no_taskflow_operators.py
[2026-07-01T09:14:16.544+0000] {processor.py:914} INFO - Processing file /home/airflow/.local/lib/python3.12/site-packages/airflow/example_dags/example_dynamic_task_mapping_with_no_taskflow_operators.py for tasks to queue
[2026-07-01T09:14:16.546+0000] {logging_mixin.py:190} INFO - [2026-07-01T09:14:16.546+0000] {dagbag.py:587} INFO - Filling up the DagBag from /home/airflow/.local/lib/python3.12/site-packages/airflow/example_dags/example_dynamic_task_mapping_with_no_taskflow_operators.py
[2026-07-01T09:14:16.552+0000] {processor.py:925} INFO - DAG(s) 'example_dynamic_task_mapping_with_no_taskflow_operators' retrieved from /home/airflow/.local/lib/python3.12/site-packages/airflow/example_dags/example_dynamic_task_mapping_with_no_taskflow_operators.py
[2026-07-01T09:14:16.567+0000] {logging_mixin.py:190} INFO - [2026-07-01T09:14:16.567+0000] {dag.py:3211} INFO - Sync 1 DAGs
[2026-07-01T09:14:16.584+0000] {logging_mixin.py:190} INFO - [2026-07-01T09:14:16.583+0000] {dag.py:4138} INFO - Setting next_dagrun for example_dynamic_task_mapping_with_no_taskflow_operators to 2026-06-30 00:00:00+00:00, run_after=2026-07-01 00:00:00+00:00
[2026-07-01T09:14:16.598+0000] {processor.py:208} INFO - Processing /home/airflow/.local/lib/python3.12/site-packages/airflow/example_dags/example_dynamic_task_mapping_with_no_taskflow_operators.py took 0.061 seconds
[2026-07-01T09:14:46.681+0000] {processor.py:186} INFO - Started process (PID=726) to work on /home/airflow/.local/lib/python3.12/site-packages/airflow/example_dags/example_dynamic_task_mapping_with_no_taskflow_operators.py
[2026-07-01T09:14:46.682+0000] {processor.py:914} INFO - Processing file /home/airflow/.local/lib/python3.12/site-packages/airflow/example_dags/example_dynamic_task_mapping_with_no_taskflow_operators.py for tasks to queue
[2026-07-01T09:14:46.685+0000] {logging_mixin.py:190} INFO - [2026-07-01T09:14:46.684+0000] {dagbag.py:587} INFO - Filling up the DagBag from /home/airflow/.local/lib/python3.12/site-packages/airflow/example_dags/example_dynamic_task_mapping_with_no_taskflow_operators.py
[2026-07-01T09:14:46.692+0000] {processor.py:925} INFO - DAG(s) 'example_dynamic_task_mapping_with_no_taskflow_operators' retrieved from /home/airflow/.local/lib/python3.12/site-packages/airflow/example_dags/example_dynamic_task_mapping_with_no_taskflow_operators.py
[2026-07-01T09:14:46.705+0000] {logging_mixin.py:190} INFO - [2026-07-01T09:14:46.705+0000] {dag.py:3211} INFO - Sync 1 DAGs
[2026-07-01T09:14:46.718+0000] {logging_mixin.py:190} INFO - [2026-07-01T09:14:46.718+0000] {dag.py:4138} INFO - Setting next_dagrun for example_dynamic_task_mapping_with_no_taskflow_operators to 2026-06-30 00:00:00+00:00, run_after=2026-07-01 00:00:00+00:00
[2026-07-01T09:14:46.729+0000] {processor.py:208} INFO - Processing /home/airflow/.local/lib/python3.12/site-packages/airflow/example_dags/example_dynamic_task_mapping_with_no_taskflow_operators.py took 0.053 seconds
[2026-07-01T09:15:17.533+0000] {processor.py:186} INFO - Started process (PID=788) to work on /home/airflow/.local/lib/python3.12/site-packages/airflow/example_dags/example_dynamic_task_mapping_with_no_taskflow_operators.py
[2026-07-01T09:15:17.534+0000] {processor.py:914} INFO - Processing file /home/airflow/.local/lib/python3.12/site-packages/airflow/example_dags/example_dynamic_task_mapping_with_no_taskflow_operators.py for tasks to queue
[2026-07-01T09:15:17.536+0000] {logging_mixin.py:190} INFO - [2026-07-01T09:15:17.536+0000] {dagbag.py:587} INFO - Filling up the DagBag from /home/airflow/.local/lib/python3.12/site-packages/airflow/example_dags/example_dynamic_task_mapping_with_no_taskflow_operators.py
[2026-07-01T09:15:17.542+0000] {processor.py:925} INFO - DAG(s) 'example_dynamic_task_mapping_with_no_taskflow_operators' retrieved from /home/airflow/.local/lib/python3.12/site-packages/airflow/example_dags/example_dynamic_task_mapping_with_no_taskflow_operators.py
[2026-07-01T09:15:17.556+0000] {logging_mixin.py:190} INFO - [2026-07-01T09:15:17.556+0000] {dag.py:3211} INFO - Sync 1 DAGs
[2026-07-01T09:15:17.570+0000] {logging_mixin.py:190} INFO - [2026-07-01T09:15:17.570+0000] {dag.py:4138} INFO - Setting next_dagrun for example_dynamic_task_mapping_with_no_taskflow_operators to 2026-06-30 00:00:00+00:00, run_after=2026-07-01 00:00:00+00:00
[2026-07-01T09:15:17.582+0000] {processor.py:208} INFO - Processing /home/airflow/.local/lib/python3.12/site-packages/airflow/example_dags/example_dynamic_task_mapping_with_no_taskflow_operators.py took 0.054 seconds
[2026-07-01T09:15:48.507+0000] {processor.py:186} INFO - Started process (PID=850) to work on /home/airflow/.local/lib/python3.12/site-packages/airflow/example_dags/example_dynamic_task_mapping_with_no_taskflow_operators.py
[2026-07-01T09:15:48.508+0000] {processor.py:914} INFO - Processing file /home/airflow/.local/lib/python3.12/site-packages/airflow/example_dags/example_dynamic_task_mapping_with_no_taskflow_operators.py for tasks to queue
[2026-07-01T09:15:48.510+0000] {logging_mixin.py:190} INFO - [2026-07-01T09:15:48.510+0000] {dagbag.py:587} INFO - Filling up the DagBag from /home/airflow/.local/lib/python3.12/site-packages/airflow/example_dags/example_dynamic_task_mapping_with_no_taskflow_operators.py
[2026-07-01T09:15:48.518+0000] {processor.py:925} INFO - DAG(s) 'example_dynamic_task_mapping_with_no_taskflow_operators' retrieved from /home/airflow/.local/lib/python3.12/site-packages/airflow/example_dags/example_dynamic_task_mapping_with_no_taskflow_operators.py
[2026-07-01T09:15:48.533+0000] {logging_mixin.py:190} INFO - [2026-07-01T09:15:48.533+0000] {dag.py:3211} INFO - Sync 1 DAGs
[2026-07-01T09:15:48.548+0000] {logging_mixin.py:190} INFO - [2026-07-01T09:15:48.548+0000] {dag.py:4138} INFO - Setting next_dagrun for example_dynamic_task_mapping_with_no_taskflow_operators to 2026-06-30 00:00:00+00:00, run_after=2026-07-01 00:00:00+00:00
[2026-07-01T09:15:48.562+0000] {processor.py:208} INFO - Processing /home/airflow/.local/lib/python3.12/site-packages/airflow/example_dags/example_dynamic_task_mapping_with_no_taskflow_operators.py took 0.060 seconds
[2026-07-01T09:16:18.722+0000] {processor.py:186} INFO - Started process (PID=912) to work on /home/airflow/.local/lib/python3.12/site-packages/airflow/example_dags/example_dynamic_task_mapping_with_no_taskflow_operators.py
[2026-07-01T09:16:18.722+0000] {processor.py:914} INFO - Processing file /home/airflow/.local/lib/python3.12/site-packages/airflow/example_dags/example_dynamic_task_mapping_with_no_taskflow_operators.py for tasks to queue
[2026-07-01T09:16:18.724+0000] {logging_mixin.py:190} INFO - [2026-07-01T09:16:18.724+0000] {dagbag.py:587} INFO - Filling up the DagBag from /home/airflow/.local/lib/python3.12/site-packages/airflow/example_dags/example_dynamic_task_mapping_with_no_taskflow_operators.py
[2026-07-01T09:16:18.731+0000] {processor.py:925} INFO - DAG(s) 'example_dynamic_task_mapping_with_no_taskflow_operators' retrieved from /home/airflow/.local/lib/python3.12/site-packages/airflow/example_dags/example_dynamic_task_mapping_with_no_taskflow_operators.py
[2026-07-01T09:16:18.745+0000] {logging_mixin.py:190} INFO - [2026-07-01T09:16:18.745+0000] {dag.py:3211} INFO - Sync 1 DAGs
[2026-07-01T09:16:18.759+0000] {logging_mixin.py:190} INFO - [2026-07-01T09:16:18.759+0000] {dag.py:4138} INFO - Setting next_dagrun for example_dynamic_task_mapping_with_no_taskflow_operators to 2026-06-30 00:00:00+00:00, run_after=2026-07-01 00:00:00+00:00
[2026-07-01T09:16:18.770+0000] {processor.py:208} INFO - Processing /home/airflow/.local/lib/python3.12/site-packages/airflow/example_dags/example_dynamic_task_mapping_with_no_taskflow_operators.py took 0.052 seconds
[2026-07-01T09:16:48.968+0000] {processor.py:186} INFO - Started process (PID=974) to work on /home/airflow/.local/lib/python3.12/site-packages/airflow/example_dags/example_dynamic_task_mapping_with_no_taskflow_operators.py
[2026-07-01T09:16:48.969+0000] {processor.py:914} INFO - Processing file /home/airflow/.local/lib/python3.12/site-packages/airflow/example_dags/example_dynamic_task_mapping_with_no_taskflow_operators.py for tasks to queue
[2026-07-01T09:16:48.971+0000] {logging_mixin.py:190} INFO - [2026-07-01T09:16:48.970+0000] {dagbag.py:587} INFO - Filling up the DagBag from /home/airflow/.local/lib/python3.12/site-packages/airflow/example_dags/example_dynamic_task_mapping_with_no_taskflow_operators.py
[2026-07-01T09:16:48.978+0000] {processor.py:925} INFO - DAG(s) 'example_dynamic_task_mapping_with_no_taskflow_operators' retrieved from /home/airflow/.local/lib/python3.12/site-packages/airflow/example_dags/example_dynamic_task_mapping_with_no_taskflow_operators.py
[2026-07-01T09:16:48.991+0000] {logging_mixin.py:190} INFO - [2026-07-01T09:16:48.991+0000] {dag.py:3211} INFO - Sync 1 DAGs
[2026-07-01T09:16:49.008+0000] {logging_mixin.py:190} INFO - [2026-07-01T09:16:49.008+0000] {dag.py:4138} INFO - Setting next_dagrun for example_dynamic_task_mapping_with_no_taskflow_operators to 2026-06-30 00:00:00+00:00, run_after=2026-07-01 00:00:00+00:00
[2026-07-01T09:16:49.020+0000] {processor.py:208} INFO - Processing /home/airflow/.local/lib/python3.12/site-packages/airflow/example_dags/example_dynamic_task_mapping_with_no_taskflow_operators.py took 0.055 seconds
[2026-07-01T09:17:19.460+0000] {processor.py:186} INFO - Started process (PID=1036) to work on /home/airflow/.local/lib/python3.12/site-packages/airflow/example_dags/example_dynamic_task_mapping_with_no_taskflow_operators.py
[2026-07-01T09:17:19.463+0000] {processor.py:914} INFO - Processing file /home/airflow/.local/lib/python3.12/site-packages/airflow/example_dags/example_dynamic_task_mapping_with_no_taskflow_operators.py for tasks to queue
[2026-07-01T09:17:19.465+0000] {logging_mixin.py:190} INFO - [2026-07-01T09:17:19.464+0000] {dagbag.py:587} INFO - Filling up the DagBag from /home/airflow/.local/lib/python3.12/site-packages/airflow/example_dags/example_dynamic_task_mapping_with_no_taskflow_operators.py
[2026-07-01T09:17:19.472+0000] {processor.py:925} INFO - DAG(s) 'example_dynamic_task_mapping_with_no_taskflow_operators' retrieved from /home/airflow/.local/lib/python3.12/site-packages/airflow/example_dags/example_dynamic_task_mapping_with_no_taskflow_operators.py
[2026-07-01T09:17:19.488+0000] {logging_mixin.py:190} INFO - [2026-07-01T09:17:19.487+0000] {dag.py:3211} INFO - Sync 1 DAGs
[2026-07-01T09:17:19.506+0000] {logging_mixin.py:190} INFO - [2026-07-01T09:17:19.506+0000] {dag.py:4138} INFO - Setting next_dagrun for example_dynamic_task_mapping_with_no_taskflow_operators to 2026-06-30 00:00:00+00:00, run_after=2026-07-01 00:00:00+00:00
[2026-07-01T09:17:19.520+0000] {processor.py:208} INFO - Processing /home/airflow/.local/lib/python3.12/site-packages/airflow/example_dags/example_dynamic_task_mapping_with_no_taskflow_operators.py took 0.065 seconds
[2026-07-01T09:17:49.669+0000] {processor.py:186} INFO - Started process (PID=1098) to work on /home/airflow/.local/lib/python3.12/site-packages/airflow/example_dags/example_dynamic_task_mapping_with_no_taskflow_operators.py
[2026-07-01T09:17:49.670+0000] {processor.py:914} INFO - Processing file /home/airflow/.local/lib/python3.12/site-packages/airflow/example_dags/example_dynamic_task_mapping_with_no_taskflow_operators.py for tasks to queue
[2026-07-01T09:17:49.673+0000] {logging_mixin.py:190} INFO - [2026-07-01T09:17:49.673+0000] {dagbag.py:587} INFO - Filling up the DagBag from /home/airflow/.local/lib/python3.12/site-packages/airflow/example_dags/example_dynamic_task_mapping_with_no_taskflow_operators.py
[2026-07-01T09:17:49.681+0000] {processor.py:925} INFO - DAG(s) 'example_dynamic_task_mapping_with_no_taskflow_operators' retrieved from /home/airflow/.local/lib/python3.12/site-packages/airflow/example_dags/example_dynamic_task_mapping_with_no_taskflow_operators.py
[2026-07-01T09:17:49.699+0000] {logging_mixin.py:190} INFO - [2026-07-01T09:17:49.698+0000] {dag.py:3211} INFO - Sync 1 DAGs
[2026-07-01T09:17:49.718+0000] {logging_mixin.py:190} INFO - [2026-07-01T09:17:49.718+0000] {dag.py:4138} INFO - Setting next_dagrun for example_dynamic_task_mapping_with_no_taskflow_operators to 2026-06-30 00:00:00+00:00, run_after=2026-07-01 00:00:00+00:00
[2026-07-01T09:17:49.734+0000] {processor.py:208} INFO - Processing /home/airflow/.local/lib/python3.12/site-packages/airflow/example_dags/example_dynamic_task_mapping_with_no_taskflow_operators.py took 0.070 seconds
[2026-07-01T09:18:20.149+0000] {processor.py:186} INFO - Started process (PID=1160) to work on /home/airflow/.local/lib/python3.12/site-packages/airflow/example_dags/example_dynamic_task_mapping_with_no_taskflow_operators.py
[2026-07-01T09:18:20.150+0000] {processor.py:914} INFO - Processing file /home/airflow/.local/lib/python3.12/site-packages/airflow/example_dags/example_dynamic_task_mapping_with_no_taskflow_operators.py for tasks to queue
[2026-07-01T09:18:20.152+0000] {logging_mixin.py:190} INFO - [2026-07-01T09:18:20.151+0000] {dagbag.py:587} INFO - Filling up the DagBag from /home/airflow/.local/lib/python3.12/site-packages/airflow/example_dags/example_dynamic_task_mapping_with_no_taskflow_operators.py
[2026-07-01T09:18:20.159+0000] {processor.py:925} INFO - DAG(s) 'example_dynamic_task_mapping_with_no_taskflow_operators' retrieved from /home/airflow/.local/lib/python3.12/site-packages/airflow/example_dags/example_dynamic_task_mapping_with_no_taskflow_operators.py
[2026-07-01T09:18:20.173+0000] {logging_mixin.py:190} INFO - [2026-07-01T09:18:20.173+0000] {dag.py:3211} INFO - Sync 1 DAGs
[2026-07-01T09:18:20.188+0000] {logging_mixin.py:190} INFO - [2026-07-01T09:18:20.188+0000] {dag.py:4138} INFO - Setting next_dagrun for example_dynamic_task_mapping_with_no_taskflow_operators to 2026-06-30 00:00:00+00:00, run_after=2026-07-01 00:00:00+00:00
[2026-07-01T09:18:20.199+0000] {processor.py:208} INFO - Processing /home/airflow/.local/lib/python3.12/site-packages/airflow/example_dags/example_dynamic_task_mapping_with_no_taskflow_operators.py took 0.055 seconds
[2026-07-01T09:18:51.116+0000] {processor.py:186} INFO - Started process (PID=1222) to work on /home/airflow/.local/lib/python3.12/site-packages/airflow/example_dags/example_dynamic_task_mapping_with_no_taskflow_operators.py
[2026-07-01T09:18:51.117+0000] {processor.py:914} INFO - Processing file /home/airflow/.local/lib/python3.12/site-packages/airflow/example_dags/example_dynamic_task_mapping_with_no_taskflow_operators.py for tasks to queue
[2026-07-01T09:18:51.118+0000] {logging_mixin.py:190} INFO - [2026-07-01T09:18:51.118+0000] {dagbag.py:587} INFO - Filling up the DagBag from /home/airflow/.local/lib/python3.12/site-packages/airflow/example_dags/example_dynamic_task_mapping_with_no_taskflow_operators.py
[2026-07-01T09:18:51.126+0000] {processor.py:925} INFO - DAG(s) 'example_dynamic_task_mapping_with_no_taskflow_operators' retrieved from /home/airflow/.local/lib/python3.12/site-packages/airflow/example_dags/example_dynamic_task_mapping_with_no_taskflow_operators.py
[2026-07-01T09:18:51.142+0000] {logging_mixin.py:190} INFO - [2026-07-01T09:18:51.142+0000] {dag.py:3211} INFO - Sync 1 DAGs
[2026-07-01T09:18:51.159+0000] {logging_mixin.py:190} INFO - [2026-07-01T09:18:51.159+0000] {dag.py:4138} INFO - Setting next_dagrun for example_dynamic_task_mapping_with_no_taskflow_operators to 2026-06-30 00:00:00+00:00, run_after=2026-07-01 00:00:00+00:00
[2026-07-01T09:18:51.173+0000] {processor.py:208} INFO - Processing /home/airflow/.local/lib/python3.12/site-packages/airflow/example_dags/example_dynamic_task_mapping_with_no_taskflow_operators.py took 0.062 seconds
[2026-07-01T09:19:21.778+0000] {processor.py:186} INFO - Started process (PID=1284) to work on /home/airflow/.local/lib/python3.12/site-packages/airflow/example_dags/example_dynamic_task_mapping_with_no_taskflow_operators.py
[2026-07-01T09:19:21.780+0000] {processor.py:914} INFO - Processing file /home/airflow/.local/lib/python3.12/site-packages/airflow/example_dags/example_dynamic_task_mapping_with_no_taskflow_operators.py for tasks to queue
[2026-07-01T09:19:21.782+0000] {logging_mixin.py:190} INFO - [2026-07-01T09:19:21.782+0000] {dagbag.py:587} INFO - Filling up the DagBag from /home/airflow/.local/lib/python3.12/site-packages/airflow/example_dags/example_dynamic_task_mapping_with_no_taskflow_operators.py
[2026-07-01T09:19:21.790+0000] {processor.py:925} INFO - DAG(s) 'example_dynamic_task_mapping_with_no_taskflow_operators' retrieved from /home/airflow/.local/lib/python3.12/site-packages/airflow/example_dags/example_dynamic_task_mapping_with_no_taskflow_operators.py
[2026-07-01T09:19:21.807+0000] {logging_mixin.py:190} INFO - [2026-07-01T09:19:21.807+0000] {dag.py:3211} INFO - Sync 1 DAGs
[2026-07-01T09:19:21.823+0000] {logging_mixin.py:190} INFO - [2026-07-01T09:19:21.823+0000] {dag.py:4138} INFO - Setting next_dagrun for example_dynamic_task_mapping_with_no_taskflow_operators to 2026-06-30 00:00:00+00:00, run_after=2026-07-01 00:00:00+00:00
[2026-07-01T09:19:21.838+0000] {processor.py:208} INFO - Processing /home/airflow/.local/lib/python3.12/site-packages/airflow/example_dags/example_dynamic_task_mapping_with_no_taskflow_operators.py took 0.064 seconds
[2026-07-01T09:19:52.531+0000] {processor.py:186} INFO - Started process (PID=1346) to work on /home/airflow/.local/lib/python3.12/site-packages/airflow/example_dags/example_dynamic_task_mapping_with_no_taskflow_operators.py
[2026-07-01T09:19:52.532+0000] {processor.py:914} INFO - Processing file /home/airflow/.local/lib/python3.12/site-packages/airflow/example_dags/example_dynamic_task_mapping_with_no_taskflow_operators.py for tasks to queue
[2026-07-01T09:19:52.534+0000] {logging_mixin.py:190} INFO - [2026-07-01T09:19:52.534+0000] {dagbag.py:587} INFO - Filling up the DagBag from /home/airflow/.local/lib/python3.12/site-packages/airflow/example_dags/example_dynamic_task_mapping_with_no_taskflow_operators.py
[2026-07-01T09:19:52.540+0000] {processor.py:925} INFO - DAG(s) 'example_dynamic_task_mapping_with_no_taskflow_operators' retrieved from /home/airflow/.local/lib/python3.12/site-packages/airflow/example_dags/example_dynamic_task_mapping_with_no_taskflow_operators.py
[2026-07-01T09:19:52.555+0000] {logging_mixin.py:190} INFO - [2026-07-01T09:19:52.555+0000] {dag.py:3211} INFO - Sync 1 DAGs
[2026-07-01T09:19:52.571+0000] {logging_mixin.py:190} INFO - [2026-07-01T09:19:52.571+0000] {dag.py:4138} INFO - Setting next_dagrun for example_dynamic_task_mapping_with_no_taskflow_operators to 2026-06-30 00:00:00+00:00, run_after=2026-07-01 00:00:00+00:00
[2026-07-01T09:19:52.584+0000] {processor.py:208} INFO - Processing /home/airflow/.local/lib/python3.12/site-packages/airflow/example_dags/example_dynamic_task_mapping_with_no_taskflow_operators.py took 0.057 seconds
[2026-07-01T09:20:23.307+0000] {processor.py:186} INFO - Started process (PID=1408) to work on /home/airflow/.local/lib/python3.12/site-packages/airflow/example_dags/example_dynamic_task_mapping_with_no_taskflow_operators.py
[2026-07-01T09:20:23.308+0000] {processor.py:914} INFO - Processing file /home/airflow/.local/lib/python3.12/site-packages/airflow/example_dags/example_dynamic_task_mapping_with_no_taskflow_operators.py for tasks to queue
[2026-07-01T09:20:23.311+0000] {logging_mixin.py:190} INFO - [2026-07-01T09:20:23.311+0000] {dagbag.py:587} INFO - Filling up the DagBag from /home/airflow/.local/lib/python3.12/site-packages/airflow/example_dags/example_dynamic_task_mapping_with_no_taskflow_operators.py
[2026-07-01T09:20:23.319+0000] {processor.py:925} INFO - DAG(s) 'example_dynamic_task_mapping_with_no_taskflow_operators' retrieved from /home/airflow/.local/lib/python3.12/site-packages/airflow/example_dags/example_dynamic_task_mapping_with_no_taskflow_operators.py
[2026-07-01T09:20:23.335+0000] {logging_mixin.py:190} INFO - [2026-07-01T09:20:23.335+0000] {dag.py:3211} INFO - Sync 1 DAGs
[2026-07-01T09:20:23.351+0000] {logging_mixin.py:190} INFO - [2026-07-01T09:20:23.351+0000] {dag.py:4138} INFO - Setting next_dagrun for example_dynamic_task_mapping_with_no_taskflow_operators to 2026-06-30 00:00:00+00:00, run_after=2026-07-01 00:00:00+00:00
[2026-07-01T09:20:23.365+0000] {processor.py:208} INFO - Processing /home/airflow/.local/lib/python3.12/site-packages/airflow/example_dags/example_dynamic_task_mapping_with_no_taskflow_operators.py took 0.063 seconds
[2026-07-01T09:20:54.157+0000] {processor.py:186} INFO - Started process (PID=1470) to work on /home/airflow/.local/lib/python3.12/site-packages/airflow/example_dags/example_dynamic_task_mapping_with_no_taskflow_operators.py
[2026-07-01T09:20:54.158+0000] {processor.py:914} INFO - Processing file /home/airflow/.local/lib/python3.12/site-packages/airflow/example_dags/example_dynamic_task_mapping_with_no_taskflow_operators.py for tasks to queue
[2026-07-01T09:20:54.160+0000] {logging_mixin.py:190} INFO - [2026-07-01T09:20:54.160+0000] {dagbag.py:587} INFO - Filling up the DagBag from /home/airflow/.local/lib/python3.12/site-packages/airflow/example_dags/example_dynamic_task_mapping_with_no_taskflow_operators.py
[2026-07-01T09:20:54.166+0000] {processor.py:925} INFO - DAG(s) 'example_dynamic_task_mapping_with_no_taskflow_operators' retrieved from /home/airflow/.local/lib/python3.12/site-packages/airflow/example_dags/example_dynamic_task_mapping_with_no_taskflow_operators.py
[2026-07-01T09:20:54.181+0000] {logging_mixin.py:190} INFO - [2026-07-01T09:20:54.180+0000] {dag.py:3211} INFO - Sync 1 DAGs
[2026-07-01T09:20:54.197+0000] {logging_mixin.py:190} INFO - [2026-07-01T09:20:54.196+0000] {dag.py:4138} INFO - Setting next_dagrun for example_dynamic_task_mapping_with_no_taskflow_operators to 2026-06-30 00:00:00+00:00, run_after=2026-07-01 00:00:00+00:00
[2026-07-01T09:20:54.208+0000] {processor.py:208} INFO - Processing /home/airflow/.local/lib/python3.12/site-packages/airflow/example_dags/example_dynamic_task_mapping_with_no_taskflow_operators.py took 0.055 seconds
[2026-07-01T09:21:24.359+0000] {processor.py:186} INFO - Started process (PID=1532) to work on /home/airflow/.local/lib/python3.12/site-packages/airflow/example_dags/example_dynamic_task_mapping_with_no_taskflow_operators.py
[2026-07-01T09:21:24.360+0000] {processor.py:914} INFO - Processing file /home/airflow/.local/lib/python3.12/site-packages/airflow/example_dags/example_dynamic_task_mapping_with_no_taskflow_operators.py for tasks to queue
[2026-07-01T09:21:24.362+0000] {logging_mixin.py:190} INFO - [2026-07-01T09:21:24.361+0000] {dagbag.py:587} INFO - Filling up the DagBag from /home/airflow/.local/lib/python3.12/site-packages/airflow/example_dags/example_dynamic_task_mapping_with_no_taskflow_operators.py
[2026-07-01T09:21:24.369+0000] {processor.py:925} INFO - DAG(s) 'example_dynamic_task_mapping_with_no_taskflow_operators' retrieved from /home/airflow/.local/lib/python3.12/site-packages/airflow/example_dags/example_dynamic_task_mapping_with_no_taskflow_operators.py
[2026-07-01T09:21:24.383+0000] {logging_mixin.py:190} INFO - [2026-07-01T09:21:24.383+0000] {dag.py:3211} INFO - Sync 1 DAGs
[2026-07-01T09:21:24.398+0000] {logging_mixin.py:190} INFO - [2026-07-01T09:21:24.397+0000] {dag.py:4138} INFO - Setting next_dagrun for example_dynamic_task_mapping_with_no_taskflow_operators to 2026-06-30 00:00:00+00:00, run_after=2026-07-01 00:00:00+00:00
[2026-07-01T09:21:24.411+0000] {processor.py:208} INFO - Processing /home/airflow/.local/lib/python3.12/site-packages/airflow/example_dags/example_dynamic_task_mapping_with_no_taskflow_operators.py took 0.056 seconds
[2026-07-01T09:21:54.658+0000] {processor.py:186} INFO - Started process (PID=1594) to work on /home/airflow/.local/lib/python3.12/site-packages/airflow/example_dags/example_dynamic_task_mapping_with_no_taskflow_operators.py
[2026-07-01T09:21:54.659+0000] {processor.py:914} INFO - Processing file /home/airflow/.local/lib/python3.12/site-packages/airflow/example_dags/example_dynamic_task_mapping_with_no_taskflow_operators.py for tasks to queue
[2026-07-01T09:21:54.661+0000] {logging_mixin.py:190} INFO - [2026-07-01T09:21:54.660+0000] {dagbag.py:587} INFO - Filling up the DagBag from /home/airflow/.local/lib/python3.12/site-packages/airflow/example_dags/example_dynamic_task_mapping_with_no_taskflow_operators.py
[2026-07-01T09:21:54.667+0000] {processor.py:925} INFO - DAG(s) 'example_dynamic_task_mapping_with_no_taskflow_operators' retrieved from /home/airflow/.local/lib/python3.12/site-packages/airflow/example_dags/example_dynamic_task_mapping_with_no_taskflow_operators.py
[2026-07-01T09:21:54.683+0000] {logging_mixin.py:190} INFO - [2026-07-01T09:21:54.682+0000] {dag.py:3211} INFO - Sync 1 DAGs
[2026-07-01T09:21:54.698+0000] {logging_mixin.py:190} INFO - [2026-07-01T09:21:54.698+0000] {dag.py:4138} INFO - Setting next_dagrun for example_dynamic_task_mapping_with_no_taskflow_operators to 2026-06-30 00:00:00+00:00, run_after=2026-07-01 00:00:00+00:00
[2026-07-01T09:21:54.711+0000] {processor.py:208} INFO - Processing /home/airflow/.local/lib/python3.12/site-packages/airflow/example_dags/example_dynamic_task_mapping_with_no_taskflow_operators.py took 0.058 seconds
[2026-07-01T09:22:25.028+0000] {processor.py:186} INFO - Started process (PID=1656) to work on /home/airflow/.local/lib/python3.12/site-packages/airflow/example_dags/example_dynamic_task_mapping_with_no_taskflow_operators.py
[2026-07-01T09:22:25.029+0000] {processor.py:914} INFO - Processing file /home/airflow/.local/lib/python3.12/site-packages/airflow/example_dags/example_dynamic_task_mapping_with_no_taskflow_operators.py for tasks to queue
[2026-07-01T09:22:25.031+0000] {logging_mixin.py:190} INFO - [2026-07-01T09:22:25.031+0000] {dagbag.py:587} INFO - Filling up the DagBag from /home/airflow/.local/lib/python3.12/site-packages/airflow/example_dags/example_dynamic_task_mapping_with_no_taskflow_operators.py
[2026-07-01T09:22:25.038+0000] {processor.py:925} INFO - DAG(s) 'example_dynamic_task_mapping_with_no_taskflow_operators' retrieved from /home/airflow/.local/lib/python3.12/site-packages/airflow/example_dags/example_dynamic_task_mapping_with_no_taskflow_operators.py
[2026-07-01T09:22:25.054+0000] {logging_mixin.py:190} INFO - [2026-07-01T09:22:25.054+0000] {dag.py:3211} INFO - Sync 1 DAGs
[2026-07-01T09:22:25.071+0000] {logging_mixin.py:190} INFO - [2026-07-01T09:22:25.070+0000] {dag.py:4138} INFO - Setting next_dagrun for example_dynamic_task_mapping_with_no_taskflow_operators to 2026-06-30 00:00:00+00:00, run_after=2026-07-01 00:00:00+00:00
[2026-07-01T09:22:25.088+0000] {processor.py:208} INFO - Processing /home/airflow/.local/lib/python3.12/site-packages/airflow/example_dags/example_dynamic_task_mapping_with_no_taskflow_operators.py took 0.064 seconds
[2026-07-01T09:22:55.960+0000] {processor.py:186} INFO - Started process (PID=1718) to work on /home/airflow/.local/lib/python3.12/site-packages/airflow/example_dags/example_dynamic_task_mapping_with_no_taskflow_operators.py
[2026-07-01T09:22:55.961+0000] {processor.py:914} INFO - Processing file /home/airflow/.local/lib/python3.12/site-packages/airflow/example_dags/example_dynamic_task_mapping_with_no_taskflow_operators.py for tasks to queue
[2026-07-01T09:22:55.963+0000] {logging_mixin.py:190} INFO - [2026-07-01T09:22:55.962+0000] {dagbag.py:587} INFO - Filling up the DagBag from /home/airflow/.local/lib/python3.12/site-packages/airflow/example_dags/example_dynamic_task_mapping_with_no_taskflow_operators.py
[2026-07-01T09:22:55.969+0000] {processor.py:925} INFO - DAG(s) 'example_dynamic_task_mapping_with_no_taskflow_operators' retrieved from /home/airflow/.local/lib/python3.12/site-packages/airflow/example_dags/example_dynamic_task_mapping_with_no_taskflow_operators.py
[2026-07-01T09:22:55.981+0000] {logging_mixin.py:190} INFO - [2026-07-01T09:22:55.981+0000] {dag.py:3211} INFO - Sync 1 DAGs
[2026-07-01T09:22:55.996+0000] {logging_mixin.py:190} INFO - [2026-07-01T09:22:55.996+0000] {dag.py:4138} INFO - Setting next_dagrun for example_dynamic_task_mapping_with_no_taskflow_operators to 2026-06-30 00:00:00+00:00, run_after=2026-07-01 00:00:00+00:00
[2026-07-01T09:22:56.008+0000] {processor.py:208} INFO - Processing /home/airflow/.local/lib/python3.12/site-packages/airflow/example_dags/example_dynamic_task_mapping_with_no_taskflow_operators.py took 0.052 seconds
[2026-07-01T09:23:26.427+0000] {processor.py:186} INFO - Started process (PID=1780) to work on /home/airflow/.local/lib/python3.12/site-packages/airflow/example_dags/example_dynamic_task_mapping_with_no_taskflow_operators.py
[2026-07-01T09:23:26.428+0000] {processor.py:914} INFO - Processing file /home/airflow/.local/lib/python3.12/site-packages/airflow/example_dags/example_dynamic_task_mapping_with_no_taskflow_operators.py for tasks to queue
[2026-07-01T09:23:26.430+0000] {logging_mixin.py:190} INFO - [2026-07-01T09:23:26.430+0000] {dagbag.py:587} INFO - Filling up the DagBag from /home/airflow/.local/lib/python3.12/site-packages/airflow/example_dags/example_dynamic_task_mapping_with_no_taskflow_operators.py
[2026-07-01T09:23:26.439+0000] {processor.py:925} INFO - DAG(s) 'example_dynamic_task_mapping_with_no_taskflow_operators' retrieved from /home/airflow/.local/lib/python3.12/site-packages/airflow/example_dags/example_dynamic_task_mapping_with_no_taskflow_operators.py
[2026-07-01T09:23:26.456+0000] {logging_mixin.py:190} INFO - [2026-07-01T09:23:26.456+0000] {dag.py:3211} INFO - Sync 1 DAGs
[2026-07-01T09:23:26.474+0000] {logging_mixin.py:190} INFO - [2026-07-01T09:23:26.474+0000] {dag.py:4138} INFO - Setting next_dagrun for example_dynamic_task_mapping_with_no_taskflow_operators to 2026-06-30 00:00:00+00:00, run_after=2026-07-01 00:00:00+00:00
[2026-07-01T09:23:26.489+0000] {processor.py:208} INFO - Processing /home/airflow/.local/lib/python3.12/site-packages/airflow/example_dags/example_dynamic_task_mapping_with_no_taskflow_operators.py took 0.068 seconds
[2026-07-01T09:23:56.743+0000] {processor.py:186} INFO - Started process (PID=1842) to work on /home/airflow/.local/lib/python3.12/site-packages/airflow/example_dags/example_dynamic_task_mapping_with_no_taskflow_operators.py
[2026-07-01T09:23:56.744+0000] {processor.py:914} INFO - Processing file /home/airflow/.local/lib/python3.12/site-packages/airflow/example_dags/example_dynamic_task_mapping_with_no_taskflow_operators.py for tasks to queue
[2026-07-01T09:23:56.746+0000] {logging_mixin.py:190} INFO - [2026-07-01T09:23:56.746+0000] {dagbag.py:587} INFO - Filling up the DagBag from /home/airflow/.local/lib/python3.12/site-packages/airflow/example_dags/example_dynamic_task_mapping_with_no_taskflow_operators.py
[2026-07-01T09:23:56.753+0000] {processor.py:925} INFO - DAG(s) 'example_dynamic_task_mapping_with_no_taskflow_operators' retrieved from /home/airflow/.local/lib/python3.12/site-packages/airflow/example_dags/example_dynamic_task_mapping_with_no_taskflow_operators.py
[2026-07-01T09:23:56.769+0000] {logging_mixin.py:190} INFO - [2026-07-01T09:23:56.769+0000] {dag.py:3211} INFO - Sync 1 DAGs
[2026-07-01T09:23:56.784+0000] {logging_mixin.py:190} INFO - [2026-07-01T09:23:56.784+0000] {dag.py:4138} INFO - Setting next_dagrun for example_dynamic_task_mapping_with_no_taskflow_operators to 2026-06-30 00:00:00+00:00, run_after=2026-07-01 00:00:00+00:00
[2026-07-01T09:23:56.796+0000] {processor.py:208} INFO - Processing /home/airflow/.local/lib/python3.12/site-packages/airflow/example_dags/example_dynamic_task_mapping_with_no_taskflow_operators.py took 0.057 seconds
[2026-07-01T09:24:27.045+0000] {processor.py:186} INFO - Started process (PID=1904) to work on /home/airflow/.local/lib/python3.12/site-packages/airflow/example_dags/example_dynamic_task_mapping_with_no_taskflow_operators.py
[2026-07-01T09:24:27.046+0000] {processor.py:914} INFO - Processing file /home/airflow/.local/lib/python3.12/site-packages/airflow/example_dags/example_dynamic_task_mapping_with_no_taskflow_operators.py for tasks to queue
[2026-07-01T09:24:27.048+0000] {logging_mixin.py:190} INFO - [2026-07-01T09:24:27.048+0000] {dagbag.py:587} INFO - Filling up the DagBag from /home/airflow/.local/lib/python3.12/site-packages/airflow/example_dags/example_dynamic_task_mapping_with_no_taskflow_operators.py
[2026-07-01T09:24:27.054+0000] {processor.py:925} INFO - DAG(s) 'example_dynamic_task_mapping_with_no_taskflow_operators' retrieved from /home/airflow/.local/lib/python3.12/site-packages/airflow/example_dags/example_dynamic_task_mapping_with_no_taskflow_operators.py
[2026-07-01T09:24:27.067+0000] {logging_mixin.py:190} INFO - [2026-07-01T09:24:27.067+0000] {dag.py:3211} INFO - Sync 1 DAGs
[2026-07-01T09:24:27.081+0000] {logging_mixin.py:190} INFO - [2026-07-01T09:24:27.081+0000] {dag.py:4138} INFO - Setting next_dagrun for example_dynamic_task_mapping_with_no_taskflow_operators to 2026-06-30 00:00:00+00:00, run_after=2026-07-01 00:00:00+00:00
[2026-07-01T09:24:27.093+0000] {processor.py:208} INFO - Processing /home/airflow/.local/lib/python3.12/site-packages/airflow/example_dags/example_dynamic_task_mapping_with_no_taskflow_operators.py took 0.052 seconds
[2026-07-01T09:24:57.907+0000] {processor.py:186} INFO - Started process (PID=1966) to work on /home/airflow/.local/lib/python3.12/site-packages/airflow/example_dags/example_dynamic_task_mapping_with_no_taskflow_operators.py
[2026-07-01T09:24:57.907+0000] {processor.py:914} INFO - Processing file /home/airflow/.local/lib/python3.12/site-packages/airflow/example_dags/example_dynamic_task_mapping_with_no_taskflow_operators.py for tasks to queue
[2026-07-01T09:24:57.910+0000] {logging_mixin.py:190} INFO - [2026-07-01T09:24:57.909+0000] {dagbag.py:587} INFO - Filling up the DagBag from /home/airflow/.local/lib/python3.12/site-packages/airflow/example_dags/example_dynamic_task_mapping_with_no_taskflow_operators.py
[2026-07-01T09:24:57.917+0000] {processor.py:925} INFO - DAG(s) 'example_dynamic_task_mapping_with_no_taskflow_operators' retrieved from /home/airflow/.local/lib/python3.12/site-packages/airflow/example_dags/example_dynamic_task_mapping_with_no_taskflow_operators.py
[2026-07-01T09:24:57.931+0000] {logging_mixin.py:190} INFO - [2026-07-01T09:24:57.931+0000] {dag.py:3211} INFO - Sync 1 DAGs
[2026-07-01T09:24:57.946+0000] {logging_mixin.py:190} INFO - [2026-07-01T09:24:57.946+0000] {dag.py:4138} INFO - Setting next_dagrun for example_dynamic_task_mapping_with_no_taskflow_operators to 2026-06-30 00:00:00+00:00, run_after=2026-07-01 00:00:00+00:00
[2026-07-01T09:24:57.957+0000] {processor.py:208} INFO - Processing /home/airflow/.local/lib/python3.12/site-packages/airflow/example_dags/example_dynamic_task_mapping_with_no_taskflow_operators.py took 0.055 seconds
[2026-07-01T09:25:28.470+0000] {processor.py:186} INFO - Started process (PID=2028) to work on /home/airflow/.local/lib/python3.12/site-packages/airflow/example_dags/example_dynamic_task_mapping_with_no_taskflow_operators.py
[2026-07-01T09:25:28.471+0000] {processor.py:914} INFO - Processing file /home/airflow/.local/lib/python3.12/site-packages/airflow/example_dags/example_dynamic_task_mapping_with_no_taskflow_operators.py for tasks to queue
[2026-07-01T09:25:28.473+0000] {logging_mixin.py:190} INFO - [2026-07-01T09:25:28.473+0000] {dagbag.py:587} INFO - Filling up the DagBag from /home/airflow/.local/lib/python3.12/site-packages/airflow/example_dags/example_dynamic_task_mapping_with_no_taskflow_operators.py
[2026-07-01T09:25:28.482+0000] {processor.py:925} INFO - DAG(s) 'example_dynamic_task_mapping_with_no_taskflow_operators' retrieved from /home/airflow/.local/lib/python3.12/site-packages/airflow/example_dags/example_dynamic_task_mapping_with_no_taskflow_operators.py
[2026-07-01T09:25:28.500+0000] {logging_mixin.py:190} INFO - [2026-07-01T09:25:28.500+0000] {dag.py:3211} INFO - Sync 1 DAGs
[2026-07-01T09:25:28.519+0000] {logging_mixin.py:190} INFO - [2026-07-01T09:25:28.519+0000] {dag.py:4138} INFO - Setting next_dagrun for example_dynamic_task_mapping_with_no_taskflow_operators to 2026-06-30 00:00:00+00:00, run_after=2026-07-01 00:00:00+00:00
[2026-07-01T09:25:28.533+0000] {processor.py:208} INFO - Processing /home/airflow/.local/lib/python3.12/site-packages/airflow/example_dags/example_dynamic_task_mapping_with_no_taskflow_operators.py took 0.070 seconds
[2026-07-01T09:30:09.211+0000] {processor.py:186} INFO - Started process (PID=2084) to work on /home/airflow/.local/lib/python3.12/site-packages/airflow/example_dags/example_dynamic_task_mapping_with_no_taskflow_operators.py
[2026-07-01T09:30:09.213+0000] {processor.py:914} INFO - Processing file /home/airflow/.local/lib/python3.12/site-packages/airflow/example_dags/example_dynamic_task_mapping_with_no_taskflow_operators.py for tasks to queue
[2026-07-01T09:30:09.215+0000] {logging_mixin.py:190} INFO - [2026-07-01T09:30:09.214+0000] {dagbag.py:587} INFO - Filling up the DagBag from /home/airflow/.local/lib/python3.12/site-packages/airflow/example_dags/example_dynamic_task_mapping_with_no_taskflow_operators.py
[2026-07-01T09:30:09.222+0000] {processor.py:925} INFO - DAG(s) 'example_dynamic_task_mapping_with_no_taskflow_operators' retrieved from /home/airflow/.local/lib/python3.12/site-packages/airflow/example_dags/example_dynamic_task_mapping_with_no_taskflow_operators.py
[2026-07-01T09:30:09.241+0000] {logging_mixin.py:190} INFO - [2026-07-01T09:30:09.241+0000] {dag.py:3211} INFO - Sync 1 DAGs
[2026-07-01T09:30:09.262+0000] {logging_mixin.py:190} INFO - [2026-07-01T09:30:09.262+0000] {dag.py:4138} INFO - Setting next_dagrun for example_dynamic_task_mapping_with_no_taskflow_operators to 2026-06-30 00:00:00+00:00, run_after=2026-07-01 00:00:00+00:00
[2026-07-01T09:30:09.281+0000] {processor.py:208} INFO - Processing /home/airflow/.local/lib/python3.12/site-packages/airflow/example_dags/example_dynamic_task_mapping_with_no_taskflow_operators.py took 0.074 seconds
[2026-07-01T09:30:39.659+0000] {processor.py:186} INFO - Started process (PID=2146) to work on /home/airflow/.local/lib/python3.12/site-packages/airflow/example_dags/example_dynamic_task_mapping_with_no_taskflow_operators.py
[2026-07-01T09:30:39.660+0000] {processor.py:914} INFO - Processing file /home/airflow/.local/lib/python3.12/site-packages/airflow/example_dags/example_dynamic_task_mapping_with_no_taskflow_operators.py for tasks to queue
[2026-07-01T09:30:39.663+0000] {logging_mixin.py:190} INFO - [2026-07-01T09:30:39.662+0000] {dagbag.py:587} INFO - Filling up the DagBag from /home/airflow/.local/lib/python3.12/site-packages/airflow/example_dags/example_dynamic_task_mapping_with_no_taskflow_operators.py
[2026-07-01T09:30:39.669+0000] {processor.py:925} INFO - DAG(s) 'example_dynamic_task_mapping_with_no_taskflow_operators' retrieved from /home/airflow/.local/lib/python3.12/site-packages/airflow/example_dags/example_dynamic_task_mapping_with_no_taskflow_operators.py
[2026-07-01T09:30:39.685+0000] {logging_mixin.py:190} INFO - [2026-07-01T09:30:39.685+0000] {dag.py:3211} INFO - Sync 1 DAGs
[2026-07-01T09:30:39.701+0000] {logging_mixin.py:190} INFO - [2026-07-01T09:30:39.701+0000] {dag.py:4138} INFO - Setting next_dagrun for example_dynamic_task_mapping_with_no_taskflow_operators to 2026-06-30 00:00:00+00:00, run_after=2026-07-01 00:00:00+00:00
[2026-07-01T09:30:39.715+0000] {processor.py:208} INFO - Processing /home/airflow/.local/lib/python3.12/site-packages/airflow/example_dags/example_dynamic_task_mapping_with_no_taskflow_operators.py took 0.060 seconds
[2026-07-01T09:31:10.058+0000] {processor.py:186} INFO - Started process (PID=2208) to work on /home/airflow/.local/lib/python3.12/site-packages/airflow/example_dags/example_dynamic_task_mapping_with_no_taskflow_operators.py
[2026-07-01T09:31:10.060+0000] {processor.py:914} INFO - Processing file /home/airflow/.local/lib/python3.12/site-packages/airflow/example_dags/example_dynamic_task_mapping_with_no_taskflow_operators.py for tasks to queue
[2026-07-01T09:31:10.062+0000] {logging_mixin.py:190} INFO - [2026-07-01T09:31:10.062+0000] {dagbag.py:587} INFO - Filling up the DagBag from /home/airflow/.local/lib/python3.12/site-packages/airflow/example_dags/example_dynamic_task_mapping_with_no_taskflow_operators.py
[2026-07-01T09:31:10.069+0000] {processor.py:925} INFO - DAG(s) 'example_dynamic_task_mapping_with_no_taskflow_operators' retrieved from /home/airflow/.local/lib/python3.12/site-packages/airflow/example_dags/example_dynamic_task_mapping_with_no_taskflow_operators.py
[2026-07-01T09:31:10.083+0000] {logging_mixin.py:190} INFO - [2026-07-01T09:31:10.083+0000] {dag.py:3211} INFO - Sync 1 DAGs
[2026-07-01T09:31:10.099+0000] {logging_mixin.py:190} INFO - [2026-07-01T09:31:10.099+0000] {dag.py:4138} INFO - Setting next_dagrun for example_dynamic_task_mapping_with_no_taskflow_operators to 2026-06-30 00:00:00+00:00, run_after=2026-07-01 00:00:00+00:00
[2026-07-01T09:31:10.111+0000] {processor.py:208} INFO - Processing /home/airflow/.local/lib/python3.12/site-packages/airflow/example_dags/example_dynamic_task_mapping_with_no_taskflow_operators.py took 0.058 seconds
[2026-07-01T09:31:40.589+0000] {processor.py:186} INFO - Started process (PID=2270) to work on /home/airflow/.local/lib/python3.12/site-packages/airflow/example_dags/example_dynamic_task_mapping_with_no_taskflow_operators.py
[2026-07-01T09:31:40.590+0000] {processor.py:914} INFO - Processing file /home/airflow/.local/lib/python3.12/site-packages/airflow/example_dags/example_dynamic_task_mapping_with_no_taskflow_operators.py for tasks to queue
[2026-07-01T09:31:40.592+0000] {logging_mixin.py:190} INFO - [2026-07-01T09:31:40.592+0000] {dagbag.py:587} INFO - Filling up the DagBag from /home/airflow/.local/lib/python3.12/site-packages/airflow/example_dags/example_dynamic_task_mapping_with_no_taskflow_operators.py
[2026-07-01T09:31:40.599+0000] {processor.py:925} INFO - DAG(s) 'example_dynamic_task_mapping_with_no_taskflow_operators' retrieved from /home/airflow/.local/lib/python3.12/site-packages/airflow/example_dags/example_dynamic_task_mapping_with_no_taskflow_operators.py
[2026-07-01T09:31:40.615+0000] {logging_mixin.py:190} INFO - [2026-07-01T09:31:40.615+0000] {dag.py:3211} INFO - Sync 1 DAGs
[2026-07-01T09:31:40.631+0000] {logging_mixin.py:190} INFO - [2026-07-01T09:31:40.631+0000] {dag.py:4138} INFO - Setting next_dagrun for example_dynamic_task_mapping_with_no_taskflow_operators to 2026-06-30 00:00:00+00:00, run_after=2026-07-01 00:00:00+00:00
[2026-07-01T09:31:40.644+0000] {processor.py:208} INFO - Processing /home/airflow/.local/lib/python3.12/site-packages/airflow/example_dags/example_dynamic_task_mapping_with_no_taskflow_operators.py took 0.060 seconds
[2026-07-01T09:32:10.904+0000] {processor.py:186} INFO - Started process (PID=2332) to work on /home/airflow/.local/lib/python3.12/site-packages/airflow/example_dags/example_dynamic_task_mapping_with_no_taskflow_operators.py
[2026-07-01T09:32:10.905+0000] {processor.py:914} INFO - Processing file /home/airflow/.local/lib/python3.12/site-packages/airflow/example_dags/example_dynamic_task_mapping_with_no_taskflow_operators.py for tasks to queue
[2026-07-01T09:32:10.907+0000] {logging_mixin.py:190} INFO - [2026-07-01T09:32:10.907+0000] {dagbag.py:587} INFO - Filling up the DagBag from /home/airflow/.local/lib/python3.12/site-packages/airflow/example_dags/example_dynamic_task_mapping_with_no_taskflow_operators.py
[2026-07-01T09:32:10.914+0000] {processor.py:925} INFO - DAG(s) 'example_dynamic_task_mapping_with_no_taskflow_operators' retrieved from /home/airflow/.local/lib/python3.12/site-packages/airflow/example_dags/example_dynamic_task_mapping_with_no_taskflow_operators.py
[2026-07-01T09:32:10.929+0000] {logging_mixin.py:190} INFO - [2026-07-01T09:32:10.928+0000] {dag.py:3211} INFO - Sync 1 DAGs
[2026-07-01T09:32:10.944+0000] {logging_mixin.py:190} INFO - [2026-07-01T09:32:10.944+0000] {dag.py:4138} INFO - Setting next_dagrun for example_dynamic_task_mapping_with_no_taskflow_operators to 2026-06-30 00:00:00+00:00, run_after=2026-07-01 00:00:00+00:00
[2026-07-01T09:32:10.957+0000] {processor.py:208} INFO - Processing /home/airflow/.local/lib/python3.12/site-packages/airflow/example_dags/example_dynamic_task_mapping_with_no_taskflow_operators.py took 0.057 seconds
[2026-07-01T09:32:41.520+0000] {processor.py:186} INFO - Started process (PID=2394) to work on /home/airflow/.local/lib/python3.12/site-packages/airflow/example_dags/example_dynamic_task_mapping_with_no_taskflow_operators.py
[2026-07-01T09:32:41.521+0000] {processor.py:914} INFO - Processing file /home/airflow/.local/lib/python3.12/site-packages/airflow/example_dags/example_dynamic_task_mapping_with_no_taskflow_operators.py for tasks to queue
[2026-07-01T09:32:41.523+0000] {logging_mixin.py:190} INFO - [2026-07-01T09:32:41.523+0000] {dagbag.py:587} INFO - Filling up the DagBag from /home/airflow/.local/lib/python3.12/site-packages/airflow/example_dags/example_dynamic_task_mapping_with_no_taskflow_operators.py
[2026-07-01T09:32:41.531+0000] {processor.py:925} INFO - DAG(s) 'example_dynamic_task_mapping_with_no_taskflow_operators' retrieved from /home/airflow/.local/lib/python3.12/site-packages/airflow/example_dags/example_dynamic_task_mapping_with_no_taskflow_operators.py
[2026-07-01T09:32:41.546+0000] {logging_mixin.py:190} INFO - [2026-07-01T09:32:41.546+0000] {dag.py:3211} INFO - Sync 1 DAGs
[2026-07-01T09:32:41.561+0000] {logging_mixin.py:190} INFO - [2026-07-01T09:32:41.561+0000] {dag.py:4138} INFO - Setting next_dagrun for example_dynamic_task_mapping_with_no_taskflow_operators to 2026-06-30 00:00:00+00:00, run_after=2026-07-01 00:00:00+00:00
[2026-07-01T09:32:41.574+0000] {processor.py:208} INFO - Processing /home/airflow/.local/lib/python3.12/site-packages/airflow/example_dags/example_dynamic_task_mapping_with_no_taskflow_operators.py took 0.058 seconds
[2026-07-01T09:33:12.068+0000] {processor.py:186} INFO - Started process (PID=2456) to work on /home/airflow/.local/lib/python3.12/site-packages/airflow/example_dags/example_dynamic_task_mapping_with_no_taskflow_operators.py
[2026-07-01T09:33:12.070+0000] {processor.py:914} INFO - Processing file /home/airflow/.local/lib/python3.12/site-packages/airflow/example_dags/example_dynamic_task_mapping_with_no_taskflow_operators.py for tasks to queue
[2026-07-01T09:33:12.072+0000] {logging_mixin.py:190} INFO - [2026-07-01T09:33:12.072+0000] {dagbag.py:587} INFO - Filling up the DagBag from /home/airflow/.local/lib/python3.12/site-packages/airflow/example_dags/example_dynamic_task_mapping_with_no_taskflow_operators.py
[2026-07-01T09:33:12.079+0000] {processor.py:925} INFO - DAG(s) 'example_dynamic_task_mapping_with_no_taskflow_operators' retrieved from /home/airflow/.local/lib/python3.12/site-packages/airflow/example_dags/example_dynamic_task_mapping_with_no_taskflow_operators.py
[2026-07-01T09:33:12.095+0000] {logging_mixin.py:190} INFO - [2026-07-01T09:33:12.095+0000] {dag.py:3211} INFO - Sync 1 DAGs
[2026-07-01T09:33:12.112+0000] {logging_mixin.py:190} INFO - [2026-07-01T09:33:12.112+0000] {dag.py:4138} INFO - Setting next_dagrun for example_dynamic_task_mapping_with_no_taskflow_operators to 2026-06-30 00:00:00+00:00, run_after=2026-07-01 00:00:00+00:00
[2026-07-01T09:33:12.125+0000] {processor.py:208} INFO - Processing /home/airflow/.local/lib/python3.12/site-packages/airflow/example_dags/example_dynamic_task_mapping_with_no_taskflow_operators.py took 0.062 seconds
[2026-07-01T09:33:43.006+0000] {processor.py:186} INFO - Started process (PID=2518) to work on /home/airflow/.local/lib/python3.12/site-packages/airflow/example_dags/example_dynamic_task_mapping_with_no_taskflow_operators.py
[2026-07-01T09:33:43.007+0000] {processor.py:914} INFO - Processing file /home/airflow/.local/lib/python3.12/site-packages/airflow/example_dags/example_dynamic_task_mapping_with_no_taskflow_operators.py for tasks to queue
[2026-07-01T09:33:43.009+0000] {logging_mixin.py:190} INFO - [2026-07-01T09:33:43.009+0000] {dagbag.py:587} INFO - Filling up the DagBag from /home/airflow/.local/lib/python3.12/site-packages/airflow/example_dags/example_dynamic_task_mapping_with_no_taskflow_operators.py
[2026-07-01T09:33:43.021+0000] {processor.py:925} INFO - DAG(s) 'example_dynamic_task_mapping_with_no_taskflow_operators' retrieved from /home/airflow/.local/lib/python3.12/site-packages/airflow/example_dags/example_dynamic_task_mapping_with_no_taskflow_operators.py
[2026-07-01T09:33:43.050+0000] {logging_mixin.py:190} INFO - [2026-07-01T09:33:43.049+0000] {dag.py:3211} INFO - Sync 1 DAGs
[2026-07-01T09:33:43.069+0000] {logging_mixin.py:190} INFO - [2026-07-01T09:33:43.069+0000] {dag.py:4138} INFO - Setting next_dagrun for example_dynamic_task_mapping_with_no_taskflow_operators to 2026-06-30 00:00:00+00:00, run_after=2026-07-01 00:00:00+00:00
[2026-07-01T09:33:43.084+0000] {processor.py:208} INFO - Processing /home/airflow/.local/lib/python3.12/site-packages/airflow/example_dags/example_dynamic_task_mapping_with_no_taskflow_operators.py took 0.084 seconds
[2026-07-01T09:34:13.715+0000] {processor.py:186} INFO - Started process (PID=2580) to work on /home/airflow/.local/lib/python3.12/site-packages/airflow/example_dags/example_dynamic_task_mapping_with_no_taskflow_operators.py
[2026-07-01T09:34:13.716+0000] {processor.py:914} INFO - Processing file /home/airflow/.local/lib/python3.12/site-packages/airflow/example_dags/example_dynamic_task_mapping_with_no_taskflow_operators.py for tasks to queue
[2026-07-01T09:34:13.718+0000] {logging_mixin.py:190} INFO - [2026-07-01T09:34:13.717+0000] {dagbag.py:587} INFO - Filling up the DagBag from /home/airflow/.local/lib/python3.12/site-packages/airflow/example_dags/example_dynamic_task_mapping_with_no_taskflow_operators.py
[2026-07-01T09:34:13.725+0000] {processor.py:925} INFO - DAG(s) 'example_dynamic_task_mapping_with_no_taskflow_operators' retrieved from /home/airflow/.local/lib/python3.12/site-packages/airflow/example_dags/example_dynamic_task_mapping_with_no_taskflow_operators.py
[2026-07-01T09:34:13.742+0000] {logging_mixin.py:190} INFO - [2026-07-01T09:34:13.742+0000] {dag.py:3211} INFO - Sync 1 DAGs
[2026-07-01T09:34:13.759+0000] {logging_mixin.py:190} INFO - [2026-07-01T09:34:13.759+0000] {dag.py:4138} INFO - Setting next_dagrun for example_dynamic_task_mapping_with_no_taskflow_operators to 2026-06-30 00:00:00+00:00, run_after=2026-07-01 00:00:00+00:00
[2026-07-01T09:34:13.773+0000] {processor.py:208} INFO - Processing /home/airflow/.local/lib/python3.12/site-packages/airflow/example_dags/example_dynamic_task_mapping_with_no_taskflow_operators.py took 0.065 seconds
[2026-07-01T09:34:44.664+0000] {processor.py:186} INFO - Started process (PID=2642) to work on /home/airflow/.local/lib/python3.12/site-packages/airflow/example_dags/example_dynamic_task_mapping_with_no_taskflow_operators.py
[2026-07-01T09:34:44.665+0000] {processor.py:914} INFO - Processing file /home/airflow/.local/lib/python3.12/site-packages/airflow/example_dags/example_dynamic_task_mapping_with_no_taskflow_operators.py for tasks to queue
[2026-07-01T09:34:44.670+0000] {logging_mixin.py:190} INFO - [2026-07-01T09:34:44.670+0000] {dagbag.py:587} INFO - Filling up the DagBag from /home/airflow/.local/lib/python3.12/site-packages/airflow/example_dags/example_dynamic_task_mapping_with_no_taskflow_operators.py
[2026-07-01T09:34:44.679+0000] {processor.py:925} INFO - DAG(s) 'example_dynamic_task_mapping_with_no_taskflow_operators' retrieved from /home/airflow/.local/lib/python3.12/site-packages/airflow/example_dags/example_dynamic_task_mapping_with_no_taskflow_operators.py
[2026-07-01T09:34:44.695+0000] {logging_mixin.py:190} INFO - [2026-07-01T09:34:44.695+0000] {dag.py:3211} INFO - Sync 1 DAGs
[2026-07-01T09:34:44.713+0000] {logging_mixin.py:190} INFO - [2026-07-01T09:34:44.712+0000] {dag.py:4138} INFO - Setting next_dagrun for example_dynamic_task_mapping_with_no_taskflow_operators to 2026-06-30 00:00:00+00:00, run_after=2026-07-01 00:00:00+00:00
[2026-07-01T09:34:44.728+0000] {processor.py:208} INFO - Processing /home/airflow/.local/lib/python3.12/site-packages/airflow/example_dags/example_dynamic_task_mapping_with_no_taskflow_operators.py took 0.069 seconds
[2026-07-01T09:35:15.356+0000] {processor.py:186} INFO - Started process (PID=2704) to work on /home/airflow/.local/lib/python3.12/site-packages/airflow/example_dags/example_dynamic_task_mapping_with_no_taskflow_operators.py
[2026-07-01T09:35:15.356+0000] {processor.py:914} INFO - Processing file /home/airflow/.local/lib/python3.12/site-packages/airflow/example_dags/example_dynamic_task_mapping_with_no_taskflow_operators.py for tasks to queue
[2026-07-01T09:35:15.358+0000] {logging_mixin.py:190} INFO - [2026-07-01T09:35:15.358+0000] {dagbag.py:587} INFO - Filling up the DagBag from /home/airflow/.local/lib/python3.12/site-packages/airflow/example_dags/example_dynamic_task_mapping_with_no_taskflow_operators.py
[2026-07-01T09:35:15.365+0000] {processor.py:925} INFO - DAG(s) 'example_dynamic_task_mapping_with_no_taskflow_operators' retrieved from /home/airflow/.local/lib/python3.12/site-packages/airflow/example_dags/example_dynamic_task_mapping_with_no_taskflow_operators.py
[2026-07-01T09:35:15.378+0000] {logging_mixin.py:190} INFO - [2026-07-01T09:35:15.378+0000] {dag.py:3211} INFO - Sync 1 DAGs
[2026-07-01T09:35:15.392+0000] {logging_mixin.py:190} INFO - [2026-07-01T09:35:15.392+0000] {dag.py:4138} INFO - Setting next_dagrun for example_dynamic_task_mapping_with_no_taskflow_operators to 2026-06-30 00:00:00+00:00, run_after=2026-07-01 00:00:00+00:00
[2026-07-01T09:35:15.403+0000] {processor.py:208} INFO - Processing /home/airflow/.local/lib/python3.12/site-packages/airflow/example_dags/example_dynamic_task_mapping_with_no_taskflow_operators.py took 0.052 seconds
[2026-07-01T09:35:45.775+0000] {processor.py:186} INFO - Started process (PID=2766) to work on /home/airflow/.local/lib/python3.12/site-packages/airflow/example_dags/example_dynamic_task_mapping_with_no_taskflow_operators.py
[2026-07-01T09:35:45.777+0000] {processor.py:914} INFO - Processing file /home/airflow/.local/lib/python3.12/site-packages/airflow/example_dags/example_dynamic_task_mapping_with_no_taskflow_operators.py for tasks to queue
[2026-07-01T09:35:45.779+0000] {logging_mixin.py:190} INFO - [2026-07-01T09:35:45.779+0000] {dagbag.py:587} INFO - Filling up the DagBag from /home/airflow/.local/lib/python3.12/site-packages/airflow/example_dags/example_dynamic_task_mapping_with_no_taskflow_operators.py
[2026-07-01T09:35:45.787+0000] {processor.py:925} INFO - DAG(s) 'example_dynamic_task_mapping_with_no_taskflow_operators' retrieved from /home/airflow/.local/lib/python3.12/site-packages/airflow/example_dags/example_dynamic_task_mapping_with_no_taskflow_operators.py
[2026-07-01T09:35:45.804+0000] {logging_mixin.py:190} INFO - [2026-07-01T09:35:45.803+0000] {dag.py:3211} INFO - Sync 1 DAGs
[2026-07-01T09:35:45.820+0000] {logging_mixin.py:190} INFO - [2026-07-01T09:35:45.820+0000] {dag.py:4138} INFO - Setting next_dagrun for example_dynamic_task_mapping_with_no_taskflow_operators to 2026-06-30 00:00:00+00:00, run_after=2026-07-01 00:00:00+00:00
[2026-07-01T09:35:45.837+0000] {processor.py:208} INFO - Processing /home/airflow/.local/lib/python3.12/site-packages/airflow/example_dags/example_dynamic_task_mapping_with_no_taskflow_operators.py took 0.066 seconds
[2026-07-01T09:36:16.637+0000] {processor.py:186} INFO - Started process (PID=2828) to work on /home/airflow/.local/lib/python3.12/site-packages/airflow/example_dags/example_dynamic_task_mapping_with_no_taskflow_operators.py
[2026-07-01T09:36:16.638+0000] {processor.py:914} INFO - Processing file /home/airflow/.local/lib/python3.12/site-packages/airflow/example_dags/example_dynamic_task_mapping_with_no_taskflow_operators.py for tasks to queue
[2026-07-01T09:36:16.641+0000] {logging_mixin.py:190} INFO - [2026-07-01T09:36:16.640+0000] {dagbag.py:587} INFO - Filling up the DagBag from /home/airflow/.local/lib/python3.12/site-packages/airflow/example_dags/example_dynamic_task_mapping_with_no_taskflow_operators.py
[2026-07-01T09:36:16.648+0000] {processor.py:925} INFO - DAG(s) 'example_dynamic_task_mapping_with_no_taskflow_operators' retrieved from /home/airflow/.local/lib/python3.12/site-packages/airflow/example_dags/example_dynamic_task_mapping_with_no_taskflow_operators.py
[2026-07-01T09:36:16.666+0000] {logging_mixin.py:190} INFO - [2026-07-01T09:36:16.665+0000] {dag.py:3211} INFO - Sync 1 DAGs
[2026-07-01T09:36:16.683+0000] {logging_mixin.py:190} INFO - [2026-07-01T09:36:16.683+0000] {dag.py:4138} INFO - Setting next_dagrun for example_dynamic_task_mapping_with_no_taskflow_operators to 2026-06-30 00:00:00+00:00, run_after=2026-07-01 00:00:00+00:00
[2026-07-01T09:36:16.696+0000] {processor.py:208} INFO - Processing /home/airflow/.local/lib/python3.12/site-packages/airflow/example_dags/example_dynamic_task_mapping_with_no_taskflow_operators.py took 0.063 seconds
[2026-07-01T09:36:47.494+0000] {processor.py:186} INFO - Started process (PID=2890) to work on /home/airflow/.local/lib/python3.12/site-packages/airflow/example_dags/example_dynamic_task_mapping_with_no_taskflow_operators.py
[2026-07-01T09:36:47.495+0000] {processor.py:914} INFO - Processing file /home/airflow/.local/lib/python3.12/site-packages/airflow/example_dags/example_dynamic_task_mapping_with_no_taskflow_operators.py for tasks to queue
[2026-07-01T09:36:47.497+0000] {logging_mixin.py:190} INFO - [2026-07-01T09:36:47.497+0000] {dagbag.py:587} INFO - Filling up the DagBag from /home/airflow/.local/lib/python3.12/site-packages/airflow/example_dags/example_dynamic_task_mapping_with_no_taskflow_operators.py
[2026-07-01T09:36:47.504+0000] {processor.py:925} INFO - DAG(s) 'example_dynamic_task_mapping_with_no_taskflow_operators' retrieved from /home/airflow/.local/lib/python3.12/site-packages/airflow/example_dags/example_dynamic_task_mapping_with_no_taskflow_operators.py
[2026-07-01T09:36:47.520+0000] {logging_mixin.py:190} INFO - [2026-07-01T09:36:47.520+0000] {dag.py:3211} INFO - Sync 1 DAGs
[2026-07-01T09:36:47.536+0000] {logging_mixin.py:190} INFO - [2026-07-01T09:36:47.536+0000] {dag.py:4138} INFO - Setting next_dagrun for example_dynamic_task_mapping_with_no_taskflow_operators to 2026-06-30 00:00:00+00:00, run_after=2026-07-01 00:00:00+00:00
[2026-07-01T09:36:47.549+0000] {processor.py:208} INFO - Processing /home/airflow/.local/lib/python3.12/site-packages/airflow/example_dags/example_dynamic_task_mapping_with_no_taskflow_operators.py took 0.059 seconds
[2026-07-01T09:37:19.435+0000] {processor.py:186} INFO - Started process (PID=2958) to work on /home/airflow/.local/lib/python3.12/site-packages/airflow/example_dags/example_dynamic_task_mapping_with_no_taskflow_operators.py
[2026-07-01T09:37:19.436+0000] {processor.py:914} INFO - Processing file /home/airflow/.local/lib/python3.12/site-packages/airflow/example_dags/example_dynamic_task_mapping_with_no_taskflow_operators.py for tasks to queue
[2026-07-01T09:37:19.438+0000] {logging_mixin.py:190} INFO - [2026-07-01T09:37:19.438+0000] {dagbag.py:587} INFO - Filling up the DagBag from /home/airflow/.local/lib/python3.12/site-packages/airflow/example_dags/example_dynamic_task_mapping_with_no_taskflow_operators.py
[2026-07-01T09:37:19.448+0000] {processor.py:925} INFO - DAG(s) 'example_dynamic_task_mapping_with_no_taskflow_operators' retrieved from /home/airflow/.local/lib/python3.12/site-packages/airflow/example_dags/example_dynamic_task_mapping_with_no_taskflow_operators.py
[2026-07-01T09:37:19.469+0000] {logging_mixin.py:190} INFO - [2026-07-01T09:37:19.468+0000] {dag.py:3211} INFO - Sync 1 DAGs
[2026-07-01T09:37:19.488+0000] {logging_mixin.py:190} INFO - [2026-07-01T09:37:19.488+0000] {dag.py:4138} INFO - Setting next_dagrun for example_dynamic_task_mapping_with_no_taskflow_operators to 2026-06-30 00:00:00+00:00, run_after=2026-07-01 00:00:00+00:00
[2026-07-01T09:37:19.505+0000] {processor.py:208} INFO - Processing /home/airflow/.local/lib/python3.12/site-packages/airflow/example_dags/example_dynamic_task_mapping_with_no_taskflow_operators.py took 0.076 seconds
[2026-07-01T09:37:50.572+0000] {processor.py:186} INFO - Started process (PID=3020) to work on /home/airflow/.local/lib/python3.12/site-packages/airflow/example_dags/example_dynamic_task_mapping_with_no_taskflow_operators.py
[2026-07-01T09:37:50.573+0000] {processor.py:914} INFO - Processing file /home/airflow/.local/lib/python3.12/site-packages/airflow/example_dags/example_dynamic_task_mapping_with_no_taskflow_operators.py for tasks to queue
[2026-07-01T09:37:50.576+0000] {logging_mixin.py:190} INFO - [2026-07-01T09:37:50.575+0000] {dagbag.py:587} INFO - Filling up the DagBag from /home/airflow/.local/lib/python3.12/site-packages/airflow/example_dags/example_dynamic_task_mapping_with_no_taskflow_operators.py
[2026-07-01T09:37:50.583+0000] {processor.py:925} INFO - DAG(s) 'example_dynamic_task_mapping_with_no_taskflow_operators' retrieved from /home/airflow/.local/lib/python3.12/site-packages/airflow/example_dags/example_dynamic_task_mapping_with_no_taskflow_operators.py
[2026-07-01T09:37:50.599+0000] {logging_mixin.py:190} INFO - [2026-07-01T09:37:50.599+0000] {dag.py:3211} INFO - Sync 1 DAGs
[2026-07-01T09:37:50.616+0000] {logging_mixin.py:190} INFO - [2026-07-01T09:37:50.616+0000] {dag.py:4138} INFO - Setting next_dagrun for example_dynamic_task_mapping_with_no_taskflow_operators to 2026-06-30 00:00:00+00:00, run_after=2026-07-01 00:00:00+00:00
[2026-07-01T09:37:50.629+0000] {processor.py:208} INFO - Processing /home/airflow/.local/lib/python3.12/site-packages/airflow/example_dags/example_dynamic_task_mapping_with_no_taskflow_operators.py took 0.062 seconds
[2026-07-01T09:38:22.234+0000] {processor.py:186} INFO - Started process (PID=3082) to work on /home/airflow/.local/lib/python3.12/site-packages/airflow/example_dags/example_dynamic_task_mapping_with_no_taskflow_operators.py
[2026-07-01T09:38:22.235+0000] {processor.py:914} INFO - Processing file /home/airflow/.local/lib/python3.12/site-packages/airflow/example_dags/example_dynamic_task_mapping_with_no_taskflow_operators.py for tasks to queue
[2026-07-01T09:38:22.237+0000] {logging_mixin.py:190} INFO - [2026-07-01T09:38:22.237+0000] {dagbag.py:587} INFO - Filling up the DagBag from /home/airflow/.local/lib/python3.12/site-packages/airflow/example_dags/example_dynamic_task_mapping_with_no_taskflow_operators.py
[2026-07-01T09:38:22.245+0000] {processor.py:925} INFO - DAG(s) 'example_dynamic_task_mapping_with_no_taskflow_operators' retrieved from /home/airflow/.local/lib/python3.12/site-packages/airflow/example_dags/example_dynamic_task_mapping_with_no_taskflow_operators.py
[2026-07-01T09:38:22.263+0000] {logging_mixin.py:190} INFO - [2026-07-01T09:38:22.262+0000] {dag.py:3211} INFO - Sync 1 DAGs
[2026-07-01T09:38:22.410+0000] {logging_mixin.py:190} INFO - [2026-07-01T09:38:22.410+0000] {dag.py:4138} INFO - Setting next_dagrun for example_dynamic_task_mapping_with_no_taskflow_operators to 2026-06-30 00:00:00+00:00, run_after=2026-07-01 00:00:00+00:00
[2026-07-01T09:38:22.421+0000] {processor.py:208} INFO - Processing /home/airflow/.local/lib/python3.12/site-packages/airflow/example_dags/example_dynamic_task_mapping_with_no_taskflow_operators.py took 0.192 seconds
[2026-07-01T09:38:52.587+0000] {processor.py:186} INFO - Started process (PID=3144) to work on /home/airflow/.local/lib/python3.12/site-packages/airflow/example_dags/example_dynamic_task_mapping_with_no_taskflow_operators.py
[2026-07-01T09:38:52.588+0000] {processor.py:914} INFO - Processing file /home/airflow/.local/lib/python3.12/site-packages/airflow/example_dags/example_dynamic_task_mapping_with_no_taskflow_operators.py for tasks to queue
[2026-07-01T09:38:52.590+0000] {logging_mixin.py:190} INFO - [2026-07-01T09:38:52.590+0000] {dagbag.py:587} INFO - Filling up the DagBag from /home/airflow/.local/lib/python3.12/site-packages/airflow/example_dags/example_dynamic_task_mapping_with_no_taskflow_operators.py
[2026-07-01T09:38:52.597+0000] {processor.py:925} INFO - DAG(s) 'example_dynamic_task_mapping_with_no_taskflow_operators' retrieved from /home/airflow/.local/lib/python3.12/site-packages/airflow/example_dags/example_dynamic_task_mapping_with_no_taskflow_operators.py
[2026-07-01T09:38:52.610+0000] {logging_mixin.py:190} INFO - [2026-07-01T09:38:52.610+0000] {dag.py:3211} INFO - Sync 1 DAGs
[2026-07-01T09:38:52.761+0000] {logging_mixin.py:190} INFO - [2026-07-01T09:38:52.761+0000] {dag.py:4138} INFO - Setting next_dagrun for example_dynamic_task_mapping_with_no_taskflow_operators to 2026-06-30 00:00:00+00:00, run_after=2026-07-01 00:00:00+00:00
[2026-07-01T09:38:52.772+0000] {processor.py:208} INFO - Processing /home/airflow/.local/lib/python3.12/site-packages/airflow/example_dags/example_dynamic_task_mapping_with_no_taskflow_operators.py took 0.189 seconds
[2026-07-01T09:39:23.336+0000] {processor.py:186} INFO - Started process (PID=3206) to work on /home/airflow/.local/lib/python3.12/site-packages/airflow/example_dags/example_dynamic_task_mapping_with_no_taskflow_operators.py
[2026-07-01T09:39:23.337+0000] {processor.py:914} INFO - Processing file /home/airflow/.local/lib/python3.12/site-packages/airflow/example_dags/example_dynamic_task_mapping_with_no_taskflow_operators.py for tasks to queue
[2026-07-01T09:39:23.340+0000] {logging_mixin.py:190} INFO - [2026-07-01T09:39:23.339+0000] {dagbag.py:587} INFO - Filling up the DagBag from /home/airflow/.local/lib/python3.12/site-packages/airflow/example_dags/example_dynamic_task_mapping_with_no_taskflow_operators.py
[2026-07-01T09:39:23.348+0000] {processor.py:925} INFO - DAG(s) 'example_dynamic_task_mapping_with_no_taskflow_operators' retrieved from /home/airflow/.local/lib/python3.12/site-packages/airflow/example_dags/example_dynamic_task_mapping_with_no_taskflow_operators.py
[2026-07-01T09:39:23.365+0000] {logging_mixin.py:190} INFO - [2026-07-01T09:39:23.364+0000] {dag.py:3211} INFO - Sync 1 DAGs
[2026-07-01T09:39:23.547+0000] {logging_mixin.py:190} INFO - [2026-07-01T09:39:23.547+0000] {dag.py:4138} INFO - Setting next_dagrun for example_dynamic_task_mapping_with_no_taskflow_operators to 2026-06-30 00:00:00+00:00, run_after=2026-07-01 00:00:00+00:00
[2026-07-01T09:39:23.569+0000] {processor.py:208} INFO - Processing /home/airflow/.local/lib/python3.12/site-packages/airflow/example_dags/example_dynamic_task_mapping_with_no_taskflow_operators.py took 0.239 seconds
[2026-07-01T09:39:54.492+0000] {processor.py:186} INFO - Started process (PID=3268) to work on /home/airflow/.local/lib/python3.12/site-packages/airflow/example_dags/example_dynamic_task_mapping_with_no_taskflow_operators.py
[2026-07-01T09:39:54.493+0000] {processor.py:914} INFO - Processing file /home/airflow/.local/lib/python3.12/site-packages/airflow/example_dags/example_dynamic_task_mapping_with_no_taskflow_operators.py for tasks to queue
[2026-07-01T09:39:54.495+0000] {logging_mixin.py:190} INFO - [2026-07-01T09:39:54.495+0000] {dagbag.py:587} INFO - Filling up the DagBag from /home/airflow/.local/lib/python3.12/site-packages/airflow/example_dags/example_dynamic_task_mapping_with_no_taskflow_operators.py
[2026-07-01T09:39:54.502+0000] {processor.py:925} INFO - DAG(s) 'example_dynamic_task_mapping_with_no_taskflow_operators' retrieved from /home/airflow/.local/lib/python3.12/site-packages/airflow/example_dags/example_dynamic_task_mapping_with_no_taskflow_operators.py
[2026-07-01T09:39:54.518+0000] {logging_mixin.py:190} INFO - [2026-07-01T09:39:54.518+0000] {dag.py:3211} INFO - Sync 1 DAGs
[2026-07-01T09:39:54.671+0000] {logging_mixin.py:190} INFO - [2026-07-01T09:39:54.671+0000] {dag.py:4138} INFO - Setting next_dagrun for example_dynamic_task_mapping_with_no_taskflow_operators to 2026-06-30 00:00:00+00:00, run_after=2026-07-01 00:00:00+00:00
[2026-07-01T09:39:54.685+0000] {processor.py:208} INFO - Processing /home/airflow/.local/lib/python3.12/site-packages/airflow/example_dags/example_dynamic_task_mapping_with_no_taskflow_operators.py took 0.197 seconds
[2026-07-01T09:40:25.391+0000] {processor.py:186} INFO - Started process (PID=3330) to work on /home/airflow/.local/lib/python3.12/site-packages/airflow/example_dags/example_dynamic_task_mapping_with_no_taskflow_operators.py
[2026-07-01T09:40:25.392+0000] {processor.py:914} INFO - Processing file /home/airflow/.local/lib/python3.12/site-packages/airflow/example_dags/example_dynamic_task_mapping_with_no_taskflow_operators.py for tasks to queue
[2026-07-01T09:40:25.394+0000] {logging_mixin.py:190} INFO - [2026-07-01T09:40:25.394+0000] {dagbag.py:587} INFO - Filling up the DagBag from /home/airflow/.local/lib/python3.12/site-packages/airflow/example_dags/example_dynamic_task_mapping_with_no_taskflow_operators.py
[2026-07-01T09:40:25.400+0000] {processor.py:925} INFO - DAG(s) 'example_dynamic_task_mapping_with_no_taskflow_operators' retrieved from /home/airflow/.local/lib/python3.12/site-packages/airflow/example_dags/example_dynamic_task_mapping_with_no_taskflow_operators.py
[2026-07-01T09:40:25.415+0000] {logging_mixin.py:190} INFO - [2026-07-01T09:40:25.415+0000] {dag.py:3211} INFO - Sync 1 DAGs
[2026-07-01T09:40:25.430+0000] {logging_mixin.py:190} INFO - [2026-07-01T09:40:25.430+0000] {dag.py:4138} INFO - Setting next_dagrun for example_dynamic_task_mapping_with_no_taskflow_operators to 2026-06-30 00:00:00+00:00, run_after=2026-07-01 00:00:00+00:00
[2026-07-01T09:40:25.442+0000] {processor.py:208} INFO - Processing /home/airflow/.local/lib/python3.12/site-packages/airflow/example_dags/example_dynamic_task_mapping_with_no_taskflow_operators.py took 0.055 seconds
[2026-07-01T09:40:55.787+0000] {processor.py:186} INFO - Started process (PID=3392) to work on /home/airflow/.local/lib/python3.12/site-packages/airflow/example_dags/example_dynamic_task_mapping_with_no_taskflow_operators.py
[2026-07-01T09:40:55.788+0000] {processor.py:914} INFO - Processing file /home/airflow/.local/lib/python3.12/site-packages/airflow/example_dags/example_dynamic_task_mapping_with_no_taskflow_operators.py for tasks to queue
[2026-07-01T09:40:55.791+0000] {logging_mixin.py:190} INFO - [2026-07-01T09:40:55.791+0000] {dagbag.py:587} INFO - Filling up the DagBag from /home/airflow/.local/lib/python3.12/site-packages/airflow/example_dags/example_dynamic_task_mapping_with_no_taskflow_operators.py
[2026-07-01T09:40:55.799+0000] {processor.py:925} INFO - DAG(s) 'example_dynamic_task_mapping_with_no_taskflow_operators' retrieved from /home/airflow/.local/lib/python3.12/site-packages/airflow/example_dags/example_dynamic_task_mapping_with_no_taskflow_operators.py
[2026-07-01T09:40:55.816+0000] {logging_mixin.py:190} INFO - [2026-07-01T09:40:55.815+0000] {dag.py:3211} INFO - Sync 1 DAGs
[2026-07-01T09:40:55.834+0000] {logging_mixin.py:190} INFO - [2026-07-01T09:40:55.833+0000] {dag.py:4138} INFO - Setting next_dagrun for example_dynamic_task_mapping_with_no_taskflow_operators to 2026-06-30 00:00:00+00:00, run_after=2026-07-01 00:00:00+00:00
[2026-07-01T09:40:55.849+0000] {processor.py:208} INFO - Processing /home/airflow/.local/lib/python3.12/site-packages/airflow/example_dags/example_dynamic_task_mapping_with_no_taskflow_operators.py took 0.068 seconds
[2026-07-01T09:41:26.111+0000] {processor.py:186} INFO - Started process (PID=3454) to work on /home/airflow/.local/lib/python3.12/site-packages/airflow/example_dags/example_dynamic_task_mapping_with_no_taskflow_operators.py
[2026-07-01T09:41:26.112+0000] {processor.py:914} INFO - Processing file /home/airflow/.local/lib/python3.12/site-packages/airflow/example_dags/example_dynamic_task_mapping_with_no_taskflow_operators.py for tasks to queue
[2026-07-01T09:41:26.114+0000] {logging_mixin.py:190} INFO - [2026-07-01T09:41:26.114+0000] {dagbag.py:587} INFO - Filling up the DagBag from /home/airflow/.local/lib/python3.12/site-packages/airflow/example_dags/example_dynamic_task_mapping_with_no_taskflow_operators.py
[2026-07-01T09:41:26.121+0000] {processor.py:925} INFO - DAG(s) 'example_dynamic_task_mapping_with_no_taskflow_operators' retrieved from /home/airflow/.local/lib/python3.12/site-packages/airflow/example_dags/example_dynamic_task_mapping_with_no_taskflow_operators.py
[2026-07-01T09:41:26.135+0000] {logging_mixin.py:190} INFO - [2026-07-01T09:41:26.135+0000] {dag.py:3211} INFO - Sync 1 DAGs
[2026-07-01T09:41:26.151+0000] {logging_mixin.py:190} INFO - [2026-07-01T09:41:26.151+0000] {dag.py:4138} INFO - Setting next_dagrun for example_dynamic_task_mapping_with_no_taskflow_operators to 2026-06-30 00:00:00+00:00, run_after=2026-07-01 00:00:00+00:00
[2026-07-01T09:41:26.163+0000] {processor.py:208} INFO - Processing /home/airflow/.local/lib/python3.12/site-packages/airflow/example_dags/example_dynamic_task_mapping_with_no_taskflow_operators.py took 0.057 seconds
[2026-07-01T09:41:56.308+0000] {processor.py:186} INFO - Started process (PID=3516) to work on /home/airflow/.local/lib/python3.12/site-packages/airflow/example_dags/example_dynamic_task_mapping_with_no_taskflow_operators.py
[2026-07-01T09:41:56.309+0000] {processor.py:914} INFO - Processing file /home/airflow/.local/lib/python3.12/site-packages/airflow/example_dags/example_dynamic_task_mapping_with_no_taskflow_operators.py for tasks to queue
[2026-07-01T09:41:56.311+0000] {logging_mixin.py:190} INFO - [2026-07-01T09:41:56.311+0000] {dagbag.py:587} INFO - Filling up the DagBag from /home/airflow/.local/lib/python3.12/site-packages/airflow/example_dags/example_dynamic_task_mapping_with_no_taskflow_operators.py
[2026-07-01T09:41:56.318+0000] {processor.py:925} INFO - DAG(s) 'example_dynamic_task_mapping_with_no_taskflow_operators' retrieved from /home/airflow/.local/lib/python3.12/site-packages/airflow/example_dags/example_dynamic_task_mapping_with_no_taskflow_operators.py
[2026-07-01T09:41:56.334+0000] {logging_mixin.py:190} INFO - [2026-07-01T09:41:56.334+0000] {dag.py:3211} INFO - Sync 1 DAGs
[2026-07-01T09:41:56.350+0000] {logging_mixin.py:190} INFO - [2026-07-01T09:41:56.350+0000] {dag.py:4138} INFO - Setting next_dagrun for example_dynamic_task_mapping_with_no_taskflow_operators to 2026-06-30 00:00:00+00:00, run_after=2026-07-01 00:00:00+00:00
[2026-07-01T09:41:56.367+0000] {processor.py:208} INFO - Processing /home/airflow/.local/lib/python3.12/site-packages/airflow/example_dags/example_dynamic_task_mapping_with_no_taskflow_operators.py took 0.063 seconds
[2026-07-01T09:42:26.752+0000] {processor.py:186} INFO - Started process (PID=3578) to work on /home/airflow/.local/lib/python3.12/site-packages/airflow/example_dags/example_dynamic_task_mapping_with_no_taskflow_operators.py
[2026-07-01T09:42:26.753+0000] {processor.py:914} INFO - Processing file /home/airflow/.local/lib/python3.12/site-packages/airflow/example_dags/example_dynamic_task_mapping_with_no_taskflow_operators.py for tasks to queue
[2026-07-01T09:42:26.755+0000] {logging_mixin.py:190} INFO - [2026-07-01T09:42:26.755+0000] {dagbag.py:587} INFO - Filling up the DagBag from /home/airflow/.local/lib/python3.12/site-packages/airflow/example_dags/example_dynamic_task_mapping_with_no_taskflow_operators.py
[2026-07-01T09:42:26.762+0000] {processor.py:925} INFO - DAG(s) 'example_dynamic_task_mapping_with_no_taskflow_operators' retrieved from /home/airflow/.local/lib/python3.12/site-packages/airflow/example_dags/example_dynamic_task_mapping_with_no_taskflow_operators.py
[2026-07-01T09:42:26.776+0000] {logging_mixin.py:190} INFO - [2026-07-01T09:42:26.776+0000] {dag.py:3211} INFO - Sync 1 DAGs
[2026-07-01T09:42:26.791+0000] {logging_mixin.py:190} INFO - [2026-07-01T09:42:26.791+0000] {dag.py:4138} INFO - Setting next_dagrun for example_dynamic_task_mapping_with_no_taskflow_operators to 2026-06-30 00:00:00+00:00, run_after=2026-07-01 00:00:00+00:00
[2026-07-01T09:42:26.803+0000] {processor.py:208} INFO - Processing /home/airflow/.local/lib/python3.12/site-packages/airflow/example_dags/example_dynamic_task_mapping_with_no_taskflow_operators.py took 0.055 seconds
[2026-07-01T09:42:57.200+0000] {processor.py:186} INFO - Started process (PID=3640) to work on /home/airflow/.local/lib/python3.12/site-packages/airflow/example_dags/example_dynamic_task_mapping_with_no_taskflow_operators.py
[2026-07-01T09:42:57.201+0000] {processor.py:914} INFO - Processing file /home/airflow/.local/lib/python3.12/site-packages/airflow/example_dags/example_dynamic_task_mapping_with_no_taskflow_operators.py for tasks to queue
[2026-07-01T09:42:57.202+0000] {logging_mixin.py:190} INFO - [2026-07-01T09:42:57.202+0000] {dagbag.py:587} INFO - Filling up the DagBag from /home/airflow/.local/lib/python3.12/site-packages/airflow/example_dags/example_dynamic_task_mapping_with_no_taskflow_operators.py
[2026-07-01T09:42:57.209+0000] {processor.py:925} INFO - DAG(s) 'example_dynamic_task_mapping_with_no_taskflow_operators' retrieved from /home/airflow/.local/lib/python3.12/site-packages/airflow/example_dags/example_dynamic_task_mapping_with_no_taskflow_operators.py
[2026-07-01T09:42:57.224+0000] {logging_mixin.py:190} INFO - [2026-07-01T09:42:57.224+0000] {dag.py:3211} INFO - Sync 1 DAGs
[2026-07-01T09:42:57.244+0000] {logging_mixin.py:190} INFO - [2026-07-01T09:42:57.244+0000] {dag.py:4138} INFO - Setting next_dagrun for example_dynamic_task_mapping_with_no_taskflow_operators to 2026-06-30 00:00:00+00:00, run_after=2026-07-01 00:00:00+00:00
[2026-07-01T09:42:57.259+0000] {processor.py:208} INFO - Processing /home/airflow/.local/lib/python3.12/site-packages/airflow/example_dags/example_dynamic_task_mapping_with_no_taskflow_operators.py took 0.063 seconds
[2026-07-01T09:43:27.502+0000] {processor.py:186} INFO - Started process (PID=3702) to work on /home/airflow/.local/lib/python3.12/site-packages/airflow/example_dags/example_dynamic_task_mapping_with_no_taskflow_operators.py
[2026-07-01T09:43:27.503+0000] {processor.py:914} INFO - Processing file /home/airflow/.local/lib/python3.12/site-packages/airflow/example_dags/example_dynamic_task_mapping_with_no_taskflow_operators.py for tasks to queue
[2026-07-01T09:43:27.505+0000] {logging_mixin.py:190} INFO - [2026-07-01T09:43:27.504+0000] {dagbag.py:587} INFO - Filling up the DagBag from /home/airflow/.local/lib/python3.12/site-packages/airflow/example_dags/example_dynamic_task_mapping_with_no_taskflow_operators.py
[2026-07-01T09:43:27.511+0000] {processor.py:925} INFO - DAG(s) 'example_dynamic_task_mapping_with_no_taskflow_operators' retrieved from /home/airflow/.local/lib/python3.12/site-packages/airflow/example_dags/example_dynamic_task_mapping_with_no_taskflow_operators.py
[2026-07-01T09:43:27.527+0000] {logging_mixin.py:190} INFO - [2026-07-01T09:43:27.527+0000] {dag.py:3211} INFO - Sync 1 DAGs
[2026-07-01T09:43:27.541+0000] {logging_mixin.py:190} INFO - [2026-07-01T09:43:27.541+0000] {dag.py:4138} INFO - Setting next_dagrun for example_dynamic_task_mapping_with_no_taskflow_operators to 2026-06-30 00:00:00+00:00, run_after=2026-07-01 00:00:00+00:00
[2026-07-01T09:43:27.553+0000] {processor.py:208} INFO - Processing /home/airflow/.local/lib/python3.12/site-packages/airflow/example_dags/example_dynamic_task_mapping_with_no_taskflow_operators.py took 0.055 seconds
[2026-07-01T09:43:57.867+0000] {processor.py:186} INFO - Started process (PID=3764) to work on /home/airflow/.local/lib/python3.12/site-packages/airflow/example_dags/example_dynamic_task_mapping_with_no_taskflow_operators.py
[2026-07-01T09:43:57.868+0000] {processor.py:914} INFO - Processing file /home/airflow/.local/lib/python3.12/site-packages/airflow/example_dags/example_dynamic_task_mapping_with_no_taskflow_operators.py for tasks to queue
[2026-07-01T09:43:57.870+0000] {logging_mixin.py:190} INFO - [2026-07-01T09:43:57.870+0000] {dagbag.py:587} INFO - Filling up the DagBag from /home/airflow/.local/lib/python3.12/site-packages/airflow/example_dags/example_dynamic_task_mapping_with_no_taskflow_operators.py
[2026-07-01T09:43:57.877+0000] {processor.py:925} INFO - DAG(s) 'example_dynamic_task_mapping_with_no_taskflow_operators' retrieved from /home/airflow/.local/lib/python3.12/site-packages/airflow/example_dags/example_dynamic_task_mapping_with_no_taskflow_operators.py
[2026-07-01T09:43:57.894+0000] {logging_mixin.py:190} INFO - [2026-07-01T09:43:57.893+0000] {dag.py:3211} INFO - Sync 1 DAGs
[2026-07-01T09:43:57.910+0000] {logging_mixin.py:190} INFO - [2026-07-01T09:43:57.910+0000] {dag.py:4138} INFO - Setting next_dagrun for example_dynamic_task_mapping_with_no_taskflow_operators to 2026-06-30 00:00:00+00:00, run_after=2026-07-01 00:00:00+00:00
[2026-07-01T09:43:57.924+0000] {processor.py:208} INFO - Processing /home/airflow/.local/lib/python3.12/site-packages/airflow/example_dags/example_dynamic_task_mapping_with_no_taskflow_operators.py took 0.062 seconds
[2026-07-01T09:44:28.083+0000] {processor.py:186} INFO - Started process (PID=3826) to work on /home/airflow/.local/lib/python3.12/site-packages/airflow/example_dags/example_dynamic_task_mapping_with_no_taskflow_operators.py
[2026-07-01T09:44:28.084+0000] {processor.py:914} INFO - Processing file /home/airflow/.local/lib/python3.12/site-packages/airflow/example_dags/example_dynamic_task_mapping_with_no_taskflow_operators.py for tasks to queue
[2026-07-01T09:44:28.087+0000] {logging_mixin.py:190} INFO - [2026-07-01T09:44:28.087+0000] {dagbag.py:587} INFO - Filling up the DagBag from /home/airflow/.local/lib/python3.12/site-packages/airflow/example_dags/example_dynamic_task_mapping_with_no_taskflow_operators.py
[2026-07-01T09:44:28.098+0000] {processor.py:925} INFO - DAG(s) 'example_dynamic_task_mapping_with_no_taskflow_operators' retrieved from /home/airflow/.local/lib/python3.12/site-packages/airflow/example_dags/example_dynamic_task_mapping_with_no_taskflow_operators.py
[2026-07-01T09:44:28.120+0000] {logging_mixin.py:190} INFO - [2026-07-01T09:44:28.119+0000] {dag.py:3211} INFO - Sync 1 DAGs
[2026-07-01T09:44:28.142+0000] {logging_mixin.py:190} INFO - [2026-07-01T09:44:28.142+0000] {dag.py:4138} INFO - Setting next_dagrun for example_dynamic_task_mapping_with_no_taskflow_operators to 2026-06-30 00:00:00+00:00, run_after=2026-07-01 00:00:00+00:00
[2026-07-01T09:44:28.159+0000] {processor.py:208} INFO - Processing /home/airflow/.local/lib/python3.12/site-packages/airflow/example_dags/example_dynamic_task_mapping_with_no_taskflow_operators.py took 0.083 seconds
[2026-07-01T09:44:58.558+0000] {processor.py:186} INFO - Started process (PID=3888) to work on /home/airflow/.local/lib/python3.12/site-packages/airflow/example_dags/example_dynamic_task_mapping_with_no_taskflow_operators.py
[2026-07-01T09:44:58.560+0000] {processor.py:914} INFO - Processing file /home/airflow/.local/lib/python3.12/site-packages/airflow/example_dags/example_dynamic_task_mapping_with_no_taskflow_operators.py for tasks to queue
[2026-07-01T09:44:58.563+0000] {logging_mixin.py:190} INFO - [2026-07-01T09:44:58.563+0000] {dagbag.py:587} INFO - Filling up the DagBag from /home/airflow/.local/lib/python3.12/site-packages/airflow/example_dags/example_dynamic_task_mapping_with_no_taskflow_operators.py
[2026-07-01T09:44:58.575+0000] {processor.py:925} INFO - DAG(s) 'example_dynamic_task_mapping_with_no_taskflow_operators' retrieved from /home/airflow/.local/lib/python3.12/site-packages/airflow/example_dags/example_dynamic_task_mapping_with_no_taskflow_operators.py
[2026-07-01T09:44:58.600+0000] {logging_mixin.py:190} INFO - [2026-07-01T09:44:58.599+0000] {dag.py:3211} INFO - Sync 1 DAGs
[2026-07-01T09:44:58.631+0000] {logging_mixin.py:190} INFO - [2026-07-01T09:44:58.631+0000] {dag.py:4138} INFO - Setting next_dagrun for example_dynamic_task_mapping_with_no_taskflow_operators to 2026-06-30 00:00:00+00:00, run_after=2026-07-01 00:00:00+00:00
[2026-07-01T09:44:58.659+0000] {processor.py:208} INFO - Processing /home/airflow/.local/lib/python3.12/site-packages/airflow/example_dags/example_dynamic_task_mapping_with_no_taskflow_operators.py took 0.108 seconds
[2026-07-01T09:45:28.901+0000] {processor.py:186} INFO - Started process (PID=3950) to work on /home/airflow/.local/lib/python3.12/site-packages/airflow/example_dags/example_dynamic_task_mapping_with_no_taskflow_operators.py
[2026-07-01T09:45:28.904+0000] {processor.py:914} INFO - Processing file /home/airflow/.local/lib/python3.12/site-packages/airflow/example_dags/example_dynamic_task_mapping_with_no_taskflow_operators.py for tasks to queue
[2026-07-01T09:45:28.906+0000] {logging_mixin.py:190} INFO - [2026-07-01T09:45:28.905+0000] {dagbag.py:587} INFO - Filling up the DagBag from /home/airflow/.local/lib/python3.12/site-packages/airflow/example_dags/example_dynamic_task_mapping_with_no_taskflow_operators.py
[2026-07-01T09:45:28.912+0000] {processor.py:925} INFO - DAG(s) 'example_dynamic_task_mapping_with_no_taskflow_operators' retrieved from /home/airflow/.local/lib/python3.12/site-packages/airflow/example_dags/example_dynamic_task_mapping_with_no_taskflow_operators.py
[2026-07-01T09:45:28.926+0000] {logging_mixin.py:190} INFO - [2026-07-01T09:45:28.926+0000] {dag.py:3211} INFO - Sync 1 DAGs
[2026-07-01T09:45:28.941+0000] {logging_mixin.py:190} INFO - [2026-07-01T09:45:28.941+0000] {dag.py:4138} INFO - Setting next_dagrun for example_dynamic_task_mapping_with_no_taskflow_operators to 2026-06-30 00:00:00+00:00, run_after=2026-07-01 00:00:00+00:00
[2026-07-01T09:45:28.954+0000] {processor.py:208} INFO - Processing /home/airflow/.local/lib/python3.12/site-packages/airflow/example_dags/example_dynamic_task_mapping_with_no_taskflow_operators.py took 0.058 seconds
